	V1	V2	V3	V4	V5	V6	V7	V8	V9	V10	V11	V12	V13	V14	V15	V16	V17	V18	V19	V20	V21	V22	V23	V24	V25	V26	V27	V28	V29	V30	V31	V32	V33	V34	V35	V36	V37	V38	V39	V40	V41	V42	V43	V44	V45	V46	V47	V48	V49	V50	V51	V52	V53	V54	V55	V56	V57	V58	V59	V60	V61	V62	V63	V64	V65	V66	V67	V68	V69	V70	V71	V72	V73	V74	V75	V76	V77	V78	V79	V80	V81	V82	V83	V84	CDS_76466173	CDS_76466174	CDS_76466175	CDS_76466176	CDS_76466177	CDS_76466178	CDS_76466179	CDS_76466180	CDS_76466181	CDS_76466182	CDS_76466183	CDS_76466184	CDS_76466185	CDS_76466186	CDS_76466187	CDS_76466188	CDS_76466189	CDS_76466190	CDS_76466191	CDS_76466192	CDS_76466193	CDS_76466194	CDS_76466195	V108	V109	V110	V111	V112	V113	V114	V115	CDS_76466196	CDS_76466197	CDS_76466198	CDS_76466199	CDS_76466200	CDS_76466201	CDS_76466202	CDS_76466203	CDS_76466204	CDS_76466205	CDS_76466206	CDS_76466207	CDS_76466208	CDS_76466209	CDS_76466210	CDS_76466211	CDS_76466212	CDS_76466213	CDS_76466214	CDS_76466215	CDS_76466216	CDS_76466217	CDS_76466218	CDS_76466219	CDS_76466220	CDS_76466221	CDS_76466222	CDS_76466223	CDS_76466224	CDS_76466225	CDS_76466226	V147	V148	V149	CDS_76466227	CDS_76466228	CDS_76466229	CDS_76466230	V154	V155	V156	V157	V158	V159	V160	V161	V162	V163	V164	V165	V166	V167	V168	V169	V170	V171	V172	V173	V174	V175	V176	V177	V178	V179	V180	V181	V182	V183	V184	V185	V186	V187	V188	V189	V190	V191	V192	V193	V194	V195	V196	V197	V198	V199	V200	V201	V202	V203	V204	V205	V206	V207	V208	V209	V210	V211	V212	V213	V214	V215	V216	V217	V218	V219	V220	V221	V222	V223	V224	V225	V226	V227	V228	V229	V230	V231	V232	V233	V234	V235	V236	V237	V238	V239	V240	V241	V242	V243	V244	V245	V246	V247	V248	V249	V250	V251	V252	V253	V254	V255	V256	V257	V258	V259	V260	V261	V262	V263	V264	V265	V266	V267	V268	V269	V270	V271	V272	V273	V274	V275	V276	V277	V278	V279	V280	V281	V282	V283	V284	V285	V286	V287	V288	V289	V290	V291	V292	V293	V294	V295	V296	V297	V298	V299	V300	V301	V302	V303	V304	V305	V306	V307	V308	V309	V310	V311	V312	V313	V314	V315	V316	V317	V318	V319	V320	V321	V322	V323	V324	V325	V326	V327	V328	V329	V330	V331	V332	V333	V334	V335	V336	V337	V338	V339	V340	V341	V342	V343	V344	V345	V346	V347	V348	V349	V350	V351	V352	V353	V354	V355	V356	V357	V358	V359	V360	V361	V362	V363	V364	V365	V366	V367	V368	V369	V370	V371	V372	V373	V374	V375	V376	V377	V378	V379	V380	V381	V382	V383	V384	V385	V386	V387	V388	V389	V390	V391	V392	V393	V394	V395	V396	V397	V398	V399	V400	V401	V402	V403	V404	V405	V406	V407	V408	V409	V410	V411	V412	CDS_76466231	CDS_76466232	CDS_76468672	CDS_76468673	CDS_76468674	CDS_76468675	CDS_76468676	CDS_76468677	CDS_76468678	CDS_76468679	CDS_76468680	CDS_76468681	CDS_76468682	CDS_76468683	CDS_76468684	CDS_76468685	CDS_76468686	CDS_76468687	CDS_76468688	CDS_76468689	CDS_76468690	CDS_76468691	CDS_76468692	CDS_76468693	CDS_76468694	V438	V439	V440	CDS_76468695	CDS_76468696	CDS_76468697	CDS_76468698	CDS_76468699	CDS_76468700	CDS_76468701	CDS_76468702	CDS_76468703	CDS_76468704	CDS_76468705	CDS_76468706	CDS_76468707	CDS_76468708	CDS_76468709	CDS_76468710	CDS_76468711	CDS_76468712	CDS_76468713	CDS_76468714	CDS_76468715	CDS_76468716	CDS_76468717	CDS_76468718	V465	V466	V467	CDS_76468719	CDS_76468720	CDS_76468721	CDS_76468722	CDS_76468723	CDS_76468724	CDS_76468725	CDS_76468726	CDS_76468727	CDS_76468728	CDS_76468729	CDS_76468730	CDS_76468731	CDS_76468732	CDS_76468733	CDS_76468734	CDS_76468735	CDS_76468736	CDS_76468737	CDS_76468738	CDS_76468739	CDS_76468740	CDS_76468741	CDS_76468742	CDS_76468743	CDS_76468744	CDS_76468745	CDS_76468746	CDS_76468747	CDS_76468748	CDS_76468749	CDS_76468750	CDS_76468751	CDS_76468752	CDS_76468753	CDS_76468754	CDS_76468755	CDS_76468756	CDS_76468757	CDS_76468758	V508	V509	V510	CDS_76468759	CDS_76468760	CDS_76468761	CDS_76468762	CDS_76468763	CDS_76468764	V517	V518	V519	CDS_76468765	CDS_76468766	CDS_76468767	CDS_76468768	CDS_76468769	CDS_76468770	CDS_76468771	CDS_76468772	CDS_76468773	CDS_76468774	CDS_76468775	V531	V532	CDS_76468776	CDS_76468777	CDS_76468778	CDS_76468779	CDS_76468780	CDS_76468781	CDS_76468782	CDS_76468783	CDS_76468784	CDS_76468785	CDS_76468786	CDS_76468787	CDS_76468788	CDS_76468789	CDS_76468790	CDS_76468791	CDS_76468792	CDS_76468793	CDS_76468794	CDS_76468795	CDS_76468796	CDS_76468797	CDS_76468798	CDS_76468799	CDS_76468800	CDS_76468801	CDS_76468802	CDS_76468803	CDS_76468804	CDS_76468805	CDS_76468806	CDS_76468807	CDS_76468808	CDS_76468809	CDS_76468810	CDS_76468811	CDS_76468812	CDS_76468813	CDS_76468814	CDS_76468815	V573	CDS_76468816	CDS_76468817	CDS_76468818	CDS_76468819	CDS_76468820	CDS_76468821	CDS_76468822	CDS_76468823	CDS_76468824	CDS_76468825	CDS_76468826	CDS_76468827	CDS_76468828	CDS_76468829	CDS_76468830	CDS_76468831	CDS_76468832	CDS_76468833	CDS_76468834	CDS_76468835	CDS_76468836	CDS_76468837	CDS_76468838	CDS_76468839	CDS_76468840	CDS_76468841	CDS_76468842	CDS_76468843	CDS_76468844	CDS_76468845	CDS_76468846	CDS_76468847	CDS_76468848	CDS_76468849	CDS_76468850	CDS_76468851	CDS_76468852	CDS_76468853	CDS_76468854	CDS_76468855	CDS_76468856	CDS_76468857	CDS_76468858	CDS_76468859	CDS_76468860	CDS_76468861	CDS_76468862	CDS_76468863	CDS_76468864	CDS_76468865	CDS_76468866	CDS_76468867	CDS_76468868	CDS_76468869	CDS_76468870	CDS_76468871	CDS_76468872	CDS_76468873	CDS_76468874	CDS_76468875	CDS_76468876	CDS_76468877	CDS_76468878	CDS_76468879	CDS_76468880	CDS_76468881	CDS_76468882	CDS_76468883	CDS_76468884	CDS_76468885	CDS_76468886	CDS_76468887	CDS_76468888	CDS_76468889	CDS_76468890	CDS_76468891	CDS_76468892	CDS_76468893	CDS_76468894	CDS_76468895	CDS_76468896	CDS_76468897	CDS_76468898	CDS_76468899	CDS_76468900	CDS_76468901	CDS_76468902	CDS_76468903	CDS_76468904	CDS_76468905	CDS_76468906	V665	V666	V667	V668	V669	V670	CDS_76468907	CDS_76468908	CDS_76468909	CDS_76469173	CDS_76469174	CDS_76469175	CDS_76469176	CDS_76469177	CDS_76469178	CDS_76469179	CDS_76469180	CDS_76469181	CDS_76469182	CDS_76469183	CDS_76469184	CDS_76469185	CDS_76469186	CDS_76469187	CDS_76469188	CDS_76469189	CDS_76469190	CDS_76469191	CDS_76469192	CDS_76469193	CDS_76469194	CDS_76469195	CDS_76469196	CDS_76469197	CDS_76469198	CDS_76469199	CDS_76469200	CDS_76469201	CDS_76469202	CDS_76469203	CDS_76469204	CDS_76469205	CDS_76469206	CDS_76469207	CDS_76469208	CDS_76469209	CDS_76469210	CDS_76469211	CDS_76469212	CDS_76469213	CDS_76469214	CDS_76469215	CDS_76469216	CDS_76469217	CDS_76469218	CDS_76469219	CDS_76469220	CDS_76469221	CDS_76469222	CDS_76469223	CDS_76469224	CDS_76469225	CDS_76469226	CDS_76469227	CDS_76469228	CDS_76469229	CDS_76469230	CDS_76469231	CDS_76469232	CDS_76469233	CDS_76469234	CDS_76469235	CDS_76469236	CDS_76469237	CDS_76469238	CDS_76469239	CDS_76469240	CDS_76469241	CDS_76469242	CDS_76469243	CDS_76469244	CDS_76469245	CDS_76469246	CDS_76469247	CDS_76469248	CDS_76469249	CDS_76469250	CDS_76469251	CDS_76469252	CDS_76469253	CDS_76469254	CDS_76469255	CDS_76469256	CDS_76469257	CDS_76469258	CDS_76469259	CDS_76469260	CDS_76469261	CDS_76469262	CDS_76469263	CDS_76469264	CDS_76469265	CDS_76469266	CDS_76469267	CDS_76469268	CDS_76469269	CDS_76469270	CDS_76469271	CDS_76469272	CDS_76469273	CDS_76469274	CDS_76469275	CDS_76469276	CDS_76469277	CDS_76469278	CDS_76469279	CDS_76469280	CDS_76469281	CDS_76469282	CDS_76469283	CDS_76469284	CDS_76469285	CDS_76469286	CDS_76469287	CDS_76469288	CDS_76469289	CDS_76469290	CDS_76469291	CDS_76469292	CDS_76469293	CDS_76469294	CDS_76469295	CDS_76469296	CDS_76469297	CDS_76469298	CDS_76469299	CDS_76469300	CDS_76469301	CDS_76469302	CDS_76469303	CDS_76469304	CDS_76469305	CDS_76469306	CDS_76469307	CDS_76469308	CDS_76469309	CDS_76469310	CDS_76469311	CDS_76469312	CDS_76469313	CDS_76469314	CDS_76469315	CDS_76469316	CDS_76469317	CDS_76469318	CDS_76469319	CDS_76469320	CDS_76469321	CDS_76469322	CDS_76469323	CDS_76469324	CDS_76469325	CDS_76469326	CDS_76469327	CDS_76469665	CDS_76469666	CDS_76469667	CDS_76469668	CDS_76469669	CDS_76469670	CDS_76469671	CDS_76469672	CDS_76469673	CDS_76469674	CDS_76469675	CDS_76469676	CDS_76469677	CDS_76469678	CDS_76469679	CDS_76469680	CDS_76469681	CDS_76469682	CDS_76469683	CDS_76469684	CDS_76469685	CDS_76469686	CDS_76469687	CDS_76469688	CDS_76469689	CDS_76469690	CDS_76469691	CDS_76469692	CDS_76469693	CDS_76469694	CDS_76469695	CDS_76469696	CDS_76469697	CDS_76469698	CDS_76469699	CDS_76469700	CDS_76469701	CDS_76469702	CDS_76469703	CDS_76469704	CDS_76469705	CDS_76469706	CDS_76469707	CDS_76469708	CDS_76469709	CDS_76469710	CDS_76469711	CDS_76469712	CDS_76469713	CDS_76469714	CDS_76469715	V880	V881	V882	V883	V884	V885	CDS_76469716	CDS_76469717	CDS_76469718	CDS_76469719	CDS_76469720	CDS_76469721	CDS_76469722	CDS_76469723	CDS_76469724	CDS_76469725	CDS_76469726	CDS_76469727	CDS_76469728	CDS_76469729	CDS_76469730	CDS_76469731	CDS_76469732	CDS_76469733	CDS_76469734	CDS_76469735	CDS_76469736	CDS_76469737	CDS_76469738	CDS_76469739	V910	V911	V912	V913	V914	V915	CDS_76469740	CDS_76469741	CDS_76469742	CDS_76469743	CDS_76469744	CDS_76469745	CDS_76469746	CDS_76469747	CDS_76469748	CDS_76469749	CDS_76469750	CDS_76469751	CDS_76469752	CDS_76469753	CDS_76469754	CDS_76469755	CDS_76469756	CDS_76469757	CDS_76469758	CDS_76469759	CDS_76469760	CDS_76469761	CDS_76469762	CDS_76469763	CDS_76469764	CDS_76469765	CDS_76469766	CDS_76469767	CDS_76469768	CDS_76469769	CDS_76469770	CDS_76469771	CDS_76469772	CDS_76469773	CDS_76469774	CDS_76469775	CDS_76469776	CDS_76469777	CDS_76469778	CDS_76469779	CDS_76469780	CDS_76469781	CDS_76469782	CDS_76469783	CDS_76469784	CDS_76469785	CDS_76469786	CDS_76469787	CDS_76469788	CDS_76469789	CDS_76469790	CDS_76469791	CDS_76469792	CDS_76469793	CDS_76469794	CDS_76469795	CDS_76469796	CDS_76469797	CDS_76469798	CDS_76469799	CDS_76469800	CDS_76469801	CDS_76469802	CDS_76469803	CDS_76469804	CDS_76469805	CDS_76469806	CDS_76469807	CDS_76469808	CDS_76469809	CDS_76469810	CDS_76469811	CDS_76469812	V989	V990	V991	V992	V993	V994	V995	V996	V997	CDS_76469813	CDS_76469814	CDS_76469815	CDS_76469816	CDS_76469817	CDS_76469818	CDS_76469819	CDS_76469820	CDS_76469821	CDS_76469822	CDS_76469823	CDS_76469824	CDS_76469825	CDS_76469826	CDS_76469827	CDS_76469828	CDS_76469829	CDS_76469830	CDS_76469831	CDS_76469832	CDS_76469833	CDS_76469834	CDS_76469835	CDS_76469836	CDS_76469837	CDS_76469838	CDS_76469839	CDS_76469840	CDS_76469841	CDS_76469842	CDS_76469843	CDS_76469844	CDS_76469845	CDS_76469846	CDS_76469847	CDS_76469848	CDS_76469849	CDS_76469850	CDS_76469851	CDS_76469852	CDS_76469853	V1039	V1040	V1041	V1042	V1043	V1044	CDS_76469854	CDS_76469855	CDS_76469856	CDS_76469857	CDS_76469858	CDS_76469859	V1051	V1052	V1053	V1054	V1055	V1056	V1057	V1058	V1059	CDS_76469860	CDS_76469861	CDS_76469862	CDS_76469863	CDS_76469864	CDS_76469865	CDS_76469866	CDS_76469867	CDS_76469868	CDS_76469869	CDS_76469870	CDS_76469871	CDS_76469872	CDS_76469873	CDS_76469874	CDS_76469875	CDS_76469876	CDS_76469877	CDS_76469878	CDS_76469879	CDS_76469880	CDS_76469881	CDS_76469882	CDS_76469883	CDS_76469884	CDS_76469885	CDS_76469886	CDS_76469887	CDS_76469888	CDS_76469889	CDS_76469890	CDS_76469891	CDS_76469892	CDS_76469893	CDS_76469894	CDS_76469895	CDS_76469896	CDS_76469897	CDS_76469898	CDS_76469899	CDS_76469900	CDS_76469901	CDS_76469902	CDS_76469903	CDS_76469904	CDS_76469905	CDS_76469906	CDS_76469907	CDS_76469908	CDS_76469909	CDS_76469910	CDS_76469911	CDS_76469912	CDS_76469913	CDS_76469914	CDS_76469915	CDS_76469916	CDS_76469917	CDS_76469918	CDS_76469919	CDS_76469920	CDS_76469921	CDS_76469922	CDS_76469923	CDS_76469924	CDS_76469925	CDS_76469926	CDS_76469927	CDS_76469928	CDS_76469929	CDS_76469930	CDS_76469931	CDS_76469932	CDS_76469933	CDS_76469934	CDS_76469935	CDS_76469936	CDS_76469937	CDS_76469938	CDS_76469939	CDS_76469940	V1141	V1142	V1143	V1144	V1145	V1146	V1147	V1148	V1149	V1150	V1151	V1152	V1153	V1154	V1155	V1156	V1157	V1158	V1159	V1160	V1161	V1162	V1163	V1164	V1165	V1166	V1167	V1168	V1169	V1170	V1171	V1172	V1173	V1174	V1175	V1176	V1177	V1178	V1179	V1180	V1181	V1182	V1183	V1184	V1185	V1186	V1187	V1188	V1189	V1190	V1191	V1192	V1193	V1194	V1195	V1196	V1197	V1198	V1199	V1200	V1201	V1202	V1203	V1204	V1205	V1206	V1207	V1208	V1209	V1210	V1211	V1212	V1213	V1214	V1215	V1216	V1217	V1218	V1219	V1220	V1221	V1222	V1223	V1224	V1225	V1226	V1227	V1228	V1229	V1230	V1231	V1232	V1233	V1234	V1235	V1236	V1237	V1238	V1239	V1240	V1241	V1242	V1243	V1244	V1245	V1246	V1247	V1248	V1249	V1250	V1251	V1252	V1253	V1254	V1255	V1256	V1257	V1258	V1259	V1260	V1261	V1262	V1263	V1264	V1265	V1266	V1267	V1268	V1269	V1270	V1271	V1272	V1273	V1274	V1275	V1276	V1277	V1278	V1279	CDS_76469941	CDS_76469942	CDS_76469943	CDS_76469944	CDS_76469945	CDS_76469946	V1286	V1287	CDS_76469947	CDS_76469948	CDS_76469949	CDS_76469950	CDS_76469951	CDS_76469952	CDS_76469953	CDS_76469954	CDS_76469955	CDS_76469956	CDS_76469957	CDS_76469958	CDS_76469959	CDS_76469960	CDS_76469961	CDS_76469962	CDS_76469963	CDS_76469964	CDS_76469965	CDS_76469966	CDS_76469967	CDS_76469968	CDS_76469969	CDS_76469970	V1312	V1313	V1314	V1315	V1316	V1317	V1318	V1319	V1320	V1321	V1322	V1323	V1324	V1325	V1326	V1327	V1328	V1329	V1330	V1331	V1332	V1333	V1334	V1335	V1336	V1337	V1338	phylum	class	order	family	genus	Total_sleep	REM	NREM	phase_of_sleep	activity_pattern	body_mass	brain_mass	gestation	NREM_ratio	REM_ratio	weight_ratio
poecilia_reticulata	-	-	-	-	-	-	-	-	-	-	-	-	-	-	-	-	-	-	-	-	-	-	-	-	-	-	-	-	-	-	-	-	-	-	-	-	-	-	-	-	-	-	-	-	-	-	-	-	-	-	-	-	-	-	-	-	-	-	-	-	-	-	-	-	-	-	-	-	-	-	-	-	-	-	-	-	-	-	-	-	-	-	-	-	-	-	-	-	-	-	-	-	-	-	-	-	-	-	-	-	-	-	-	-	-	-	-	-	-	-	-	-	-	-	-	-	-	-	-	-	-	-	-	-	-	-	-	-	-	-	-	-	-	-	-	-	-	-	-	-	-	-	-	-	-	-	-	-	-	-	-	-	-	-	-	-	-	-	-	-	-	-	-	-	-	-	-	-	-	-	-	-	-	-	-	-	-	-	-	-	-	-	-	-	-	-	-	-	-	-	-	-	-	-	-	-	-	-	-	-	-	-	-	-	-	-	-	-	-	-	-	-	-	-	-	-	-	-	-	-	-	-	-	-	-	-	-	-	-	-	-	-	-	-	-	-	-	-	-	-	-	-	-	-	-	-	-	-	-	-	-	-	-	-	-	-	-	-	-	-	-	-	-	-	-	-	-	-	-	-	-	-	-	-	-	-	-	-	-	-	-	-	-	-	-	-	-	-	-	-	-	-	-	-	-	-	-	-	-	-	-	-	-	-	-	-	-	-	-	-	-	-	-	-	-	-	-	-	-	-	-	-	-	-	-	-	-	-	-	-	-	-	-	-	-	-	-	-	-	-	-	-	-	-	-	-	-	-	-	-	-	-	-	-	-	-	-	-	-	-	-	-	-	-	-	-	-	-	-	-	-	-	-	-	-	-	-	-	-	-	-	-	-	-	-	-	-	-	-	-	-	-	-	-	-	-	-	-	-	-	-	-	-	-	-	-	-	-	-	-	-	-	-	-	-	-	-	-	-	-	-	-	-	-	-	-	-	-	-	-	-	-	-	-	-	-	-	-	-	-	-	-	-	-	-	-	-	-	-	-	-	-	-	A	T	G	A	T	A	G	T	A	T	A	T	C	A	C	T	G	T	G	A	A	G	C	T	G	C	T	C	T	T	C	A	C	G	A	G	G	G	T	A	A	C	A	T	G	A	C	A	A	A	G	C	A	G	G	T	G	A	G	C	G	G	T	T	C	G	C	C	T	T	T	C	C	T	G	A	A	-	-	G	C	C	C	T	T	C	T	T	C	C	T	G	A	A	G	A	C	G	C	C	C	G	T	C	A	G	A	G	T	-	-	-	-	G	G	T	C	A	C	C	C	C	T	C	G	G	C	A	G	C	A	G	A	G	A	C	G	G	C	A	C	A	C	G	C	T	C	C	C	C	G	C	C	A	G	C	G	A	G	T	T	C	A	G	A	A	A	T	C	T	C	A	C	C	C	C	A	C	A	G	G	A	T	G	C	A	A	T	C	A	G	Y	G	T	G	T	T	C	G	A	A	A	T	A	G	A	A	A	G	A	G	-	-	-	-	-	-	A	A	G	C	A	T	T	C	G	T	G	T	C	C	G	T	C	T	C	T	G	G	C	G	A	G	T	G	C	C	C	A	C	T	C	A	C	G	C	T	G	A	A	T	G	A	G	G	T	G	C	T	T	A	A	T	T	T	T	C	T	G	G	G	T	C	A	G	T	G	C	C	C	C	G	A	G	C	T	G	T	C	T	C	T	G	G	G	T	T	G	G	T	T	T	G	A	G	G	A	G	G	G	G	C	A	G	T	T	G	G	T	A	G	C	C	T	T	C	A	T	C	A	T	T	G	G	C	T	C	C	G	G	C	T	G	G	C	A	C	A	A	G	G	A	A	A	G	G	C	T	T	T	C	A	C	A	G	G	A	G	G	C	C	A	T	G	A	C	C	C	A	G	C	A	C	G	T	T	C	C	A	G	A	C	A	C	G	C	C	T	A	C	C	G	T	G	C	A	C	A	T	C	C	A	C	G	T	G	-	-	-	-	-	-	C	T	G	T	C	G	G	T	G	C	A	C	C	G	C	C	A	C	T	G	T	C	G	A	-	-	-	-	-	-	C	A	G	C	A	A	G	G	C	A	A	G	G	G	A	T	C	C	A	T	C	C	T	G	C	T	G	T	G	G	C	G	C	T	A	C	C	T	G	C	A	G	T	A	C	C	T	G	C	G	G	T	G	C	A	T	G	C	C	G	G	G	C	C	T	C	C	G	C	A	G	A	G	-	-	-	-	-	-	-	-	-	C	G	C	T	G	C	T	C	A	T	C	T	G	C	G	A	G	G	A	C	T	T	C	C	T	G	G	T	G	C	C	C	T	T	C	T	A	C	C	T	A	-	-	-	-	-	-	A	A	G	G	C	C	-	-	-	-	-	-	-	-	-	G	G	C	T	T	C	A	A	G	C	A	G	A	A	A	G	G	G	C	C	C	T	C	G	G	A	A	A	T	C	T	C	C	G	T	G	T	C	C	A	A	C	A	T	G	C	A	G	T	T	C	C	A	G	G	A	G	A	T	G	G	A	G	T	A	C	A	T	G	C	T	G	A	A	C	G	G	G	C	A	G	-	-	-	-	-	-	-	-	-	-	-	-	-	-	-	-	-	-	-	-	-	-	-	-	-	-	-	-	-	-	-	-	-	-	-	-	-	-	-	-	-	-	-	-	-	-	-	-	-	-	-	-	-	-	-	-	-	-	-	-	-	-	-	-	-	-	-	-	-	-	-	-	-	-	-	-	-	-	-	-	-	-	-	-	-	-	-	-	-	-	-	-	-	-	-	-	-	-	-	-	-	-	-	-	-	-	-	-	-	-	-	-	-	-	-	-	-	-	-	-	-	-	-	-	-	-	-	-	-	-	-	-	-	-	-	-	-	-	-	G	T	G	T	A	C	-	-	G	C	A	C	G	A	C	G	G	A	A	C	A	G	C	G	G	C	T	G	C	T	A	G	-	-	-	-	-	-	-	-	-	-	-	-	-	-	-	-	-	-	-	-	-	-	-	-	-	-	-	Chordata	Actinopteri	Cyprinodontiformes	Poeciliidae	Poecilia	7										
danio_rerio	-	-	-	-	-	-	-	-	-	-	-	-	-	-	-	-	-	-	-	-	-	-	-	-	-	-	-	-	-	-	-	-	-	-	-	-	-	-	-	-	-	-	-	-	-	-	-	-	-	-	-	-	-	-	-	-	-	-	-	-	-	-	-	-	-	-	-	-	-	-	-	-	-	-	-	-	-	-	-	-	-	-	-	-	-	-	-	-	-	-	-	-	-	-	-	-	-	-	-	-	-	-	-	-	-	-	-	-	-	-	-	-	-	-	-	-	-	-	-	-	-	-	-	-	-	-	-	-	-	-	-	-	-	-	-	-	-	-	-	-	-	-	-	-	-	-	-	-	-	-	-	-	-	-	-	-	-	-	-	-	-	-	-	-	-	-	-	-	-	-	-	-	-	-	-	-	-	-	-	-	-	-	-	-	-	-	-	-	-	-	-	-	-	-	-	-	-	-	-	-	-	-	-	-	-	-	-	-	-	-	-	-	-	-	-	-	-	-	-	-	-	-	-	-	-	-	-	-	-	-	-	-	-	-	-	-	-	-	-	-	-	-	-	-	-	-	-	-	-	-	-	-	-	-	-	-	-	-	-	-	-	-	-	-	-	-	-	-	-	-	-	-	-	-	-	-	-	-	-	-	-	-	-	-	-	-	-	-	-	-	-	-	-	-	-	-	-	-	-	-	-	-	-	-	-	-	-	-	-	-	-	-	-	-	-	-	-	-	-	-	-	-	-	-	-	-	-	-	-	-	-	-	-	-	-	-	-	-	-	-	-	-	-	-	-	-	-	-	-	-	-	-	-	-	-	-	-	-	-	-	-	-	-	-	-	-	-	-	-	-	-	-	-	-	-	-	-	-	-	-	-	-	-	-	-	-	-	-	-	-	-	-	-	-	-	-	-	-	-	-	-	-	-	-	-	-	-	-	-	-	-	-	-	-	-	-	-	-	-	-	-	-	-	-	-	-	-	-	-	-	-	-	-	-	-	-	-	-	-	-	-	-	-	-	-	-	-	-	-	-	-	-	-	-	-	-	-	-	-	-	-	-	-	-	-	-	-	-	-	-	-	-	-	-	-	-	-	-	-	-	-	-	-	-	-	-	-	-	-	-	-	-	A	T	G	A	T	G	G	C	A	C	C	G	C	A	G	G	T	C	G	T	C	A	G	C	T	C	A	C	C	C	T	T	C	C	T	C	A	A	-	-	A	C	C	C	T	T	C	T	T	T	C	T	G	A	A	G	A	C	A	C	C	C	A	T	C	A	G	C	G	T	T	T	C	C	A	G	T	-	-	-	-	C	C	A	C	G	G	C	G	G	C	A	A	A	G	A	C	G	A	C	A	C	A	C	G	T	T	A	C	C	G	G	C	C	A	G	C	G	A	G	T	T	T	C	G	A	A	A	T	C	T	C	A	C	C	C	C	G	C	A	G	G	A	C	G	C	C	A	T	C	A	G	T	G	T	G	T	T	T	G	A	G	A	T	C	G	A	G	A	G	A	G	-	-	-	-	-	-	A	A	G	C	G	T	T	T	A	T	C	T	C	G	G	T	G	T	C	T	G	G	T	G	A	A	T	G	T	C	C	T	C	T	A	A	C	C	C	T	T	G	A	T	G	A	G	G	T	A	C	T	T	G	T	T	T	T	C	C	T	G	G	G	C	C	A	G	T	G	T	C	C	T	G	A	G	C	T	G	T	C	C	A	T	G	G	G	C	T	G	G	T	T	C	G	A	A	G	A	G	G	G	G	C	A	G	C	T	G	G	T	G	G	C	C	T	T	C	A	T	C	A	T	T	G	G	A	T	C	T	G	G	C	T	G	G	G	A	T	A	A	A	G	A	G	A	A	A	C	T	A	G	A	A	C	A	G	G	A	G	G	C	T	A	T	G	A	G	C	A	C	A	C	A	C	G	T	G	C	C	G	G	A	C	T	C	T	C	C	A	A	C	A	G	T	T	C	A	C	A	T	C	C	A	C	G	T	G	-	-	-	-	-	-	T	T	G	T	C	C	G	T	G	C	A	C	C	G	C	C	A	C	T	G	T	C	G	G	-	-	-	-	-	-	C	A	G	C	A	G	G	G	C	A	A	A	G	G	C	T	C	C	A	T	C	T	T	A	T	T	G	T	G	G	C	G	T	T	A	C	C	T	C	C	A	G	T	A	C	C	T	G	C	G	C	T	G	T	C	T	G	C	C	T	G	G	T	C	T	G	C	G	G	C	G	G	G	-	-	-	-	-	-	-	-	-	C	A	T	T	G	C	T	G	G	T	C	T	G	C	G	A	A	G	A	G	T	T	T	C	T	G	G	T	G	C	C	C	T	T	C	T	A	C	C	A	G	-	-	-	-	-	-	A	A	A	G	C	C	-	-	-	-	-	-	-	-	-	G	G	C	T	T	T	A	A	G	G	A	A	A	A	G	G	G	C	C	C	A	T	C	G	G	C	C	A	T	C	T	C	T	G	T	G	G	C	G	G	C	T	T	T	G	A	C	C	T	T	C	A	C	A	G	A	G	A	T	G	G	A	G	T	A	T	C	A	G	C	T	C	G	G	A	G	G	C	C	T	G	-	-	-	-	-	-	-	-	-	-	-	-	-	-	-	-	-	-	-	-	-	-	-	-	-	-	-	-	-	-	-	-	-	-	-	-	-	-	-	-	-	-	-	-	-	-	-	-	-	-	-	-	-	-	-	-	-	-	-	-	-	-	-	-	-	-	-	-	-	-	-	-	-	-	-	-	-	-	-	-	-	-	-	-	-	-	-	-	-	-	-	-	-	-	-	-	-	-	-	-	-	-	-	-	-	-	-	-	-	-	-	-	-	-	-	-	-	-	-	-	-	-	-	-	-	-	-	-	-	-	-	-	-	-	-	-	-	-	-	G	C	T	T	A	T	-	-	G	C	A	C	G	A	C	G	A	A	A	C	A	G	C	G	G	A	T	G	T	T	A	G	-	-	-	-	-	-	-	-	-	-	-	-	-	-	-	-	-	-	-	-	-	-	-	-	-	-	-	Chordata	Actinopteri	Cypriniformes	Danionidae	Danio	10			Biphasic	diurnal						
monodelphis_domestica	-	-	-	-	-	-	-	-	-	-	-	-	-	-	-	-	-	-	-	-	-	-	-	-	-	-	-	-	-	-	-	-	-	-	-	-	-	-	-	-	-	-	-	-	-	-	-	-	-	-	-	-	-	-	-	-	-	-	-	-	-	-	-	-	-	-	-	-	-	-	-	-	-	-	-	-	-	-	-	-	-	-	-	-	-	-	-	-	-	-	-	-	-	-	-	-	-	-	-	-	-	-	-	-	-	-	-	-	-	-	-	-	-	-	-	-	-	-	-	-	-	-	-	-	-	-	-	-	-	-	-	-	-	-	-	-	-	-	-	-	-	-	-	-	-	-	-	-	-	-	-	-	-	-	-	-	-	-	-	-	-	-	-	-	-	-	-	-	-	-	-	-	-	-	-	-	-	-	-	-	-	-	-	-	-	-	-	-	-	-	-	-	-	-	-	-	-	-	-	-	-	-	-	-	-	-	-	-	-	-	-	-	-	-	-	-	-	-	-	-	-	-	-	-	-	-	-	-	-	-	-	-	-	-	-	-	-	-	-	-	-	-	-	-	-	-	-	-	-	-	-	-	-	-	-	-	-	-	-	-	-	-	-	-	-	-	-	-	-	-	-	-	-	-	-	-	-	-	-	-	-	-	-	-	-	-	-	-	-	-	-	-	-	-	-	-	-	-	-	-	-	-	-	-	-	-	-	-	-	-	-	-	-	-	-	-	-	-	-	-	-	-	-	-	-	-	-	-	-	-	-	-	-	-	-	-	-	-	-	-	-	-	-	-	-	-	-	-	-	-	-	-	-	-	-	-	-	-	-	-	-	-	-	-	-	-	-	-	-	-	-	-	-	-	-	-	-	-	-	-	-	-	-	-	-	-	-	-	-	-	-	-	-	-	-	-	-	-	-	-	-	-	-	-	-	-	-	-	-	-	-	-	-	-	-	-	-	-	-	-	-	-	-	-	-	-	-	-	-	-	-	-	-	-	-	-	-	-	-	-	-	-	-	-	-	-	-	-	-	-	-	-	-	C	C	G	G	A	-	-	-	-	-	-	-	-	-	-	-	-	-	-	-	-	-	-	-	-	-	-	-	-	-	A	A	A	T	C	A	A	-	-	A	G	G	T	T	G	T	A	T	C	C	T	C	T	G	-	-	-	A	T	T	C	C	T	-	-	-	-	-	-	-	-	-	-	-	-	-	-	-	-	-	C	C	C	A	G	A	A	T	C	T	T	G	A	G	C	C	C	A	G	C	C	T	G	G	G	G	A	C	T	G	G	C	A	G	G	C	T	C	C	-	C	C	T	A	G	C	C	G	C	C	A	G	C	G	C	C	G	T	C	A	C	A	C	T	C	T	C	C	C	A	G	C	C	A	G	T	G	A	G	T	T	C	C	G	A	T	G	T	C	T	C	T	C	C	C	C	A	G	A	A	G	A	T	G	C	C	A	T	C	G	G	T	G	T	G	T	T	T	G	A	G	A	T	T	G	A	G	C	G	A	G	-	-	-	-	-	-	A	A	G	C	T	T	T	T	A	T	C	T	C	C	G	T	C	T	C	A	G	G	A	A	A	C	T	G	T	C	C	C	T	T	G	T	A	C	A	T	G	G	A	T	G	A	G	A	T	C	C	G	G	T	A	C	T	T	C	C	T	G	A	C	C	C	T	G	T	G	C	C	C	A	G	A	G	A	T	G	T	C	C	C	T	G	G	G	C	T	G	G	T	T	T	G	A	G	G	A	A	G	G	T	C	G	G	C	T	T	G	T	A	G	C	T	T	T	C	A	T	C	A	T	T	G	G	C	T	C	C	C	T	C	T	G	G	G	A	C	C	A	G	G	A	C	A	G	A	C	T	G	A	C	T	C	A	G	G	A	G	T	C	T	T	T	G	A	C	A	T	T	A	C	A	C	C	G	G	C	C	C	G	G	G	G	G	C	C	A	C	A	C	T	G	C	C	C	A	C	A	T	T	C	A	T	G	T	G	-	-	-	-	-	-	C	T	T	G	C	A	G	T	A	C	A	C	C	A	C	A	C	C	T	T	T	C	G	C	-	-	-	-	-	-	C	A	G	C	A	A	G	G	C	A	A	G	G	G	T	T	C	C	A	T	C	T	T	G	T	T	G	T	G	G	C	G	T	T	A	C	C	T	G	C	A	G	C	A	T	C	T	G	T	G	T	T	G	C	C	A	G	T	C	A	T	C	T	G	T	T	C	G	T	C	G	G	G	-	-	-	-	-	-	-	-	-	C	T	G	C	G	C	T	T	A	T	G	T	G	T	G	A	A	G	A	C	T	T	C	C	T	G	G	T	G	T	C	C	T	T	C	T	A	T	G	A	G	-	-	-	-	-	-	A	A	A	T	G	T	-	-	-	-	-	-	-	-	-	G	G	C	T	T	C	C	G	G	A	C	A	G	T	G	G	G	T	C	C	A	T	G	T	G	C	C	G	T	C	A	G	T	G	T	G	G	G	C	A	C	C	T	T	G	T	C	C	T	T	C	A	C	T	G	A	A	C	T	C	C	A	G	T	G	C	C	C	G	G	T	G	C	A	A	G	G	T	C	G	C	-	-	-	-	-	-	-	-	-	-	-	-	-	-	-	-	-	-	-	-	-	-	-	-	-	-	-	-	-	-	-	-	-	-	-	-	-	-	-	-	-	-	-	-	-	-	-	-	-	-	-	-	-	-	-	-	-	-	-	-	-	-	-	-	-	-	-	-	-	-	-	-	-	-	-	-	-	-	-	-	-	-	-	-	-	-	-	-	-	-	-	-	-	-	-	-	-	-	-	-	-	-	-	-	-	-	-	-	-	-	-	-	-	-	-	-	-	-	-	-	-	-	-	-	-	-	-	-	-	-	-	-	-	-	-	-	-	-	-	G	C	C	T	T	C	-	-	C	T	T	C	G	A	A	G	A	A	A	T	A	G	T	G	G	T	T	G	C	T	G	A	-	-	-	-	-	-	-	-	-	-	-	-	-	-	-	-	-	-	-	-	-	-	-	-	-	-	-	Chordata	Mammalia	Didelphimorphia	Didelphidae	Monodelphis	19.4	5.65	13.75		nocturnal	4			0.708762886597938	0.291237113402062	
phascolarctos_cinereus	-	-	-	-	-	-	-	-	-	-	-	-	-	-	-	-	-	-	-	-	-	-	-	-	-	-	-	-	-	-	-	-	-	-	-	-	-	-	-	-	-	-	-	-	-	-	-	-	-	-	-	-	-	-	-	-	-	-	-	-	-	-	-	-	-	-	-	-	-	-	-	-	-	-	-	-	-	-	-	-	-	-	-	-	-	-	-	-	-	-	-	-	-	-	-	-	-	-	-	-	-	-	-	-	-	-	-	-	-	-	-	-	-	-	-	-	-	-	-	-	-	-	-	-	-	-	-	-	-	-	-	-	-	-	-	-	-	-	-	-	-	-	-	-	-	-	-	-	-	-	-	-	-	-	-	-	-	-	-	-	-	-	-	-	-	-	-	-	-	-	-	-	-	-	-	-	-	-	-	-	-	-	-	-	-	-	-	-	-	-	-	-	-	-	-	-	-	-	-	-	-	-	-	-	-	-	-	-	-	-	-	-	-	-	-	-	-	-	-	-	-	-	-	-	-	-	-	-	-	-	-	-	-	-	-	-	-	-	-	-	-	-	-	-	-	-	-	-	-	-	-	-	-	-	-	-	-	-	-	-	-	-	-	-	-	-	-	-	-	-	-	-	-	-	-	-	-	-	-	-	-	-	-	-	-	-	-	-	-	-	-	-	-	-	-	-	-	-	-	-	-	-	-	-	-	-	-	-	-	-	-	-	-	-	-	-	-	-	-	-	-	-	-	-	-	-	-	-	-	-	-	-	-	-	-	-	-	-	-	-	-	-	-	-	-	-	-	-	-	-	-	-	-	-	-	-	-	-	-	-	-	-	-	-	-	-	-	-	-	-	-	-	-	-	-	-	-	-	-	-	-	-	-	-	-	-	-	-	-	-	-	-	-	-	-	-	-	-	-	-	-	-	-	-	-	-	-	-	-	-	-	-	-	-	-	-	-	-	-	-	-	-	-	-	-	-	-	-	-	-	-	-	-	-	-	-	-	-	-	-	-	-	-	-	-	-	-	-	-	-	-	-	-	A	T	G	G	A	G	G	A	G	A	C	A	G	T	T	G	C	A	G	T	A	G	G	G	G	C	C	C	C	C	A	G	A	G	C	A	G	A	C	A	G	G	A	T	A	T	C	T	G	C	A	C	T	G	-	-	-	A	A	T	G	C	C	A	T	G	C	C	C	C	G	T	C	A	G	A	A	-	-	G	C	C	C	A	G	A	A	T	C	T	T	G	A	G	C	C	C	A	G	T	C	T	G	G	G	G	A	C	T	T	T	C	A	G	A	A	T	C	C	-	C	C	A	A	G	C	C	G	C	C	A	A	C	G	C	C	G	T	C	A	C	A	C	A	C	T	C	C	C	G	G	C	C	A	G	T	G	A	G	T	T	C	C	G	A	T	G	T	C	T	C	T	C	A	C	C	A	G	A	A	G	A	T	G	C	C	A	T	C	G	G	T	G	T	G	T	T	T	G	A	G	A	T	T	G	A	G	C	G	A	G	-	-	-	-	-	-	A	A	G	C	T	T	T	C	A	T	C	T	C	T	G	T	G	T	C	T	G	G	C	A	A	C	T	G	T	C	C	C	C	T	G	T	A	C	A	T	A	G	A	T	G	A	G	A	T	C	C	A	G	C	A	C	T	T	C	C	T	G	A	C	C	C	T	G	T	G	C	C	C	A	G	A	G	A	T	G	T	C	C	C	T	G	G	G	C	T	G	G	T	T	T	G	A	G	G	A	A	G	G	T	C	G	G	C	T	T	G	T	A	G	C	C	T	T	C	A	T	C	A	T	T	G	G	C	T	C	C	C	T	C	T	G	G	G	A	C	C	A	G	G	A	C	A	G	A	C	T	G	A	C	G	C	A	G	G	A	G	T	C	T	T	T	G	A	C	A	T	T	A	C	A	T	C	G	G	C	C	C	A	G	A	G	G	C	C	A	C	A	C	T	G	C	C	C	A	C	A	T	C	C	A	C	G	C	A	-	-	-	-	-	-	C	T	C	G	C	A	G	T	A	C	A	C	C	A	C	A	C	C	T	T	T	C	G	C	-	-	-	-	-	-	C	A	G	C	A	A	G	G	C	A	A	A	G	G	C	T	C	C	A	T	C	T	T	G	T	T	G	T	G	G	C	G	C	T	A	C	C	T	G	C	A	A	C	A	C	T	T	A	T	G	C	C	A	C	C	A	G	T	C	G	T	C	T	G	T	T	C	G	C	C	G	G	G	-	-	-	-	-	-	-	-	-	C	T	G	T	G	C	T	C	A	T	G	T	G	T	G	A	G	G	A	C	T	T	C	T	T	G	G	T	G	C	C	C	T	T	C	T	A	T	C	A	G	-	-	-	-	-	-	A	A	A	T	G	C	-	-	-	-	-	-	-	-	-	G	G	C	T	T	C	C	A	G	A	T	A	G	T	A	G	G	G	C	C	G	T	G	T	G	C	A	G	T	C	A	G	G	G	T	G	G	G	C	A	C	C	C	T	A	T	C	C	T	T	C	A	C	G	G	A	A	C	T	C	C	A	G	T	G	C	C	C	A	G	T	G	C	A	A	G	G	T	T	A	T	-	-	-	-	-	-	-	-	-	-	-	-	-	-	-	-	-	-	-	-	-	-	-	-	-	-	-	-	-	-	-	-	-	-	-	-	-	-	-	-	-	-	-	-	-	-	-	-	-	-	-	-	-	-	-	-	-	-	-	-	-	-	-	-	-	-	-	-	-	-	-	-	-	-	-	-	-	-	-	-	-	-	-	-	-	-	-	-	-	-	-	-	-	-	-	-	-	-	-	-	-	-	-	-	-	-	-	-	-	-	-	-	-	-	-	-	-	-	-	-	-	-	-	-	-	-	-	-	-	-	-	-	-	-	-	-	-	-	-	G	C	C	T	T	C	-	-	C	T	T	C	G	A	A	G	A	A	A	C	A	G	T	G	G	T	T	G	C	T	A	A	-	-	-	-	-	-	-	-	-	-	-	-	-	-	-	-	-	-	-	-	-	-	-	-	-	-	-	Chordata	Mammalia	Diprotodontia	Phascolarctidae	Phascolarctos	21.5				nocturnal						
salvator_merianae	-	-	-	-	-	-	-	-	-	-	-	-	-	-	-	-	-	-	-	-	-	-	-	-	-	-	-	-	-	-	-	-	-	-	-	-	-	-	-	-	-	-	-	-	-	-	-	-	-	-	-	-	-	-	-	-	-	-	-	-	-	-	-	-	-	-	-	-	-	-	-	-	-	-	-	-	-	-	-	-	-	-	-	-	-	-	-	-	-	-	-	-	-	-	-	-	-	-	-	-	-	-	-	-	-	-	-	-	-	-	-	-	-	-	-	-	-	-	-	-	-	-	-	-	-	-	-	-	-	-	-	-	-	-	-	-	-	-	-	-	-	-	-	-	-	-	-	-	-	-	-	-	-	-	-	-	-	-	-	-	-	-	-	-	-	-	-	-	-	-	-	-	-	-	-	-	-	-	-	-	-	-	-	-	-	-	-	-	-	-	-	-	-	-	-	-	-	-	-	-	-	-	-	-	-	-	-	-	-	-	-	-	-	-	-	-	-	-	-	-	-	-	-	-	-	-	-	-	-	-	-	-	-	-	-	-	-	-	-	-	-	-	-	-	-	-	-	-	-	-	-	-	-	-	-	-	-	-	-	-	-	-	-	-	-	-	-	-	-	-	-	-	-	-	-	-	-	-	-	-	-	-	-	-	-	-	-	-	-	-	-	-	-	-	-	-	-	-	-	-	-	-	-	-	-	-	-	-	-	-	-	-	-	-	-	-	-	-	-	-	-	-	-	-	-	-	-	-	-	-	-	-	-	-	-	-	-	-	-	-	-	-	-	-	-	-	-	-	-	-	-	-	-	-	-	-	-	-	-	-	-	-	-	-	-	-	-	-	-	-	-	-	-	-	-	-	-	-	-	-	-	-	-	-	-	-	-	-	-	-	-	-	-	-	-	-	-	-	-	-	-	-	-	-	-	-	-	-	-	-	-	-	-	-	-	-	-	-	-	-	-	-	-	-	-	-	-	-	-	-	-	-	-	-	-	-	-	-	-	-	-	-	-	-	-	-	-	-	-	-	-	-	-	-	-	-	-	-	-	-	-	-	-	-	-	-	-	-	-	-	-	-	-	-	-	-	-	-	-	-	-	-	-	-	-	-	-	-	-	-	-	-	-	-	-	A	T	G	T	C	T	G	T	G	A	T	C	-	-	-	A	G	T	G	C	C	C	T	G	C	C	G	T	T	T	C	T	T	A	A	-	-	A	C	C	T	G	T	T	C	A	T	C	T	C	A	G	A	C	C	T	T	C	A	-	-	-	-	-	-	-	-	-	-	C	G	G	A	G	C	T	C	C	C	C	T	G	G	A	C	G	C	C	A	G	C	G	C	C	G	G	C	A	T	A	C	G	C	T	T	C	C	T	G	C	T	A	G	T	G	A	A	T	T	T	C	G	C	T	G	T	C	T	C	A	C	T	C	C	T	G	A	G	G	A	T	G	C	C	A	T	T	A	G	T	G	T	G	T	T	T	G	A	A	A	T	T	G	A	G	A	G	A	G	-	-	-	-	-	-	A	A	G	C	A	T	T	C	A	T	T	T	C	A	G	T	G	T	C	A	G	G	A	G	A	C	T	G	C	C	C	T	C	T	C	C	A	C	C	T	T	G	A	T	G	A	G	A	T	C	C	G	T	C	A	T	T	T	T	C	T	G	A	A	T	C	T	G	T	G	T	C	C	A	G	A	G	C	T	G	T	C	G	C	T	T	G	G	C	T	G	G	T	T	T	G	A	A	G	A	A	G	G	C	C	G	A	C	T	A	G	T	T	G	C	T	T	T	C	A	T	T	A	T	T	G	G	C	T	C	T	C	T	C	T	G	G	G	A	T	G	A	G	G	A	A	A	G	A	C	T	T	A	G	C	C	A	G	G	A	T	G	C	T	C	T	G	A	T	G	C	T	G	C	A	C	A	A	A	C	C	T	C	A	T	G	G	T	A	G	C	A	C	C	G	T	C	C	A	C	A	T	C	C	A	T	G	T	T	-	-	-	-	-	-	C	T	T	G	C	A	G	T	G	C	A	C	T	G	T	A	C	C	T	T	C	C	G	C	-	-	-	-	-	-	C	A	A	C	A	A	G	G	C	A	A	A	G	G	C	T	C	C	A	T	T	T	T	G	A	T	G	T	G	G	C	G	C	T	A	T	T	T	G	C	A	G	T	A	T	T	T	G	T	C	C	T	G	C	C	T	G	C	C	C	T	A	C	G	T	G	C	G	T	C	G	A	G	-	-	-	-	-	-	-	-	-	C	G	A	C	A	C	T	G	A	T	G	T	G	C	G	A	G	G	A	C	T	T	C	C	T	C	G	T	T	C	C	C	T	T	T	T	A	C	T	C	T	-	-	-	-	-	-	A	A	G	T	G	T	-	-	-	-	-	-	-	-	-	G	G	C	T	T	T	A	A	A	G	T	G	C	T	G	G	G	C	C	C	C	T	G	T	C	A	A	A	T	A	A	C	T	G	T	G	G	G	T	T	C	A	C	T	G	C	A	G	T	T	C	A	C	T	G	A	G	A	T	G	G	A	C	T	A	T	G	C	T	G	T	T	C	G	A	G	G	T	C	A	T	-	-	-	-	-	-	-	-	-	-	-	-	-	-	-	-	-	-	-	-	-	-	-	-	-	-	-	-	-	-	-	-	-	-	-	-	-	-	-	-	-	-	-	-	-	-	-	-	-	-	-	-	-	-	-	-	-	-	-	-	-	-	-	-	-	-	-	-	-	-	-	-	-	-	-	-	-	-	-	-	-	-	-	-	-	-	-	-	-	-	-	-	-	-	-	-	-	-	-	-	-	-	-	-	-	-	-	-	-	-	-	-	-	-	-	-	-	-	-	-	-	-	-	-	-	-	-	-	-	-	-	-	-	-	-	-	-	-	-	G	C	C	T	T	C	-	-	A	T	G	C	G	C	A	G	G	A	A	C	A	G	T	G	G	C	T	G	C	T	G	A	-	-	-	-	-	-	-	-	-	-	-	-	-	-	-	-	-	-	-	-	-	-	-	-	-	-	-	Chordata	Lepidosauria	Squamata	Teiidae	Salvator	16			Monophasic	diurnal						
astyanax_mexicanus	-	-	-	-	-	-	-	-	-	-	-	-	-	-	-	-	-	-	-	-	-	-	-	-	-	-	-	-	-	-	-	-	-	-	-	-	-	-	-	-	-	-	-	-	-	-	-	-	-	-	-	-	-	-	-	-	-	-	-	-	-	-	-	-	-	-	-	-	-	-	-	-	-	-	-	-	-	-	-	-	-	-	-	-	-	-	-	-	-	-	-	-	-	-	-	-	-	-	-	-	-	-	-	-	-	-	-	-	-	-	-	-	-	-	-	-	-	-	-	-	-	-	-	-	-	-	-	-	-	-	-	-	-	-	-	-	-	-	-	-	-	-	-	-	-	-	-	-	-	-	-	-	-	-	-	-	-	-	-	-	-	-	-	-	-	-	-	-	-	-	-	-	-	-	-	-	-	-	-	-	-	-	-	-	-	-	-	-	-	-	-	-	-	-	-	-	-	-	-	-	-	-	-	-	-	-	-	-	-	-	-	-	-	-	-	-	-	-	-	-	-	-	-	-	-	-	-	-	-	-	-	-	-	-	-	-	-	-	-	-	-	-	-	-	-	-	-	-	-	-	-	-	-	-	-	-	-	-	-	-	-	-	-	-	-	-	-	-	-	-	-	-	-	-	-	-	-	-	-	-	-	-	-	-	-	-	-	-	-	-	-	-	-	-	-	-	-	-	-	-	-	-	-	-	-	-	-	-	-	-	-	-	-	-	-	-	-	-	-	-	-	-	-	-	-	-	-	-	-	-	-	-	-	-	-	-	-	-	-	-	-	-	-	-	-	-	-	-	-	-	-	-	-	-	-	-	-	-	-	-	-	-	-	-	-	-	-	-	-	-	-	-	-	-	-	-	-	-	-	-	-	-	-	-	-	-	-	-	-	-	-	-	-	-	-	-	-	-	-	-	-	-	-	-	-	-	-	-	-	-	-	-	-	-	-	-	-	-	-	-	-	-	-	-	-	-	-	-	-	-	-	-	-	-	-	-	-	-	-	-	-	-	-	-	-	-	-	-	-	-	-	-	-	-	-	-	-	-	-	-	-	-	-	-	-	-	-	-	-	-	-	-	-	-	-	-	-	A	T	G	A	G	T	G	T	A	T	C	G	G	G	G	A	T	G	A	T	G	G	C	C	C	A	G	C	A	A	G	T	C	A	G	C	A	G	C	T	C	T	C	C	C	T	T	C	C	T	G	A	A	-	-	G	C	C	C	T	T	T	T	A	C	C	T	G	A	A	G	A	C	G	C	C	C	A	T	C	A	G	C	G	T	A	T	C	C	A	G	C	C	C	C	C	T	C	C	G	G	-	-	-	-	C	A	G	C	G	G	C	G	G	C	A	C	A	C	C	C	T	G	C	C	C	G	C	C	A	G	C	G	A	G	T	T	C	C	G	C	A	A	C	C	T	C	A	C	G	C	C	G	C	A	G	G	A	C	G	C	C	A	T	C	A	G	C	G	T	G	T	T	C	G	A	G	A	T	C	G	A	G	A	G	G	G	-	-	-	-	-	-	A	A	G	C	T	T	T	T	A	T	C	T	C	A	G	T	G	T	C	T	G	G	A	G	A	G	T	G	C	C	C	G	C	T	G	A	C	G	C	T	G	G	A	C	G	A	G	G	T	G	C	T	G	A	G	C	T	T	T	T	T	A	A	G	C	C	A	G	T	G	T	C	C	C	G	A	G	C	T	C	T	C	C	A	T	G	G	G	C	T	G	G	T	T	T	G	A	G	G	G	G	G	G	G	C	A	G	C	T	G	G	T	G	G	C	C	T	T	C	A	T	C	A	T	A	G	G	A	T	C	A	G	G	C	T	G	G	G	A	C	A	A	G	G	A	G	A	G	A	C	T	G	G	C	A	C	A	G	G	A	G	G	C	C	A	T	G	A	C	C	C	T	C	C	A	C	G	T	G	C	C	G	G	A	T	T	C	G	C	C	C	A	C	C	G	T	C	C	A	C	A	T	C	C	A	C	G	T	C	-	-	-	-	-	-	C	T	G	T	C	G	G	T	G	C	A	C	C	G	G	C	A	C	T	G	C	C	G	G	-	-	-	-	-	-	C	A	G	C	A	G	G	G	G	A	A	G	G	G	C	T	C	C	A	T	C	C	T	G	C	T	G	T	G	G	C	G	T	T	A	C	C	T	G	C	A	G	T	A	C	C	T	G	C	G	G	T	G	T	T	T	G	C	C	G	G	G	C	C	T	G	C	G	C	C	G	G	G	-	-	-	-	-	-	-	-	-	C	G	C	T	G	C	T	T	A	T	C	T	G	C	G	A	G	G	A	G	T	T	C	C	T	C	G	T	C	C	C	T	T	T	C	T	A	C	G	A	A	-	-	-	-	-	-	A	A	A	T	C	C	-	-	-	-	-	-	-	-	-	G	G	C	T	T	C	A	A	G	G	A	G	A	A	A	G	G	A	G	A	C	T	C	G	G	C	C	A	T	C	T	C	G	A	T	C	G	G	C	A	C	T	C	T	T	C	G	C	T	T	C	C	G	G	G	A	G	A	T	G	G	A	G	T	A	C	C	T	G	C	T	G	G	G	T	G	G	G	C	T	G	-	-	-	-	-	-	-	-	-	-	-	-	-	-	-	-	-	-	-	-	-	-	-	-	-	-	-	-	-	-	-	-	-	-	-	-	-	-	-	-	-	-	-	-	-	-	-	-	-	-	-	-	-	-	-	-	-	-	-	-	-	-	-	-	-	-	-	-	-	-	-	-	-	-	-	-	-	-	-	-	-	-	-	-	-	-	-	-	-	-	-	-	-	-	-	-	-	-	-	-	-	-	-	-	-	-	-	-	-	-	-	-	-	-	-	-	-	-	-	-	-	-	-	-	-	-	-	-	-	-	-	-	-	-	-	-	-	-	-	G	C	G	T	A	C	-	-	G	C	C	C	G	G	C	G	C	A	A	C	A	G	T	G	G	C	T	G	T	T	A	A	-	-	-	-	-	-	-	-	-	-	-	-	-	-	-	-	-	-	-	-	-	-	-	-	-	-	-	Chordata	Actinopteri	Characiformes	Characidae	Astyanax	8										
terrapene_carolina_triunguis	-	-	-	-	-	-	-	-	-	-	-	-	-	-	-	-	-	-	-	-	-	-	-	-	-	-	-	-	-	-	-	-	-	-	-	-	-	-	-	-	-	-	-	-	-	-	-	-	-	-	-	-	-	-	-	-	-	-	-	-	-	-	-	-	-	-	-	-	-	-	-	-	-	-	-	-	-	-	-	-	-	-	-	-	-	-	-	-	-	-	-	-	-	-	-	-	-	-	-	-	-	-	-	-	-	-	-	-	-	-	-	-	-	-	-	-	-	-	-	-	-	-	-	-	-	-	-	-	-	-	-	-	-	-	-	-	-	-	-	-	-	-	-	-	-	-	-	-	-	-	-	-	-	-	-	-	-	-	-	-	-	-	-	-	-	-	-	-	-	-	-	-	-	-	-	-	-	-	-	-	-	-	-	-	-	-	-	-	-	-	-	-	-	-	-	-	-	-	-	-	-	-	-	-	-	-	-	-	-	-	-	-	-	-	-	-	-	-	-	-	-	-	-	-	-	-	-	-	-	-	-	-	-	-	-	-	-	-	-	-	-	-	-	-	-	-	-	-	-	-	-	-	-	-	-	-	-	-	-	-	-	-	-	-	-	-	-	-	-	-	-	-	-	-	-	-	-	-	-	-	-	-	-	-	-	-	-	-	-	-	-	-	-	-	-	-	-	-	-	-	-	-	-	-	-	-	-	-	-	-	-	-	-	-	-	-	-	-	-	-	-	-	-	-	-	-	-	-	-	-	-	-	-	-	-	-	-	-	-	-	-	-	-	-	-	-	-	-	-	-	-	-	-	-	-	-	-	-	-	-	-	-	-	-	-	-	-	-	-	-	-	-	-	-	-	-	-	-	-	-	-	-	-	-	-	-	-	-	-	-	-	-	-	-	-	-	-	-	-	-	-	-	-	-	-	-	-	-	-	-	-	-	-	-	-	-	-	-	-	-	-	-	-	-	-	-	-	-	-	-	-	-	-	-	-	-	-	-	-	-	-	-	-	-	-	-	-	-	-	-	-	-	-	-	-	-	-	-	-	-	-	-	-	-	-	-	-	-	-	-	-	-	-	-	-	-	-	-	-	-	-	-	-	-	-	-	-	-	-	-	-	-	-	-	-	A	T	G	T	C	C	G	T	G	A	T	C	-	-	-	A	G	C	G	C	C	T	T	G	C	C	T	T	T	C	C	T	G	A	A	-	-	G	C	C	C	A	T	T	C	A	C	C	T	G	A	G	G	C	C	T	C	C	G	-	-	-	-	-	-	-	-	-	-	C	G	G	A	G	C	T	C	G	C	C	C	G	G	A	C	G	C	C	A	A	C	G	C	C	G	C	C	A	C	A	C	G	C	T	T	C	C	C	G	C	C	A	G	C	G	A	G	T	T	C	C	G	G	T	G	C	C	T	C	A	C	T	C	C	C	G	A	G	G	A	T	G	C	A	A	T	C	A	G	C	G	T	A	T	T	T	G	A	G	A	T	T	G	A	G	A	G	A	G	-	-	-	-	-	-	A	A	G	C	A	T	T	T	A	T	C	T	C	C	G	T	T	T	C	G	G	G	C	G	A	C	T	G	C	C	C	C	C	T	T	C	A	C	C	T	G	G	A	T	G	A	G	A	T	C	C	G	C	C	A	C	T	T	T	C	T	G	A	A	C	C	T	G	T	G	C	C	C	T	G	A	G	C	T	G	T	C	G	C	T	T	G	G	C	T	G	G	T	T	T	G	A	A	G	A	A	G	G	C	C	G	A	C	T	G	G	T	G	G	C	T	T	T	C	A	T	T	A	T	A	G	G	A	T	C	C	C	T	T	T	G	G	G	A	C	C	A	A	G	A	A	A	A	A	C	T	C	A	G	C	C	A	G	G	A	C	G	C	A	C	T	G	A	C	T	C	T	G	C	A	C	A	A	G	C	C	C	G	G	T	G	G	C	A	C	C	A	C	C	G	T	G	C	A	C	A	T	C	C	A	C	G	C	G	-	-	-	-	-	-	C	T	G	G	C	C	G	T	G	C	A	C	C	G	C	A	C	C	T	T	C	C	G	C	-	-	-	-	-	-	C	A	G	C	A	G	G	G	C	A	A	G	G	G	C	T	C	C	A	T	C	C	T	G	A	T	G	T	G	G	C	G	C	T	A	C	C	T	G	C	A	G	T	A	C	C	T	C	C	G	C	T	G	C	C	T	G	C	C	C	T	A	C	G	T	G	C	G	G	C	G	G	G	-	-	-	-	-	-	-	-	-	C	C	G	T	G	C	T	G	A	T	G	T	G	C	G	A	G	G	A	C	T	T	C	C	T	C	A	T	C	C	C	C	T	T	C	T	A	C	C	G	G	-	-	-	-	-	-	A	A	G	T	G	C	-	-	-	-	-	-	-	-	-	G	G	C	T	T	C	A	A	G	G	T	G	C	G	G	G	G	C	C	C	C	T	G	C	G	A	G	G	T	C	A	C	C	G	T	G	G	G	C	T	C	G	C	T	G	G	C	G	T	T	C	G	T	C	G	A	G	A	T	G	C	A	G	T	A	C	C	C	C	G	T	G	C	G	C	G	G	C	C	A	C	-	-	-	-	-	-	-	-	-	-	-	-	-	-	-	-	-	-	-	-	-	-	-	-	-	-	-	-	-	-	-	-	-	-	-	-	-	-	-	-	-	-	-	-	-	-	-	-	-	-	-	-	-	-	-	-	-	-	-	-	-	-	-	-	-	-	-	-	-	-	-	-	-	-	-	-	-	-	-	-	-	-	-	-	-	-	-	-	-	-	-	-	-	-	-	-	-	-	-	-	-	-	-	-	-	-	-	-	-	-	-	-	-	-	-	-	-	-	-	-	-	-	-	-	-	-	-	-	-	-	-	-	-	-	-	-	-	-	-	G	C	C	T	T	C	-	-	A	T	G	C	G	C	A	G	A	A	A	C	A	G	C	G	G	C	T	G	C	T	G	A	-	-	-	-	-	-	-	-	-	-	-	-	-	-	-	-	-	-	-	-	-	-	-	-	-	-	-	Chordata	Sarcopterygii	Testudines	Emydidae	Terrapene	20.9										
tupaia_belangeri	-	-	-	-	-	-	-	-	-	-	-	-	-	-	-	-	-	-	-	-	-	-	-	-	-	-	-	-	-	-	-	-	-	-	-	-	-	-	-	-	-	-	-	-	-	-	-	-	-	-	-	-	-	-	-	-	-	-	-	-	-	-	-	-	-	-	-	-	-	-	-	-	-	-	-	-	-	-	-	-	-	-	-	-	-	-	-	-	-	-	-	-	-	-	-	-	-	-	-	-	-	-	-	-	-	-	-	-	-	-	-	-	-	-	-	-	-	-	-	-	-	-	-	-	-	-	-	-	-	-	-	-	-	-	-	-	-	-	-	-	-	-	-	-	-	-	-	-	-	-	-	-	-	-	-	-	-	-	-	-	-	-	-	-	-	-	-	-	-	-	-	-	-	-	-	-	-	-	-	-	-	-	-	-	-	-	-	-	-	-	-	-	-	-	-	-	-	-	-	-	-	-	-	-	-	-	-	-	-	-	-	-	-	-	-	-	-	-	-	-	-	-	-	-	-	-	-	-	-	-	-	-	-	-	-	-	-	-	-	-	-	-	-	-	-	-	-	-	-	-	-	-	-	-	-	-	-	-	-	-	-	-	-	-	-	-	-	-	-	-	-	-	-	-	-	-	-	-	-	-	-	-	-	-	-	-	-	-	-	-	-	-	-	-	-	-	-	-	-	-	-	-	-	-	-	-	-	-	-	-	-	-	-	-	-	-	-	-	-	-	-	-	-	-	-	-	-	-	-	-	-	-	-	-	-	-	-	-	-	-	-	-	-	-	-	-	-	-	-	-	-	-	-	-	-	-	-	-	-	-	-	-	-	-	-	-	-	-	-	-	-	-	-	-	-	-	-	-	-	-	-	-	-	-	-	-	-	-	-	-	-	-	-	-	-	-	-	-	-	-	-	-	-	-	-	-	-	-	-	-	-	-	-	-	-	-	-	-	-	-	-	-	-	-	-	-	-	-	-	-	-	-	-	-	-	-	-	-	-	-	-	-	-	-	-	-	-	-	-	-	-	-	-	-	-	-	-	-	-	-	-	-	-	-	-	-	-	-	-	-	-	-	-	-	-	-	-	-	-	-	-	-	-	-	-	-	-	-	-	-	-	-	-	-	-	A	T	G	T	C	C	A	T	G	C	N	N	-	-	-	N	N	N	N	N	N	-	-	-	N	N	N	N	N	N	N	N	N	N	N	-	-	N	N	N	N	N	N	N	N	N	N	N	N	N	N	N	N	N	N	N	N	N	N	N	N	N	N	N	N	N	N	N	N	N	N	N	N	N	N	N	N	-	N	N	N	N	N	N	N	N	N	N	N	N	N	N	N	N	N	N	N	N	N	N	N	N	N	N	N	N	N	N	N	N	N	N	N	N	N	N	N	N	N	N	N	N	N	N	N	N	N	N	N	N	N	N	N	N	N	N	N	N	N	N	N	N	N	N	N	N	N	N	N	N	N	N	N	N	N	N	N	N	N	N	N	N	N	N	N	N	N	N	N	-	-	-	-	-	-	N	N	N	C	C	T	T	C	A	T	C	T	C	T	G	T	C	T	C	G	G	G	C	A	C	C	T	G	C	C	C	C	C	T	G	T	A	C	C	T	G	G	A	T	G	A	G	A	T	C	C	G	G	C	A	C	T	T	C	C	T	G	A	C	G	C	T	G	T	G	T	C	C	A	G	A	G	C	T	G	T	C	C	C	T	G	G	G	C	T	G	G	T	T	T	G	A	G	G	A	G	G	G	C	T	G	C	C	T	C	G	C	A	G	C	C	T	T	C	A	T	C	A	T	C	G	G	C	T	C	G	C	T	C	T	G	G	G	A	C	C	A	G	G	A	G	A	G	G	C	T	C	T	C	T	C	A	G	G	A	G	T	C	G	C	T	G	A	C	G	C	T	G	C	A	C	A	G	G	C	C	C	G	G	G	G	G	C	C	G	C	A	C	A	G	C	C	C	A	C	C	T	G	C	A	C	G	T	A	-	-	-	-	-	-	C	T	G	G	C	T	G	T	G	C	A	C	C	G	C	A	C	C	T	T	C	C	G	A	-	-	-	-	-	-	C	A	G	C	A	G	G	G	C	A	A	G	G	G	C	C	C	C	A	T	C	C	T	G	C	T	C	T	G	G	C	G	C	T	A	C	C	T	G	C	A	G	C	A	C	C	T	G	G	G	-	-	-	C	C	A	G	C	C	A	G	C	C	G	T	G	C	G	C	C	G	C	G	-	-	-	-	-	-	-	-	-	C	C	A	C	G	C	T	C	A	T	G	T	G	T	G	A	G	G	A	C	G	C	G	C	T	G	G	T	G	C	C	C	T	T	C	T	A	C	G	A	G	-	-	-	-	-	-	-	-	-	-	-	-	-	-	-	-	-	-	-	-	-	A	G	G	T	C	G	C	T	C	A	G	C	G	T	G	-	-	-	C	C	A	T	G	C	G	C	T	G	T	-	-	-	C	G	T	G	G	G	C	T	C	G	C	T	-	-	-	-	-	-	C	A	C	G	G	A	G	C	T	C	C	A	G	T	G	C	-	-	-	C	T	G	C	G	G	G	G	C	C	A	C	-	-	-	-	-	-	-	-	-	-	-	-	-	-	-	-	-	-	-	-	-	-	-	-	-	-	-	-	-	-	-	-	-	-	-	-	-	-	-	-	-	-	-	-	-	-	-	-	-	-	-	-	-	-	-	-	-	-	-	-	-	-	-	-	-	-	-	-	-	-	-	-	-	-	-	-	-	-	-	-	-	-	-	-	-	-	-	-	-	-	-	-	-	-	-	-	-	-	-	-	-	-	-	-	-	-	-	-	-	-	-	-	-	-	-	-	-	-	-	-	-	-	-	-	-	-	-	-	-	-	-	-	-	-	-	-	-	-	-	G	C	C	-	-	-	-	-	C	T	G	C	G	T	A	G	-	-	-	-	-	-	-	-	-	C	T	G	C	T	G	A	-	-	-	-	-	-	-	-	-	-	-	-	-	-	-	-	-	-	-	-	-	-	-	-	-	-	-	Chordata	Mammalia	Scandentia	Tupaiidae	Tupaia	15.84	2.693	13.147	Polyphasic		0.130918192		45.2	0.829987373737374	0.170012626262626	
ornithorhynchus_anatinus	-	-	-	-	-	-	-	-	-	-	-	-	-	-	-	-	-	-	-	-	-	-	-	-	-	-	-	-	-	-	-	-	-	-	-	-	-	-	-	-	-	-	-	-	-	-	-	-	-	-	-	-	-	-	-	-	-	-	-	-	-	-	-	-	-	-	-	-	-	-	-	-	-	-	-	-	-	-	-	-	-	-	-	-	-	-	-	-	-	-	-	-	-	-	-	-	-	-	-	-	-	-	-	-	-	-	-	-	-	-	-	-	-	-	-	-	-	-	-	-	-	-	-	-	-	-	-	-	-	-	-	-	-	-	-	-	-	-	-	-	-	-	-	-	-	-	-	-	-	-	-	-	-	-	-	-	-	-	-	-	-	-	-	-	-	-	-	-	-	-	-	-	-	-	-	-	-	-	-	-	-	-	-	-	-	-	-	-	-	-	-	-	-	-	-	-	-	-	-	-	-	-	-	-	-	-	-	-	-	-	-	-	-	-	-	-	-	-	-	-	-	-	-	-	-	-	-	-	-	-	-	-	-	-	-	-	-	-	-	-	-	-	-	-	-	-	-	-	-	-	-	-	-	-	-	-	-	-	-	-	-	-	-	-	-	-	-	-	-	-	-	-	-	-	-	-	-	-	-	-	-	-	-	-	-	-	-	-	-	-	-	-	-	-	-	-	-	-	-	-	-	-	-	-	-	-	-	-	-	-	-	-	-	-	-	-	-	-	-	-	-	-	-	-	-	-	-	-	-	-	-	-	-	-	-	-	-	-	-	-	-	-	-	-	-	-	-	-	-	-	-	-	-	-	-	-	-	-	-	-	-	-	-	-	-	-	-	-	-	-	-	-	-	-	-	-	-	-	-	-	-	-	-	-	-	-	-	-	-	-	-	-	-	-	-	-	-	-	-	-	-	-	-	-	-	-	-	-	-	-	-	-	-	-	-	-	-	-	-	-	-	-	-	-	-	-	-	-	-	-	-	-	-	-	-	-	-	-	-	-	-	-	-	-	-	-	-	-	-	-	-	-	-	-	-	-	-	-	-	-	-	-	-	-	-	-	-	-	-	-	-	-	-	-	-	-	-	-	-	-	-	-	-	-	-	-	-	-	-	-	-	-	-	-	-	A	T	G	G	C	C	C	T	G	G	A	G	-	-	-	A	G	C	G	T	G	-	-	-	C	A	C	C	C	G	G	T	C	A	C	-	-	-	-	-	-	-	-	-	-	C	C	T	C	C	C	G	C	C	A	G	C	C	T	C	C	-	-	-	-	-	-	-	-	-	-	-	-	-	-	-	-	-	C	C	G	G	A	A	G	G	C	C	G	C	C	G	T	C	G	C	C	A	C	A	C	T	C	T	T	C	C	G	G	C	C	A	G	C	G	A	G	T	T	C	C	G	C	T	G	C	C	T	G	A	C	C	C	C	G	A	A	C	G	A	C	G	C	C	G	T	C	T	G	C	G	T	G	T	T	T	G	A	G	A	T	C	G	A	G	C	G	G	G	-	-	-	-	-	-	A	A	G	C	C	T	T	C	G	T	G	T	C	A	G	T	G	T	C	G	G	G	T	G	C	C	T	G	C	C	C	C	C	T	G	G	C	C	C	T	G	G	A	C	G	A	G	A	T	C	C	G	C	C	A	C	T	T	C	C	T	G	A	C	G	C	T	G	T	G	C	C	C	G	G	A	G	C	T	G	T	C	C	C	T	G	G	G	C	T	G	G	T	T	C	G	A	G	C	A	G	G	G	C	C	G	G	C	T	G	G	T	C	G	C	C	T	T	C	G	T	C	A	T	C	G	G	C	T	C	C	C	T	C	T	G	G	G	A	C	C	A	G	G	A	C	C	G	G	C	T	C	A	C	T	C	A	G	G	A	G	T	C	G	C	T	G	A	C	G	C	T	G	C	A	C	C	G	T	C	C	G	G	C	G	G	G	C	A	G	C	A	C	C	G	C	C	C	A	C	G	T	C	C	A	C	G	T	G	-	-	-	-	-	-	C	T	G	G	C	C	G	T	G	C	A	C	C	G	C	A	C	C	T	T	C	C	G	C	-	-	-	-	-	-	C	A	G	C	A	G	G	G	C	A	A	G	G	G	C	C	C	G	G	T	G	C	T	G	C	T	G	T	G	G	C	G	C	T	A	C	C	T	G	C	A	G	T	A	C	C	T	G	C	G	G	G	G	G	C	T	G	G	C	C	A	C	C	G	T	G	C	G	C	C	G	C	G	-	-	-	-	-	-	-	-	-	C	T	C	T	G	C	T	C	A	T	G	T	G	C	G	A	G	G	A	C	G	C	C	C	T	G	G	T	G	C	C	C	T	T	C	T	A	C	G	A	G	-	-	-	-	-	-	A	A	A	T	G	C	-	-	-	-	-	-	-	-	-	G	G	C	T	T	C	C	G	C	G	T	G	T	T	G	G	G	G	G	C	C	T	G	C	A	C	C	G	T	G	A	C	G	G	T	G	G	G	C	G	C	C	C	T	G	G	C	C	T	T	C	A	C	C	G	A	G	C	T	G	C	A	G	T	G	C	T	C	G	C	T	G	C	G	A	G	C	C	C	A	C	-	-	-	-	-	-	-	-	-	-	-	-	-	-	-	-	-	-	-	-	-	-	-	-	-	-	-	-	-	-	-	-	-	-	-	-	-	-	-	-	-	-	-	-	-	-	-	-	-	-	-	-	-	-	-	-	-	-	-	-	-	-	-	-	-	-	-	-	-	-	-	-	-	-	-	-	-	-	-	-	-	-	-	-	-	-	-	-	-	-	-	-	-	-	-	-	-	-	-	-	-	-	-	-	-	-	-	-	-	-	-	-	-	-	-	-	-	-	-	-	-	-	-	-	-	-	-	-	-	-	-	-	-	-	-	-	-	-	-	G	C	C	T	A	C	-	-	C	A	G	C	G	C	C	G	C	A	A	C	A	G	T	G	G	T	T	G	C	T	G	A	-	-	-	-	-	-	-	-	-	-	-	-	-	-	-	-	-	-	-	-	-	-	-	-	-	-	-	Chordata	Mammalia	Monotremata	Ornithorhynchidae	Ornithorhynchus	14.2	8	6.2	Monophasic	diurnal				0.436619718309859	0.563380281690141	
echinops_telfairi	-	-	-	-	-	-	-	-	-	-	-	-	-	-	-	-	-	-	-	-	-	-	-	-	-	-	-	-	-	-	-	-	-	-	-	-	-	-	-	-	-	-	-	-	-	-	-	-	-	-	-	-	-	-	-	-	-	-	-	-	-	-	-	-	-	-	-	-	-	-	-	-	-	-	-	-	-	-	-	-	-	-	-	-	-	-	-	-	-	-	-	-	-	-	-	-	-	-	-	-	-	-	-	-	-	-	-	-	-	-	-	-	-	-	-	-	-	-	-	-	-	-	-	-	-	-	-	-	-	-	-	-	-	-	-	-	-	-	-	-	-	-	-	-	-	-	-	-	-	-	-	-	-	-	-	-	-	-	-	-	-	-	-	-	-	-	-	-	-	-	-	-	-	-	-	-	-	-	-	-	-	-	-	-	-	-	-	-	-	-	-	-	-	-	-	-	-	-	-	-	-	-	-	-	-	-	-	-	-	-	-	-	-	-	-	-	-	-	-	-	-	-	-	-	-	-	-	-	-	-	-	-	-	-	-	-	-	-	-	-	-	-	-	-	-	-	-	-	-	-	-	-	-	-	-	-	-	-	-	-	-	-	-	-	-	-	-	-	-	-	-	-	-	-	-	-	-	-	-	-	-	-	-	-	-	-	-	-	-	-	-	-	-	-	-	-	-	-	-	-	-	-	-	-	-	-	-	-	-	-	-	-	-	-	-	-	-	-	-	-	-	-	-	-	-	-	-	-	-	-	-	-	-	-	-	-	-	-	-	-	-	-	-	-	-	-	-	-	-	-	-	-	-	-	-	-	-	-	-	-	-	-	-	-	-	-	-	-	-	-	-	-	-	-	-	-	-	-	-	-	-	-	-	-	-	-	-	-	-	-	-	-	-	-	-	-	-	-	-	-	-	-	-	-	-	-	-	-	-	-	-	-	-	-	-	-	-	-	-	-	-	-	-	-	-	-	-	-	-	-	-	-	-	-	-	-	-	-	-	-	-	-	-	-	-	-	-	-	-	-	-	-	-	-	-	-	-	-	-	-	-	-	-	-	-	-	-	-	-	-	-	-	-	-	-	-	-	-	-	-	-	-	-	-	-	-	-	-	-	-	-	-	-	-	-	A	T	G	G	C	C	A	C	-	-	-	G	-	-	-	A	G	T	G	T	T	-	-	-	C	A	C	C	C	A	T	T	G	A	A	G	T	A	T	C	T	G	T	G	C	T	C	T	T	-	-	-	-	-	C	G	C	C	G	C	C	T	G	G	G	A	T	T	T	T	T	-	-	-	-	-	-	-	C	T	G	C	G	C	G	G	T	C	A	G	A	A	C	C	G	C	C	A	C	A	C	G	C	T	C	C	C	T	G	C	T	A	G	C	G	A	G	T	T	A	C	G	C	T	G	C	C	T	C	A	C	C	C	T	-	-	-	G	G	A	T	G	C	T	A	C	G	A	G	C	G	T	G	T	T	T	G	A	N	N	N	N	N	N	N	N	N	N	N	-	-	-	-	-	-	N	N	N	N	N	N	N	N	N	N	N	N	N	N	N	N	N	N	N	N	N	N	N	N	N	N	N	N	N	N	N	N	N	N	N	N	N	N	N	N	N	N	N	N	N	A	G	T	T	C	C	G	G	C	A	C	T	T	C	C	T	G	A	A	C	G	T	G	T	G	T	C	C	A	G	A	A	T	T	T	T	C	C	C	T	G	A	G	C	T	G	G	T	T	G	G	A	G	G	A	G	G	G	C	C	G	C	C	T	G	G	T	G	A	C	T	T	T	C	A	T	C	A	T	C	G	G	C	T	C	A	C	T	G	T	G	G	G	A	T	G	A	G	G	A	G	C	G	G	C	T	C	A	C	T	C	A	G	G	A	G	T	C	G	C	T	G	A	C	G	C	T	G	C	A	C	C	G	G	C	C	C	G	C	G	G	G	C	C	G	C	A	C	A	G	C	C	C	A	C	C	T	G	C	A	C	G	T	G	-	-	-	-	-	-	C	T	G	G	C	C	G	T	G	C	A	C	C	G	C	A	C	C	T	T	C	C	G	G	-	-	-	-	-	-	C	A	G	C	A	G	G	G	C	A	A	G	G	G	C	T	C	C	G	T	C	C	T	G	C	T	G	T	G	G	C	G	C	T	A	C	T	T	G	C	A	G	C	A	C	C	T	G	G	G	T	G	G	C	C	A	G	C	C	G	G	C	A	G	T	G	C	G	C	C	G	C	G	-	-	-	-	-	-	-	-	-	C	C	G	C	G	C	T	G	A	T	G	T	G	C	G	A	G	G	G	C	C	C	G	C	T	C	G	T	G	C	C	C	T	T	C	T	A	C	G	A	G	-	-	-	-	-	-	A	A	G	T	T	C	-	-	-	-	-	-	-	-	-	G	G	C	T	T	C	C	A	G	G	C	G	C	T	G	G	G	C	C	C	A	T	G	C	G	C	C	T	T	C	T	C	C	G	T	G	G	G	C	T	C	C	C	T	G	G	C	C	T	T	C	A	C	C	G	A	A	T	T	G	C	G	C	T	G	C	A	G	C	C	T	G	C	G	C	C	T	C	C	A	C	-	-	-	-	-	-	-	-	-	-	-	-	-	-	-	-	-	-	-	-	-	-	-	-	-	-	-	-	-	-	-	-	-	-	-	-	-	-	-	-	-	-	-	-	-	-	-	-	-	-	-	-	-	-	-	-	-	-	-	-	-	-	-	-	-	-	-	-	-	-	-	-	-	-	-	-	-	-	-	-	-	-	-	-	-	-	-	-	-	-	-	-	-	-	-	-	-	-	-	-	-	-	-	-	-	-	-	-	-	-	-	-	-	-	-	-	-	-	-	-	-	-	-	-	-	-	-	-	-	-	-	-	-	-	-	-	-	-	-	G	C	C	T	C	T	-	-	C	T	G	C	G	C	A	G	G	A	A	C	A	G	C	G	G	A	T	G	C	T	G	A	-	-	-	-	-	-	-	-	-	-	-	-	-	-	-	-	-	-	-	-	-	-	-	-	-	-	-	Chordata	Mammalia	Afrosoricida	Tenrecidae	Echinops	13.3				nocturnal						
parus_major	-	-	-	-	-	-	-	-	-	-	-	-	-	-	-	-	-	-	-	-	-	-	-	-	-	-	-	-	-	-	-	-	-	-	-	-	-	-	-	-	-	-	-	-	-	-	-	-	-	-	-	-	-	-	-	-	-	-	-	-	-	-	-	-	-	-	-	-	-	-	-	-	-	-	-	-	-	-	-	-	-	-	-	-	-	-	-	-	-	-	-	-	-	-	-	-	-	-	-	-	-	-	-	-	-	-	-	-	-	-	-	-	-	-	-	-	-	-	-	-	-	-	-	-	-	-	-	-	-	-	-	-	-	-	-	-	-	-	-	-	-	-	-	-	-	-	-	-	-	-	-	-	-	-	-	-	-	-	-	-	-	-	-	-	-	-	-	-	-	-	-	-	-	-	-	-	-	-	-	-	-	-	-	-	-	-	-	-	-	-	-	-	-	-	-	-	-	-	-	-	-	-	-	-	-	-	-	-	-	-	-	-	-	-	-	-	-	-	-	-	-	-	-	-	-	-	-	-	-	-	-	-	-	-	-	-	-	-	-	-	-	-	-	-	-	-	-	-	-	-	-	-	-	-	-	-	-	-	-	-	-	-	-	-	-	-	-	-	-	-	-	-	-	-	-	-	-	-	-	-	-	-	-	-	-	-	-	-	-	-	-	-	-	-	-	-	-	-	-	-	-	-	-	-	-	-	-	-	-	-	-	-	-	-	-	-	-	-	-	-	-	-	-	-	-	-	-	-	-	-	-	-	-	-	-	-	-	-	-	-	-	-	-	-	-	-	-	-	-	-	-	-	-	-	-	-	-	-	-	-	-	-	-	-	-	-	-	-	-	-	-	-	-	-	-	-	-	-	-	-	-	-	-	-	-	-	-	-	-	-	-	-	-	-	-	-	-	-	-	-	-	-	-	-	-	-	-	-	-	-	-	-	-	-	-	-	-	-	-	-	-	-	-	-	-	-	-	-	-	-	-	-	-	-	-	-	-	-	-	-	-	-	-	-	-	-	-	-	-	-	-	-	-	-	-	-	-	-	-	-	-	-	-	-	-	-	-	-	-	-	-	-	-	-	-	-	-	-	-	-	-	-	-	-	-	-	-	-	-	-	-	-	-	-	-	A	T	G	T	C	T	G	C	T	C	T	C	-	-	-	A	G	C	A	C	G	T	T	G	C	C	C	T	T	C	C	T	G	A	A	-	-	G	C	C	G	G	T	G	C	A	C	C	T	G	C	G	-	-	-	-	-	-	-	-	-	-	G	T	C	G	C	C	C	C	G	C	A	G	C	T	C	G	C	C	C	G	G	G	G	G	C	C	A	G	C	G	C	C	G	G	C	A	C	A	C	A	C	T	G	C	C	C	G	C	C	A	G	C	G	A	G	T	T	C	C	G	C	T	G	C	C	T	C	A	G	C	C	C	C	G	A	G	G	A	T	G	C	T	G	T	C	A	G	C	G	T	G	T	T	C	G	A	G	A	T	C	G	A	G	C	G	T	G	-	-	-	-	-	-	A	A	G	C	C	T	T	T	A	T	A	T	C	A	G	T	T	T	C	T	G	G	G	G	A	C	T	G	T	C	C	C	C	T	G	C	A	C	C	T	G	G	A	T	G	A	G	A	T	C	C	G	C	C	A	C	T	T	T	C	T	G	A	G	C	C	T	G	T	G	C	C	C	G	G	A	G	C	T	G	T	C	C	C	T	C	G	G	C	T	G	G	T	T	T	G	A	G	G	A	A	G	G	G	C	G	G	C	T	G	G	T	G	G	C	A	T	T	C	A	T	C	A	T	C	G	G	C	T	C	C	C	T	C	T	G	G	G	A	C	C	A	G	G	A	G	A	G	G	C	T	C	A	G	C	C	A	G	G	C	A	G	C	A	C	T	G	A	C	C	C	T	G	C	A	C	A	A	G	C	C	A	C	A	G	G	G	C	T	C	A	G	C	T	G	T	G	C	A	C	A	T	C	C	A	C	G	T	G	-	-	-	-	-	-	C	T	G	G	C	C	G	T	G	C	A	C	C	G	C	A	C	C	G	T	C	C	G	C	-	-	-	-	-	-	C	A	G	C	A	G	G	G	C	A	A	G	G	G	C	T	C	C	A	T	C	C	T	G	A	T	G	T	G	G	C	G	C	T	A	C	C	T	G	C	A	G	C	A	C	C	T	G	C	G	C	T	G	C	C	T	G	C	C	C	T	T	C	G	C	C	C	G	C	C	G	C	G	-	-	-	-	-	-	-	-	-	C	C	C	T	G	C	T	C	A	T	G	T	G	C	G	A	G	C	A	C	T	T	C	C	T	C	G	T	G	C	C	C	T	T	C	T	A	C	C	A	G	-	-	-	-	-	-	A	A	G	T	G	C	-	-	-	-	-	-	-	-	-	G	G	C	T	T	C	G	A	G	G	C	G	C	T	G	G	G	G	C	C	C	T	G	C	G	A	G	G	T	G	A	C	C	G	T	G	A	G	G	G	A	C	C	T	G	G	C	C	T	T	C	G	T	G	G	A	G	A	T	G	C	A	G	C	A	C	C	C	C	G	T	G	C	G	G	G	G	A	C	A	C	-	-	-	-	-	-	-	-	-	-	-	-	-	-	-	-	-	-	-	-	-	-	-	-	-	-	-	-	-	-	-	-	-	-	-	-	-	-	-	-	-	-	-	-	-	-	-	-	-	-	-	-	-	-	-	-	-	-	-	-	-	-	-	-	-	-	-	-	-	-	-	-	-	-	-	-	-	-	-	-	-	-	-	-	-	-	-	-	-	-	-	-	-	-	-	-	-	-	-	-	-	-	-	-	-	-	-	-	-	-	-	-	-	-	-	-	-	-	-	-	-	-	-	-	-	-	-	-	-	-	-	-	-	-	-	-	-	-	-	G	C	C	T	T	C	-	-	A	T	G	C	G	C	A	G	G	A	A	C	A	G	C	G	G	C	T	G	C	T	G	A	-	-	-	-	-	-	-	-	-	-	-	-	-	-	-	-	-	-	-	-	-	-	-	-	-	-	-	Chordata	Aves	Passeriformes	Paridae	Parus	8										
taeniopygia_guttata	-	-	-	-	-	-	-	-	-	-	-	-	-	-	-	-	-	-	-	-	-	-	-	-	-	-	-	-	-	-	-	-	-	-	-	-	-	-	-	-	-	-	-	-	-	-	-	-	-	-	-	-	-	-	-	-	-	-	-	-	-	-	-	-	-	-	-	-	-	-	-	-	-	-	-	-	-	-	-	-	-	-	-	-	-	-	-	-	-	-	-	-	-	-	-	-	-	-	-	-	-	-	-	-	-	-	-	-	-	-	-	-	-	-	-	-	-	-	-	-	-	-	-	-	-	-	-	-	-	-	-	-	-	-	-	-	-	-	-	-	-	-	-	-	-	-	-	-	-	-	-	-	-	-	-	-	-	-	-	-	-	-	-	-	-	-	-	-	-	-	-	-	-	-	-	-	-	-	-	-	-	-	-	-	-	-	-	-	-	-	-	-	-	-	-	-	-	-	-	-	-	-	-	-	-	-	-	-	-	-	-	-	-	-	-	-	-	-	-	-	-	-	-	-	-	-	-	-	-	-	-	-	-	-	-	-	-	-	-	-	-	-	-	-	-	-	-	-	-	-	-	-	-	-	-	-	-	-	-	-	-	-	-	-	-	-	-	-	-	-	-	-	-	-	-	-	-	-	-	-	-	-	-	-	-	-	-	-	-	-	-	-	-	-	-	-	-	-	-	-	-	-	-	-	-	-	-	-	-	-	-	-	-	-	-	-	-	-	-	-	-	-	-	-	-	-	-	-	-	-	-	-	-	-	-	-	-	-	-	-	-	-	-	-	-	-	-	-	-	-	-	-	-	-	-	-	-	-	-	-	-	-	-	-	-	-	-	-	-	-	-	-	-	-	-	-	-	-	-	-	-	-	-	-	-	-	-	-	-	-	-	-	-	-	-	-	-	-	-	-	-	-	-	-	-	-	-	-	-	-	-	-	-	-	-	-	-	-	-	-	-	-	-	-	-	-	-	-	-	-	-	-	-	-	-	-	-	-	-	-	-	-	-	-	-	-	-	-	-	-	-	-	-	-	-	-	-	-	-	-	-	-	-	-	-	-	-	-	-	-	-	-	-	-	-	-	-	-	-	-	-	-	-	-	-	-	-	-	-	-	-	-	-	-	-	A	T	G	T	C	G	G	C	A	C	T	C	-	-	-	A	G	C	G	C	C	C	C	G	C	C	C	T	T	C	C	T	G	A	A	-	-	G	C	C	G	G	T	T	C	A	G	C	T	G	C	-	-	-	-	-	-	-	-	-	-	-	-	-	-	-	-	-	-	-	-	-	-	G	C	T	C	G	C	C	C	C	G	G	G	C	C	C	A	G	C	G	C	C	G	G	C	A	C	A	C	G	C	T	G	C	C	C	G	C	C	A	G	C	G	A	G	T	T	C	C	G	C	T	G	C	C	T	C	G	G	G	C	C	C	G	G	G	G	A	C	G	C	C	G	C	C	A	G	C	G	T	G	T	T	C	G	A	G	A	T	C	G	A	G	C	G	T	G	-	-	-	-	-	-	A	G	G	C	C	T	T	T	A	T	A	T	C	G	G	T	T	T	C	T	G	G	G	G	A	C	T	G	T	C	C	C	C	T	G	C	A	C	C	T	G	G	A	C	G	A	G	A	T	C	C	G	C	C	A	C	T	T	C	C	T	G	A	A	C	C	T	G	T	G	C	C	C	G	G	A	G	C	T	G	T	C	C	C	T	C	G	G	C	T	G	G	T	T	T	G	A	G	G	A	A	G	G	G	C	G	G	C	T	G	G	T	G	G	C	A	T	T	C	A	T	C	A	T	C	G	G	C	T	C	C	C	T	C	T	G	G	G	A	C	C	A	G	G	A	G	A	G	G	C	T	C	A	G	C	C	A	G	G	C	A	G	C	A	C	T	G	A	C	C	C	T	G	C	A	C	A	A	G	C	C	G	C	A	G	G	G	C	T	C	G	G	C	C	G	T	G	C	A	C	A	T	C	C	A	C	G	T	G	-	-	-	-	-	-	C	T	G	G	C	C	G	T	G	C	A	C	C	G	C	A	C	C	G	T	G	C	G	C	-	-	-	-	-	-	C	A	G	C	A	G	G	G	C	A	A	G	G	G	C	T	C	C	A	T	C	C	T	G	A	T	G	T	G	G	C	G	C	T	A	C	C	T	G	C	A	G	C	A	C	C	T	G	C	G	C	T	G	C	C	T	G	C	C	C	T	G	T	G	C	C	C	G	C	C	G	T	G	-	-	-	-	-	-	-	-	-	C	C	C	T	G	C	T	C	A	T	G	T	G	C	C	A	G	C	C	T	T	T	C	C	T	C	G	T	G	C	C	C	T	T	C	T	A	C	C	A	G	-	-	-	-	-	-	A	A	G	T	G	C	-	-	-	-	-	-	-	-	-	G	G	C	T	T	C	C	A	G	G	C	G	C	T	G	G	G	G	C	C	C	T	G	C	G	G	G	G	T	G	A	C	C	G	T	G	G	G	C	G	A	C	A	T	G	G	C	C	T	T	T	G	T	G	G	A	G	A	T	G	C	A	G	C	A	C	G	C	G	G	T	G	C	G	G	G	G	A	C	A	C	-	-	-	-	-	-	-	-	-	-	-	-	-	-	-	-	-	-	-	-	-	-	-	-	-	-	-	-	-	-	-	-	-	-	-	-	-	-	-	-	-	-	-	-	-	-	-	-	-	-	-	-	-	-	-	-	-	-	-	-	-	-	-	-	-	-	-	-	-	-	-	-	-	-	-	-	-	-	-	-	-	-	-	-	-	-	-	-	-	-	-	-	-	-	-	-	-	-	-	-	-	-	-	-	-	-	-	-	-	-	-	-	-	-	-	-	-	-	-	-	-	-	-	-	-	-	-	-	-	-	-	-	-	-	-	-	-	-	-	G	C	C	T	T	C	-	-	A	T	G	C	G	C	A	G	G	A	A	C	A	G	C	G	G	C	T	G	C	T	G	A	-	-	-	-	-	-	-	-	-	-	-	-	-	-	-	-	-	-	-	-	-	-	-	-	-	-	-	Chordata	Aves	Passeriformes	Estrildidae	Taeniopygia		0.22		Biphasic	diurnal	0.012	0.7				58.3333333333333
anas_platyrhynchos_platyrhynchos	-	-	-	-	-	-	-	-	-	-	-	-	-	-	-	-	-	-	-	-	-	-	-	-	-	-	-	-	-	-	-	-	-	-	-	-	-	-	-	-	-	-	-	-	-	-	-	-	-	-	-	-	-	-	-	-	-	-	-	-	-	-	-	-	-	-	-	-	-	-	-	-	-	-	-	-	-	-	-	-	-	-	-	-	-	-	-	-	-	-	-	-	-	-	-	-	-	-	-	-	-	-	-	-	-	-	-	-	-	-	-	-	-	-	-	-	-	-	-	-	-	-	-	-	-	-	-	-	-	-	-	-	-	-	-	-	-	-	-	-	-	-	-	-	-	-	-	-	-	-	-	-	-	-	-	-	-	-	-	-	-	-	-	-	-	-	-	-	-	-	-	-	-	-	-	-	-	-	-	-	-	-	-	-	-	-	-	-	-	-	-	-	-	-	-	-	-	-	-	-	-	-	-	-	-	-	-	-	-	-	-	-	-	-	-	-	-	-	-	-	-	-	-	-	-	-	-	-	-	-	-	-	-	-	-	-	-	-	-	-	-	-	-	-	-	-	-	-	-	-	-	-	-	-	-	-	-	-	-	-	-	-	-	-	-	-	-	-	-	-	-	-	-	-	-	-	-	-	-	-	-	-	-	-	-	-	-	-	-	-	-	-	-	-	-	-	-	-	-	-	-	-	-	-	-	-	-	-	-	-	-	-	-	-	-	-	-	-	-	-	-	-	-	-	-	-	-	-	-	-	-	-	-	-	-	-	-	-	-	-	-	-	-	-	-	-	-	-	-	-	-	-	-	-	-	-	-	-	-	-	-	-	-	-	-	-	-	-	-	-	-	-	-	-	-	-	-	-	-	-	-	-	-	-	-	-	-	-	-	-	-	-	-	-	-	-	-	-	-	-	-	-	-	-	-	-	-	-	-	-	-	-	-	-	-	-	-	-	-	-	-	-	-	-	-	-	-	-	-	-	-	-	-	-	-	-	-	-	-	-	-	-	-	-	-	-	-	-	-	-	-	-	-	-	-	-	-	-	-	-	-	-	-	-	-	-	-	-	-	-	-	-	-	-	-	-	-	-	-	-	-	-	-	-	-	-	-	-	-	-	-	-	-	-	-	A	T	G	C	C	G	G	C	G	C	T	C	-	-	-	A	G	C	A	C	C	T	C	G	C	C	T	T	T	C	C	T	C	C	A	-	-	G	C	C	C	G	C	T	C	G	C	T	G	G	C	G	-	-	-	-	-	-	-	-	-	-	G	T	G	C	C	C	C	C	A	A	A	A	T	T	C	G	C	C	C	G	G	G	C	G	C	C	A	G	C	G	C	C	G	C	C	A	C	A	C	G	C	T	G	C	C	C	G	C	C	A	G	C	G	A	G	T	T	C	C	G	C	T	G	C	C	T	C	A	G	C	C	C	C	G	A	G	G	A	T	G	C	C	A	T	C	A	G	T	G	T	G	T	T	C	G	A	G	A	T	C	G	A	G	C	G	A	G	-	-	-	-	-	-	A	A	G	C	C	T	T	C	A	T	C	T	C	G	G	T	G	T	C	C	G	G	G	G	A	C	T	G	C	C	C	G	C	T	G	C	A	C	C	T	G	G	A	T	G	A	G	A	T	C	C	G	C	C	A	C	T	T	C	C	T	G	A	C	G	C	T	G	T	G	C	C	C	C	G	A	G	C	T	C	T	C	C	C	T	C	G	G	C	T	G	G	T	T	C	G	A	G	G	A	A	G	G	G	C	G	G	C	T	G	G	T	G	G	C	C	T	T	C	A	T	C	A	T	C	G	G	C	T	C	C	C	T	C	T	G	G	G	A	C	C	A	G	G	A	C	A	G	G	C	T	C	A	G	C	C	A	G	G	C	G	G	C	G	C	T	G	A	C	C	C	T	G	C	A	C	A	A	G	C	C	G	C	G	A	G	G	C	A	C	G	G	C	G	G	T	G	C	A	C	A	T	C	C	A	C	G	T	G	-	-	-	-	-	-	C	T	G	G	C	C	G	T	G	C	A	C	C	G	C	G	C	C	T	G	C	C	G	G	-	-	-	-	-	-	C	A	G	C	A	G	G	G	C	A	A	G	G	G	C	T	C	C	A	T	C	C	T	G	C	T	G	T	G	G	C	G	C	T	A	C	C	T	G	C	A	G	T	A	C	C	T	G	C	G	C	T	G	C	C	T	G	C	C	C	T	T	C	G	C	C	C	G	G	C	G	C	G	-	-	-	-	-	-	-	-	-	C	C	C	T	G	C	T	G	A	T	G	T	G	C	G	A	G	G	A	T	T	T	C	C	T	G	G	T	G	C	C	C	T	T	C	T	A	C	G	A	G	-	-	-	-	-	-	A	A	G	T	G	C	-	-	-	-	-	-	-	-	-	G	G	C	T	T	C	C	A	G	G	C	G	C	T	G	G	G	G	C	C	C	T	G	C	C	A	G	G	T	G	A	C	G	G	T	G	G	G	G	A	C	C	C	T	G	G	C	T	T	T	C	A	C	C	G	A	G	A	T	G	C	A	G	C	A	C	A	C	C	G	T	G	C	G	G	G	G	C	C	A	T	-	-	-	-	-	-	-	-	-	-	-	-	-	-	-	-	-	-	-	-	-	-	-	-	-	-	-	-	-	-	-	-	-	-	-	-	-	-	-	-	-	-	-	-	-	-	-	-	-	-	-	-	-	-	-	-	-	-	-	-	-	-	-	-	-	-	-	-	-	-	-	-	-	-	-	-	-	-	-	-	-	-	-	-	-	-	-	-	-	-	-	-	-	-	-	-	-	-	-	-	-	-	-	-	-	-	-	-	-	-	-	-	-	-	-	-	-	-	-	-	-	-	-	-	-	-	-	-	-	-	-	-	-	-	-	-	-	-	-	G	C	C	T	T	C	-	-	A	T	G	C	G	C	A	G	G	A	A	C	A	G	C	G	G	C	T	G	C	T	G	A	-	-	-	-	-	-	-	-	-	-	-	-	-	-	-	-	-	-	-	-	-	-	-	-	-	-	-	Chordata	Aves	Anseriformes	Anatidae	Anas	10.8			Polyphasic	diurnal						
coturnix_japonica	-	-	-	-	-	-	-	-	-	-	-	-	-	-	-	-	-	-	-	-	-	-	-	-	-	-	-	-	-	-	-	-	-	-	-	-	-	-	-	-	-	-	-	-	-	-	-	-	-	-	-	-	-	-	-	-	-	-	-	-	-	-	-	-	-	-	-	-	-	-	-	-	-	-	-	-	-	-	-	-	-	-	-	-	-	-	-	-	-	-	-	-	-	-	-	-	-	-	-	-	-	-	-	-	-	-	-	-	-	-	-	-	-	-	-	-	-	-	-	-	-	-	-	-	-	-	-	-	-	-	-	-	-	-	-	-	-	-	-	-	-	-	-	-	-	-	-	-	-	-	-	-	-	-	-	-	-	-	-	-	-	-	-	-	-	-	-	-	-	-	-	-	-	-	-	-	-	-	-	-	-	-	-	-	-	-	-	-	-	-	-	-	-	-	-	-	-	-	-	-	-	-	-	-	-	-	-	-	-	-	-	-	-	-	-	-	-	-	-	-	-	-	-	-	-	-	-	-	-	-	-	-	-	-	-	-	-	-	-	-	-	-	-	-	-	-	-	-	-	-	-	-	-	-	-	-	-	-	-	-	-	-	-	-	-	-	-	-	-	-	-	-	-	-	-	-	-	-	-	-	-	-	-	-	-	-	-	-	-	-	-	-	-	-	-	-	-	-	-	-	-	-	-	-	-	-	-	-	-	-	-	-	-	-	-	-	-	-	-	-	-	-	-	-	-	-	-	-	-	-	-	-	-	-	-	-	-	-	-	-	-	-	-	-	-	-	-	-	-	-	-	-	-	-	-	-	-	-	-	-	-	-	-	-	-	-	-	-	-	-	-	-	-	-	-	-	-	-	-	-	-	-	-	-	-	-	-	-	-	-	-	-	-	-	-	-	-	-	-	-	-	-	-	-	-	-	-	-	-	-	-	-	-	-	-	-	-	-	-	-	-	-	-	-	-	-	-	-	-	-	-	-	-	-	-	-	-	-	-	-	-	-	-	-	-	-	-	-	-	-	-	-	-	-	-	-	-	-	-	-	-	-	-	-	-	-	-	-	-	-	-	-	-	-	-	-	-	-	-	-	-	-	-	-	-	-	-	-	-	-	-	-	-	-	-	A	T	G	C	C	G	A	T	G	C	T	C	-	-	-	A	G	C	G	C	G	G	T	G	C	C	G	T	T	C	C	T	G	A	A	-	-	G	C	C	C	A	C	C	C	C	C	C	C	G	C	A	-	-	-	-	-	-	-	-	-	-	G	G	G	A	C	C	C	C	G	C	A	G	T	T	C	C	C	C	C	G	G	C	C	G	C	C	A	A	C	G	C	C	G	G	C	A	C	A	C	A	C	T	G	C	C	C	G	C	C	A	G	C	G	A	G	T	T	C	C	G	C	T	G	C	C	T	C	A	G	C	C	C	C	G	A	G	G	A	T	G	C	C	G	T	C	A	G	C	G	T	G	T	T	T	G	A	G	A	T	C	G	A	G	A	G	G	G	-	-	-	-	-	-	A	A	G	C	C	T	T	C	A	T	C	T	C	T	G	T	C	T	C	C	G	G	C	G	A	C	T	G	C	C	C	G	C	T	G	C	A	C	C	T	G	G	A	T	G	A	G	A	T	C	C	G	G	C	A	C	T	T	C	C	T	G	A	C	G	C	T	G	T	G	C	C	C	G	G	A	G	C	T	C	T	C	T	C	T	C	G	G	C	T	G	G	T	T	C	G	A	G	G	A	A	G	G	T	C	G	C	C	T	G	G	T	G	G	C	T	T	T	T	A	T	C	A	T	C	G	G	C	T	C	C	C	T	A	T	G	G	G	A	C	C	A	G	G	A	C	A	G	G	C	T	C	A	G	C	C	A	G	G	C	A	G	C	G	C	T	G	A	C	C	C	T	G	C	A	C	A	A	G	C	C	T	C	G	G	G	G	C	A	C	A	G	C	A	G	T	G	C	A	C	A	T	C	C	A	T	G	T	G	-	-	-	-	-	-	C	T	G	G	C	C	G	T	G	C	A	T	C	G	C	A	C	C	T	T	C	C	G	A	-	-	-	-	-	-	C	A	G	C	A	G	G	G	C	A	A	G	G	G	C	T	C	C	A	T	C	C	T	G	A	T	G	T	G	G	C	G	G	T	A	C	C	T	G	C	A	G	T	A	C	C	T	G	C	G	C	T	G	C	C	T	G	C	C	C	T	G	C	G	C	C	C	G	G	C	G	C	G	-	-	-	-	-	-	-	-	-	C	C	G	T	G	C	T	C	A	T	G	T	G	C	G	A	A	C	A	T	T	T	C	C	T	C	G	T	G	C	C	C	T	T	C	T	A	T	G	A	G	-	-	-	-	-	-	A	A	A	T	G	C	-	-	-	-	-	-	-	-	-	G	G	T	T	T	C	A	A	G	G	C	T	G	T	G	G	G	T	C	C	C	T	G	C	C	A	G	G	T	G	A	C	G	G	T	G	G	G	C	G	C	G	T	T	G	G	C	T	T	T	C	A	T	T	G	A	G	A	T	G	C	G	G	C	A	C	G	A	G	G	T	G	C	G	G	G	G	C	C	A	T	-	-	-	-	-	-	-	-	-	-	-	-	-	-	-	-	-	-	-	-	-	-	-	-	-	-	-	-	-	-	-	-	-	-	-	-	-	-	-	-	-	-	-	-	-	-	-	-	-	-	-	-	-	-	-	-	-	-	-	-	-	-	-	-	-	-	-	-	-	-	-	-	-	-	-	-	-	-	-	-	-	-	-	-	-	-	-	-	-	-	-	-	-	-	-	-	-	-	-	-	-	-	-	-	-	-	-	-	-	-	-	-	-	-	-	-	-	-	-	-	-	-	-	-	-	-	-	-	-	-	-	-	-	-	-	-	-	-	-	G	C	C	T	T	C	-	-	A	T	G	C	G	C	A	G	G	A	A	C	A	G	C	G	G	C	T	G	C	T	G	A	-	-	-	-	-	-	-	-	-	-	-	-	-	-	-	-	-	-	-	-	-	-	-	-	-	-	-	Chordata	Aves	Galliformes	Phasianidae	Coturnix	11.208	0.456	10.752	Polyphasic	nocturnal	0.145			0.9593147751606	0.0406852248394004	
gallus_gallus	-	-	-	-	-	-	-	-	-	-	-	-	-	-	-	-	-	-	-	-	-	-	-	-	-	-	-	-	-	-	-	-	-	-	-	-	-	-	-	-	-	-	-	-	-	-	-	-	-	-	-	-	-	-	-	-	-	-	-	-	-	-	-	-	-	-	-	-	-	-	-	-	-	-	-	-	-	-	-	-	-	-	-	-	-	-	-	-	-	-	-	-	-	-	-	-	-	-	-	-	-	-	-	-	-	-	-	-	-	-	-	-	-	-	-	-	-	-	-	-	-	-	-	-	-	-	-	-	-	-	-	-	-	-	-	-	-	-	-	-	-	-	-	-	-	-	-	-	-	-	-	-	-	-	-	-	-	-	-	-	-	-	-	-	-	-	-	-	-	-	-	-	-	-	-	-	-	-	-	-	-	-	-	-	-	-	-	-	-	-	-	-	-	-	-	-	-	-	-	-	-	-	-	-	-	-	-	-	-	-	-	-	-	-	-	-	-	-	-	-	-	-	-	-	-	-	-	-	-	-	-	-	-	-	-	-	-	-	-	-	-	-	-	-	-	-	-	-	-	-	-	-	-	-	-	-	-	-	-	-	-	-	-	-	-	-	-	-	-	-	-	-	-	-	-	-	-	-	-	-	-	-	-	-	-	-	-	-	-	-	-	-	-	-	-	-	-	-	-	-	-	-	-	-	-	-	-	-	-	-	-	-	-	-	-	-	-	-	-	-	-	-	-	-	-	-	-	-	-	-	-	-	-	-	-	-	-	-	-	-	-	-	-	-	-	-	-	-	-	-	-	-	-	-	-	-	-	-	-	-	-	-	-	-	-	-	-	-	-	-	-	-	-	-	-	-	-	-	-	-	-	-	-	-	-	-	-	-	-	-	-	-	-	-	-	-	-	-	-	-	-	-	-	-	-	-	-	-	-	-	-	-	-	-	-	-	-	-	-	-	-	-	-	-	-	-	-	-	-	-	-	-	-	-	-	-	-	-	-	-	-	-	-	-	-	-	-	-	-	-	-	-	-	-	-	-	-	-	-	-	-	-	-	-	-	-	-	-	-	-	-	-	-	-	-	-	-	-	-	-	-	-	-	-	-	-	-	-	-	-	-	-	-	-	-	A	T	G	C	C	G	G	T	G	C	T	C	-	-	-	G	G	C	G	C	G	G	T	G	C	C	G	T	T	C	C	T	G	A	A	-	-	G	C	C	C	A	C	C	C	C	C	C	T	G	C	A	-	-	-	-	-	-	-	-	-	-	G	G	G	C	C	C	C	C	G	C	A	A	C	T	C	T	C	C	C	G	G	G	C	G	T	C	A	G	C	G	C	C	G	G	C	A	C	A	C	A	C	T	G	C	C	C	G	C	C	A	G	C	G	A	G	T	T	C	C	G	C	T	G	C	C	T	C	A	G	C	C	C	C	G	A	G	G	A	T	G	C	C	G	T	C	A	G	C	G	T	G	T	T	C	G	A	G	A	T	C	G	A	G	A	G	G	G	-	-	-	-	-	-	A	A	G	C	C	T	T	C	A	T	C	T	C	C	G	T	C	T	C	C	G	G	T	G	A	C	T	G	C	C	C	G	C	T	G	C	A	C	C	T	G	G	A	T	G	A	G	A	T	C	C	G	C	C	A	C	T	T	C	C	T	A	A	C	G	C	T	G	T	G	C	C	C	G	G	A	G	C	T	T	T	C	C	C	T	C	G	G	C	T	G	G	T	T	C	G	A	G	G	A	A	G	G	C	C	G	C	C	T	G	G	T	G	G	C	C	T	T	C	A	T	C	A	T	C	G	G	C	T	C	C	C	T	G	T	G	G	G	A	C	C	A	G	G	A	C	A	G	G	C	T	C	A	G	C	C	A	G	G	C	G	G	C	G	C	T	G	A	C	C	C	T	A	C	A	C	A	A	C	C	C	G	C	G	G	G	G	C	A	C	A	G	C	G	G	T	G	C	A	C	A	T	C	C	A	C	G	T	G	-	-	-	-	-	-	C	T	G	G	C	C	G	T	G	C	A	C	C	G	C	A	C	C	T	T	C	C	G	G	-	-	-	-	-	-	C	A	G	C	A	G	G	G	C	A	A	G	G	G	C	T	C	C	A	T	C	C	T	G	A	T	G	T	G	G	C	G	G	T	A	C	C	T	G	C	A	G	T	A	C	C	T	G	C	G	C	T	G	C	C	T	G	C	C	C	T	G	C	G	C	C	C	G	G	C	G	C	G	-	-	-	-	-	-	-	-	-	C	C	G	T	G	C	T	C	A	T	G	T	G	C	G	A	G	G	A	T	T	T	C	C	T	C	G	T	G	C	C	C	T	T	C	T	A	C	G	A	G	-	-	-	-	-	-	A	A	G	T	G	T	-	-	-	-	-	-	-	-	-	G	G	T	T	T	C	G	T	G	G	C	C	G	T	G	G	G	T	C	C	C	T	G	C	C	A	G	G	T	G	A	C	C	G	T	G	G	G	C	A	C	G	T	T	G	G	C	C	T	T	C	A	C	C	G	A	G	A	T	G	C	A	G	C	A	C	G	A	G	G	T	G	C	G	G	G	G	C	C	A	T	-	-	-	-	-	-	-	-	-	-	-	-	-	-	-	-	-	-	-	-	-	-	-	-	-	-	-	-	-	-	-	-	-	-	-	-	-	-	-	-	-	-	-	-	-	-	-	-	-	-	-	-	-	-	-	-	-	-	-	-	-	-	-	-	-	-	-	-	-	-	-	-	-	-	-	-	-	-	-	-	-	-	-	-	-	-	-	-	-	-	-	-	-	-	-	-	-	-	-	-	-	-	-	-	-	-	-	-	-	-	-	-	-	-	-	-	-	-	-	-	-	-	-	-	-	-	-	-	-	-	-	-	-	-	-	-	-	-	-	G	C	C	T	T	C	-	-	A	T	G	C	G	C	A	G	G	A	A	C	A	G	C	G	G	C	T	G	C	T	G	A	-	-	-	-	-	-	-	-	-	-	-	-	-	-	-	-	-	-	-	-	-	-	-	-	-	-	-	Chordata	Aves	Galliformes	Phasianidae	Gallus	11.7	1.2			diurnal	0.55	2.7			0.102564102564103	4.90909090909091
meleagris_gallopavo	-	-	-	-	-	-	-	-	-	-	-	-	-	-	-	-	-	-	-	-	-	-	-	-	-	-	-	-	-	-	-	-	-	-	-	-	-	-	-	-	-	-	-	-	-	-	-	-	-	-	-	-	-	-	-	-	-	-	-	-	-	-	-	-	-	-	-	-	-	-	-	-	-	-	-	-	-	-	-	-	-	-	-	-	-	-	-	-	-	-	-	-	-	-	-	-	-	-	-	-	-	-	-	-	-	-	-	-	-	-	-	-	-	-	-	-	-	-	-	-	-	-	-	-	-	-	-	-	-	-	-	-	-	-	-	-	-	-	-	-	-	-	-	-	-	-	-	-	-	-	-	-	-	-	-	-	-	-	-	-	-	-	-	-	-	-	-	-	-	-	-	-	-	-	-	-	-	-	-	-	-	-	-	-	-	-	-	-	-	-	-	-	-	-	-	-	-	-	-	-	-	-	-	-	-	-	-	-	-	-	-	-	-	-	-	-	-	-	-	-	-	-	-	-	-	-	-	-	-	-	-	-	-	-	-	-	-	-	-	-	-	-	-	-	-	-	-	-	-	-	-	-	-	-	-	-	-	-	-	-	-	-	-	-	-	-	-	-	-	-	-	-	-	-	-	-	-	-	-	-	-	-	-	-	-	-	-	-	-	-	-	-	-	-	-	-	-	-	-	-	-	-	-	-	-	-	-	-	-	-	-	-	-	-	-	-	-	-	-	-	-	-	-	-	-	-	-	-	-	-	-	-	-	-	-	-	-	-	-	-	-	-	-	-	-	-	-	-	-	-	-	-	-	-	-	-	-	-	-	-	-	-	-	-	-	-	-	-	-	-	-	-	-	-	-	-	-	-	-	-	-	-	-	-	-	-	-	-	-	-	-	-	-	-	-	-	-	-	-	-	-	-	-	-	-	-	-	-	-	-	-	-	-	-	-	-	-	-	-	-	-	-	-	-	-	-	-	-	-	-	-	-	-	-	-	-	-	-	-	-	-	-	-	-	-	-	-	-	-	-	-	-	-	-	-	-	-	-	-	-	-	-	-	-	-	-	-	-	-	-	-	-	-	-	-	-	-	-	-	-	-	-	-	-	-	-	-	-	-	-	-	-	-	-	-	A	T	G	C	C	G	G	C	G	C	T	C	-	-	-	A	G	C	G	C	G	G	T	G	C	C	G	T	T	C	C	T	G	A	A	-	-	G	C	C	C	A	C	C	C	A	C	C	C	G	C	A	-	-	-	-	-	-	-	-	-	-	G	G	G	C	C	C	A	C	G	C	A	A	T	T	C	T	C	C	C	G	G	C	C	G	C	C	A	G	C	G	C	C	G	G	C	A	C	A	C	G	C	T	G	C	C	T	G	C	C	A	G	C	G	A	G	T	T	C	C	G	C	T	G	C	C	T	C	A	G	C	C	C	C	G	A	G	G	A	T	G	C	C	G	T	C	A	G	C	G	T	G	T	T	C	G	A	G	A	T	C	G	A	G	A	G	G	G	-	-	-	-	-	-	A	A	G	C	C	T	T	C	A	T	C	T	C	C	G	T	C	T	C	C	G	G	T	G	A	C	T	G	C	C	C	G	C	T	G	C	A	C	C	T	G	G	A	C	G	A	G	A	T	C	C	G	C	C	A	T	T	T	C	C	T	G	A	C	G	C	T	G	T	G	C	C	C	G	G	A	G	C	T	C	T	C	C	C	T	C	G	G	C	T	G	G	T	T	C	G	A	G	G	A	A	G	G	G	C	G	C	C	T	G	G	T	G	G	C	C	T	T	C	A	T	C	A	T	C	G	G	C	T	C	C	C	T	C	T	G	G	G	A	C	C	A	G	G	A	C	A	G	G	C	T	C	A	G	C	C	A	G	G	C	A	G	C	G	C	T	G	A	C	C	C	T	G	C	A	C	G	A	G	C	C	G	C	G	G	G	G	C	A	C	A	G	C	C	G	T	G	C	A	C	A	T	C	C	A	C	G	T	G	-	-	-	-	-	-	C	T	G	G	C	C	G	T	G	C	A	C	C	G	A	A	C	C	T	T	C	C	G	G	-	-	-	-	-	-	C	A	G	C	A	G	G	G	C	A	A	G	G	G	T	T	C	C	A	T	C	C	T	G	A	T	G	T	G	G	C	G	A	T	A	C	C	T	G	C	A	G	T	A	C	C	T	G	C	G	C	T	G	C	C	T	G	C	C	C	C	G	C	G	C	C	C	G	G	C	G	C	G	-	-	-	-	-	-	-	-	-	C	C	G	T	G	C	T	C	A	T	G	T	G	C	G	A	A	C	A	T	T	T	C	C	T	C	G	T	G	C	C	C	T	T	C	T	A	C	G	A	G	-	-	-	-	-	-	A	A	G	T	G	T	-	-	-	-	-	-	-	-	-	G	G	T	T	T	C	A	A	A	G	C	T	C	T	G	G	G	T	C	C	C	T	G	C	C	A	G	G	T	G	A	C	G	G	T	G	G	G	C	G	C	G	T	T	G	G	C	C	T	T	C	A	C	T	G	A	G	A	T	G	C	A	G	C	A	C	G	A	G	G	T	G	C	G	G	G	G	C	C	A	T	-	-	-	-	-	-	-	-	-	-	-	-	-	-	-	-	-	-	-	-	-	-	-	-	-	-	-	-	-	-	-	-	-	-	-	-	-	-	-	-	-	-	-	-	-	-	-	-	-	-	-	-	-	-	-	-	-	-	-	-	-	-	-	-	-	-	-	-	-	-	-	-	-	-	-	-	-	-	-	-	-	-	-	-	-	-	-	-	-	-	-	-	-	-	-	-	-	-	-	-	-	-	-	-	-	-	-	-	-	-	-	-	-	-	-	-	-	-	-	-	-	-	-	-	-	-	-	-	-	-	-	-	-	-	-	-	-	-	-	G	C	C	T	T	C	-	-	A	T	G	C	G	C	A	G	G	A	A	C	A	G	C	G	G	C	T	G	C	T	G	A	-	-	-	-	-	-	-	-	-	-	-	-	-	-	-	-	-	-	-	-	-	-	-	-	-	-	-	Chordata	Aves	Galliformes	Phasianidae	Meleagris		0.57				5.5	7				1.27272727272727
erinaceus_europaeus	-	-	-	-	-	-	-	-	-	-	-	-	-	-	-	-	-	-	-	-	-	-	-	-	-	-	-	-	-	-	-	-	-	-	-	-	-	-	-	-	-	-	-	-	-	-	-	-	-	-	-	-	-	-	-	-	-	-	-	-	-	-	-	-	-	-	-	-	-	-	-	-	-	-	-	-	-	-	-	-	-	-	-	-	-	-	-	-	-	-	-	-	-	-	-	-	-	-	-	-	-	-	-	-	-	-	-	-	-	-	-	-	-	-	-	-	-	-	-	-	-	-	-	-	-	-	-	-	-	-	-	-	-	-	-	-	-	-	-	-	-	-	-	-	-	-	-	-	-	-	-	-	-	-	-	-	-	-	-	-	-	-	-	-	-	-	-	-	-	-	-	-	-	-	-	-	-	-	-	-	-	-	-	-	-	-	-	-	-	-	-	-	-	-	-	-	-	-	-	-	-	-	-	-	-	-	-	-	-	-	-	-	-	-	-	-	-	-	-	-	-	-	-	-	-	-	-	-	-	-	-	-	-	-	-	-	-	-	-	-	-	-	-	-	-	-	-	-	-	-	-	-	-	-	-	-	-	-	-	-	-	-	-	-	-	-	-	-	-	-	-	-	-	-	-	-	-	-	-	-	-	-	-	-	-	-	-	-	-	-	-	-	-	-	-	-	-	-	-	-	-	-	-	-	-	-	-	-	-	-	-	-	-	-	-	-	-	-	-	-	-	-	-	-	-	-	-	-	-	-	-	-	-	-	-	-	-	-	-	-	-	-	-	-	-	-	-	-	-	-	-	-	-	-	-	-	-	-	-	-	-	-	-	-	-	-	-	-	-	-	-	-	-	-	-	-	-	-	-	-	-	-	-	-	-	-	-	-	-	-	-	-	-	-	-	-	-	-	-	-	-	-	-	-	-	-	-	-	-	-	-	-	-	-	-	-	-	-	-	-	-	-	-	-	-	-	-	-	-	-	-	-	-	-	-	-	-	-	-	-	-	-	-	-	-	-	-	-	-	-	-	-	-	-	-	-	-	-	-	-	-	-	-	-	-	-	-	-	-	-	-	-	-	-	-	-	-	-	-	-	-	-	-	-	-	-	-	-	-	-	-	-	-	-	-	A	T	G	T	C	C	A	C	A	C	A	G	-	-	-	G	G	C	A	G	C	-	-	-	C	A	C	C	A	C	T	T	G	A	G	-	-	C	C	T	-	-	-	-	-	-	-	-	-	-	-	-	-	-	-	-	-	-	G	C	C	T	G	T	G	N	N	N	N	N	N	N	N	N	N	N	N	-	N	N	N	N	N	N	N	N	N	N	N	N	N	N	N	N	N	N	N	N	N	N	N	N	N	N	N	N	N	T	G	C	C	A	G	T	G	A	G	T	T	T	C	G	C	T	G	C	C	T	C	A	C	A	C	C	A	G	A	G	G	A	T	G	C	T	G	C	T	G	T	T	G	T	G	T	T	T	G	A	G	A	T	T	G	A	A	C	G	G	G	-	-	-	-	-	-	A	A	G	C	C	T	T	C	A	T	T	T	C	C	G	T	T	T	C	G	G	G	T	G	T	C	T	G	T	C	C	C	C	T	G	T	A	C	C	T	G	G	A	T	G	A	C	A	T	C	C	G	C	C	A	C	T	T	C	C	T	A	A	C	T	C	T	G	T	G	T	C	C	A	G	A	G	C	T	G	T	C	C	C	T	G	G	G	C	T	G	G	T	T	T	G	A	G	G	A	G	G	G	C	C	G	G	C	T	G	G	T	G	G	C	T	T	T	C	A	T	C	A	T	T	G	G	C	T	C	A	T	T	G	T	G	G	G	A	T	G	A	A	G	A	G	A	G	A	C	T	C	A	C	T	C	A	G	G	A	G	T	C	A	C	T	G	A	C	G	T	T	G	C	A	C	C	G	G	C	C	C	G	G	A	G	G	C	C	A	C	A	C	G	G	C	C	C	A	C	C	T	G	C	A	C	G	T	G	-	-	-	-	-	-	C	T	G	G	C	T	G	T	G	C	A	C	C	G	T	G	C	C	T	C	C	C	G	G	-	-	-	-	-	-	C	A	G	C	A	G	G	G	C	A	A	G	G	G	C	C	C	T	G	T	G	C	T	G	C	T	G	T	G	G	C	G	C	T	A	C	C	T	G	C	A	C	C	A	C	C	T	G	G	G	C	A	G	C	C	A	G	C	C	C	A	C	C	G	T	G	C	G	C	C	G	T	G	-	-	-	-	-	-	-	-	-	C	T	G	C	G	C	T	C	A	T	G	T	G	C	G	A	G	G	A	G	G	C	G	C	T	G	G	T	G	C	C	C	T	T	C	T	A	C	C	A	G	-	-	-	-	-	-	A	G	A	T	G	C	-	-	-	-	-	-	-	-	-	G	G	C	T	T	C	C	T	C	T	C	C	G	T	G	G	G	C	C	C	G	T	G	T	G	C	T	G	T	G	G	C	T	G	T	G	G	G	C	C	C	A	C	T	G	A	C	C	T	T	C	A	C	A	G	A	G	C	T	C	C	A	G	T	G	C	T	C	C	C	T	G	C	G	G	G	A	C	C	A	G	-	-	-	-	-	-	-	-	-	-	-	-	-	-	-	-	-	-	-	-	-	-	-	-	-	-	-	-	-	-	-	-	-	-	-	-	-	-	-	-	-	-	-	-	-	-	-	-	-	-	-	-	-	-	-	-	-	-	-	-	-	-	-	-	-	-	-	-	-	-	-	-	-	-	-	-	-	-	-	-	-	-	-	-	-	-	-	-	-	-	-	-	-	-	-	-	-	-	-	-	-	-	-	-	-	-	-	-	-	-	-	-	-	-	-	-	-	-	-	-	-	-	-	-	-	-	-	-	-	-	-	-	-	-	-	-	-	-	-	G	C	C	T	C	C	-	-	C	G	G	C	G	C	A	G	G	A	A	C	A	G	C	G	G	C	T	G	C	T	G	A	-	-	-	-	-	-	-	-	-	-	-	-	-	-	-	-	-	-	-	-	-	-	-	-	-	-	-	Chordata	Mammalia	Eulipotyphla	Erinaceidae	Erinaceus	10.1	3.5	6.6	Polyphasic	nocturnal	0.77	3.5	35.5	0.653465346534654	0.346534653465347	4.54545454545455
loxodonta_africana	-	-	-	-	-	-	-	-	-	-	-	-	-	-	-	-	-	-	-	-	-	-	-	-	-	-	-	-	-	-	-	-	-	-	-	-	-	-	-	-	-	-	-	-	-	-	-	-	-	-	-	-	-	-	-	-	-	-	-	-	-	-	-	-	-	-	-	-	-	-	-	-	-	-	-	-	-	-	-	-	-	-	-	-	-	-	-	-	-	-	-	-	-	-	-	-	-	-	-	-	-	-	-	-	-	-	-	-	-	-	-	-	-	-	-	-	-	-	-	-	-	-	-	-	-	-	-	-	-	-	-	-	-	-	-	-	-	-	-	-	-	-	-	-	-	-	-	-	-	-	-	-	-	-	-	-	-	-	-	-	-	-	-	-	-	-	-	-	-	-	-	-	-	-	-	-	-	-	-	-	-	-	-	-	-	-	-	-	-	-	-	-	-	-	-	-	-	-	-	-	-	-	-	-	-	-	-	-	-	-	-	-	-	-	-	-	-	-	-	-	-	-	-	-	-	-	-	-	-	-	-	-	-	-	-	-	-	-	-	-	-	-	-	-	-	-	-	-	-	-	-	-	-	-	-	-	-	-	-	-	-	-	-	-	-	-	-	-	-	-	-	-	-	-	-	-	-	-	-	-	-	-	-	-	-	-	-	-	-	-	-	-	-	-	-	-	-	-	-	-	-	-	-	-	-	-	-	-	-	-	-	-	-	-	-	-	-	-	-	-	-	-	-	-	-	-	-	-	-	-	-	-	-	-	-	-	-	-	-	-	-	-	-	-	-	-	-	-	-	-	-	-	-	-	-	-	-	-	-	-	-	-	-	-	-	-	-	-	-	-	-	-	-	-	-	-	-	-	-	-	-	-	-	-	-	-	-	-	-	-	-	-	-	-	-	-	-	-	-	-	-	-	-	-	-	-	-	-	-	-	-	-	-	-	-	-	-	-	-	-	-	-	-	-	-	-	-	-	-	-	-	-	-	-	-	-	-	-	-	-	-	-	-	-	-	-	-	-	-	-	-	-	-	-	-	-	-	-	-	-	-	-	-	-	-	-	-	-	-	-	-	-	-	-	-	-	-	-	-	-	-	-	-	-	-	-	-	-	-	-	-	-	-	-	-	A	T	G	T	C	C	A	C	G	C	A	G	-	-	-	A	G	T	G	T	C	-	-	-	C	A	C	G	C	C	T	T	G	A	A	-	-	G	C	T	G	G	C	C	A	C	C	C	T	G	T	G	G	C	T	C	C	C	G	C	C	T	G	A	G	G	T	C	C	C	C	G	A	C	T	C	C	-	C	C	A	A	G	C	C	G	C	C	A	G	C	G	T	C	G	C	C	A	C	A	C	A	C	T	C	C	C	G	G	C	G	A	G	C	G	A	G	T	T	C	C	G	C	T	G	C	C	T	C	T	C	C	C	C	A	G	A	G	G	A	T	G	C	C	A	C	C	A	G	C	G	T	G	T	T	T	G	A	G	G	T	C	G	A	G	C	G	G	G	-	-	-	-	-	-	A	A	G	C	C	T	T	C	A	T	T	T	C	C	G	T	C	T	C	T	G	G	C	C	T	C	T	G	C	C	C	C	C	T	G	T	A	C	C	T	G	G	A	T	G	A	G	A	T	C	C	G	G	C	A	C	T	T	C	C	T	G	A	T	T	A	T	G	T	G	T	C	C	A	G	A	G	C	T	A	T	C	C	C	T	G	G	G	C	T	G	G	T	T	C	G	A	G	G	A	G	G	G	C	C	G	C	C	T	T	G	T	T	G	C	C	T	T	C	A	T	C	A	T	T	G	G	C	T	C	A	C	T	G	T	G	G	G	A	C	G	A	G	G	A	G	A	G	A	C	T	C	A	C	T	C	A	G	G	A	G	T	C	G	C	T	G	A	C	G	C	T	G	C	A	C	A	G	G	C	C	C	G	G	G	G	G	C	C	G	C	A	C	A	G	C	C	C	A	C	C	T	G	C	A	C	G	T	G	-	-	-	-	-	-	C	T	G	G	C	T	G	T	G	A	A	C	C	A	C	A	A	C	T	T	C	C	G	G	-	-	-	-	-	-	C	A	G	C	A	G	G	G	C	A	A	G	G	G	C	T	C	C	G	T	C	C	T	G	C	T	G	T	G	G	C	G	C	T	A	C	C	T	G	C	A	G	C	A	C	C	T	G	G	G	C	A	G	G	C	A	G	C	C	G	G	C	C	T	T	G	T	G	C	C	G	C	G	-	-	-	-	-	-	-	-	-	T	C	G	T	G	C	T	C	A	T	G	T	G	T	G	A	G	G	A	C	C	C	A	C	T	G	G	T	G	C	C	C	T	T	C	T	A	C	G	A	G	-	-	-	-	-	-	A	A	G	T	T	T	-	-	-	-	-	-	-	-	-	G	G	C	T	T	C	C	G	G	G	C	C	G	T	G	G	G	C	C	C	C	T	G	C	G	C	A	G	T	C	A	C	C	G	T	G	G	T	C	T	C	C	C	T	G	G	C	C	T	T	C	A	T	C	G	A	G	C	T	C	C	A	G	T	G	C	A	G	C	C	T	G	C	G	T	G	G	C	C	A	C	-	-	-	-	-	-	-	-	-	-	-	-	-	-	-	-	-	-	-	-	-	-	-	-	-	-	-	-	-	-	-	-	-	-	-	-	-	-	-	-	-	-	-	-	-	-	-	-	-	-	-	-	-	-	-	-	-	-	-	-	-	-	-	-	-	-	-	-	-	-	-	-	-	-	-	-	-	-	-	-	-	-	-	-	-	-	-	-	-	-	-	-	-	-	-	-	-	-	-	-	-	-	-	-	-	-	-	-	-	-	-	-	-	-	-	-	-	-	-	-	-	-	-	-	-	-	-	-	-	-	-	-	-	-	-	-	-	-	-	G	C	C	T	T	C	-	-	C	T	G	C	G	C	A	G	G	A	A	C	A	G	C	G	G	C	T	G	C	T	G	A	-	-	-	-	-	-	-	-	-	-	-	-	-	-	-	-	-	-	-	-	-	-	-	-	-	-	-	Chordata	Mammalia	Proboscidea	Elephantidae	Loxodonta	3.3	0.4455	2.8545	Polyphasic	nocturnal	6654	5712	630	0.865	0.135	0.858431018935978
mesocricetus_auratus	-	-	-	-	-	-	-	-	-	-	-	-	-	-	-	-	-	-	-	-	-	-	-	-	-	-	-	-	-	-	-	-	-	-	-	-	-	-	-	-	-	-	-	-	-	-	-	-	-	-	-	-	-	-	-	-	-	-	-	-	-	-	-	-	-	-	-	-	-	-	-	-	-	-	-	-	-	-	-	-	-	-	-	-	-	-	-	-	-	-	-	-	-	-	-	-	-	-	-	-	-	-	-	-	-	-	-	-	-	-	-	-	-	-	-	-	-	-	-	-	-	-	-	-	-	-	-	-	-	-	-	-	-	-	-	-	-	-	-	-	-	-	-	-	-	-	-	-	-	-	-	-	-	-	-	-	-	-	-	-	-	-	-	-	-	-	-	-	-	-	-	-	-	-	-	-	-	-	-	-	-	-	-	-	-	-	-	-	-	-	-	-	-	-	-	-	-	-	-	-	-	-	-	-	-	-	-	-	-	-	-	-	-	-	-	-	-	-	-	-	-	-	-	-	-	-	-	-	-	-	-	-	-	-	-	-	-	-	-	-	-	-	-	-	-	-	-	-	-	-	-	-	-	-	-	-	-	-	-	-	-	-	-	-	-	-	-	-	-	-	-	-	-	-	-	-	-	-	-	-	-	-	-	-	-	-	-	-	-	-	-	-	-	-	-	-	-	-	-	-	-	-	-	-	-	-	-	-	-	-	-	-	-	-	-	-	-	-	-	-	-	-	-	-	-	-	-	-	-	-	-	-	-	-	-	-	-	-	-	-	-	-	-	-	-	-	-	-	-	-	-	-	-	-	-	-	-	-	-	-	-	-	-	-	-	-	-	-	-	-	-	-	-	-	-	-	-	-	-	-	-	-	-	-	-	-	-	-	-	-	-	-	-	-	-	-	-	-	-	-	-	-	-	-	-	-	-	-	-	-	-	-	-	-	-	-	-	-	-	-	-	-	-	-	-	-	-	-	-	-	-	-	-	-	-	-	-	-	-	-	-	-	-	-	-	-	-	-	-	-	-	-	-	-	-	-	-	-	-	-	-	-	-	-	-	-	-	-	-	-	-	-	-	-	-	-	-	-	-	-	-	-	-	-	-	-	-	-	-	-	-	-	-	-	-	A	T	G	C	C	C	A	T	G	T	T	G	-	-	-	A	G	C	C	C	C	-	-	-	C	A	C	T	C	C	C	T	G	A	A	-	-	A	C	C	T	G	A	C	A	C	C	C	T	G	C	A	C	C	T	G	C	C	A	C	C	T	G	G	G	A	C	C	T	C	G	G	A	G	T	T	C	-	C	T	A	G	G	C	T	G	C	C	A	G	C	G	G	C	G	C	C	A	C	A	C	A	C	T	C	C	C	T	G	C	C	A	G	C	G	A	G	T	T	C	C	G	T	T	G	C	C	T	T	A	C	C	C	C	C	C	A	G	G	A	T	G	C	C	A	T	C	A	G	C	G	T	G	T	T	T	G	A	G	A	T	T	G	A	G	C	G	T	G	-	-	-	-	-	-	A	A	G	G	T	-	-	-	-	-	-	-	-	-	-	-	-	-	-	-	-	-	-	-	-	-	-	-	-	-	-	-	-	-	-	-	-	-	-	-	-	-	-	-	-	-	-	-	-	-	-	-	-	-	-	-	-	-	-	-	-	-	-	-	-	-	-	-	-	-	-	-	-	-	G	A	G	T	G	G	C	A	C	T	T	G	G	G	A	A	G	G	T	A	C	T	C	G	G	A	G	G	A	-	-	-	-	-	-	G	G	T	G	A	C	T	G	T	T	G	T	C	-	-	-	-	-	-	-	-	-	-	-	-	-	-	-	-	-	-	-	-	-	-	-	-	-	-	-	T	T	C	C	C	T	G	A	G	G	A	G	T	C	A	C	T	G	A	C	A	C	T	G	C	A	C	A	G	G	C	C	T	G	G	A	G	G	C	C	G	C	A	C	C	G	C	C	C	A	C	C	T	G	C	A	C	G	T	C	-	-	-	-	-	-	C	T	G	G	C	G	G	T	G	C	A	C	C	G	C	A	C	C	T	T	C	C	G	G	-	-	-	-	-	-	C	A	G	C	A	G	G	G	C	A	A	G	G	G	C	T	C	T	G	T	C	T	T	G	C	T	G	T	G	G	C	G	A	T	A	C	C	T	G	C	A	C	C	A	C	C	T	G	G	G	G	A	G	C	C	A	G	C	C	A	G	C	C	G	T	G	C	G	C	C	G	G	G	-	-	-	-	-	-	-	-	-	C	T	G	T	G	C	T	C	A	T	G	T	G	C	G	A	G	G	A	C	G	C	A	C	T	G	G	T	G	C	C	C	T	T	C	T	A	T	G	A	G	-	-	-	-	-	-	A	A	A	T	T	T	-	-	-	-	-	-	-	-	-	G	G	C	T	T	C	C	A	G	G	C	G	G	T	G	G	G	C	C	C	G	T	G	C	G	C	C	G	T	C	A	C	C	G	T	G	G	G	C	T	C	C	C	T	C	A	C	C	T	T	C	A	T	G	G	A	G	C	T	A	C	A	G	T	G	C	T	C	C	T	T	A	C	G	G	T	G	C	C	A	T	-	-	-	-	-	-	-	-	-	-	-	-	-	-	-	-	-	-	-	-	-	-	-	-	-	-	-	-	-	-	-	-	-	-	-	-	-	-	-	-	-	-	-	-	-	-	-	-	-	-	-	-	-	-	-	-	-	-	-	-	-	-	-	-	-	-	-	-	-	-	-	-	-	-	-	-	-	-	-	-	-	-	-	-	-	-	-	-	-	-	-	-	-	-	-	-	-	-	-	-	-	-	-	-	-	-	-	-	-	-	-	-	-	-	-	-	-	-	-	-	-	-	-	-	-	-	-	-	-	-	-	-	-	-	-	-	-	-	-	G	C	C	T	T	C	-	-	C	T	G	C	G	C	A	G	G	A	A	C	A	G	C	G	G	C	T	G	C	T	G	A	-	-	-	-	-	-	-	-	-	-	-	-	-	-	-	-	-	-	-	-	-	-	-	-	-	-	-	Chordata	Mammalia	Rodentia	Cricetidae	Mesocricetus	14.3	3.1	11.2	Polyphasic	nocturnal	0.12	1	16	0.783216783216783	0.216783216783217	8.33333333333333
ursus_maritimus	-	-	-	-	-	-	-	-	-	-	-	-	-	-	-	-	-	-	-	-	-	-	-	-	-	-	-	-	-	-	-	-	-	-	-	-	-	-	-	-	-	-	-	-	-	-	-	-	-	-	-	-	-	-	-	-	-	-	-	-	-	-	-	-	-	-	-	-	-	-	-	-	-	-	-	-	-	-	-	-	-	-	-	-	-	-	-	-	-	-	-	-	-	-	-	-	-	-	-	-	-	-	-	-	-	-	-	-	-	-	-	-	-	-	-	-	-	-	-	-	-	-	-	-	-	-	-	-	-	-	-	-	-	-	-	-	-	-	-	-	-	-	-	-	-	-	-	-	-	-	-	-	-	-	-	-	-	-	-	-	-	-	-	-	-	-	-	-	-	-	-	-	-	-	-	-	-	-	-	-	-	-	-	-	-	-	-	-	-	-	-	-	-	-	-	-	-	-	-	-	-	-	-	-	-	-	-	-	-	-	-	-	-	-	-	-	-	-	-	-	-	-	-	-	-	-	-	-	-	-	-	-	-	-	-	-	-	-	-	-	-	-	-	-	-	-	-	-	-	-	-	-	-	-	-	-	-	-	-	-	-	-	-	-	-	-	-	-	-	-	-	-	-	-	-	-	-	-	-	-	-	-	-	-	-	-	-	-	-	-	-	-	-	-	-	-	-	-	-	-	-	-	-	-	-	-	-	-	-	-	-	-	-	-	-	-	-	-	-	-	-	-	-	-	-	-	-	-	-	-	-	-	-	-	-	-	-	-	-	-	-	-	-	-	-	-	-	-	-	-	-	-	-	-	-	-	-	-	-	-	-	-	-	-	-	-	-	-	-	-	-	-	-	-	-	-	-	-	-	-	-	-	-	-	-	-	-	-	-	-	-	-	-	-	-	-	-	-	-	-	-	-	-	-	-	-	-	-	-	-	-	-	-	-	-	-	-	-	-	-	-	-	-	-	-	-	-	-	-	-	-	-	-	-	-	-	-	-	-	-	-	-	-	-	-	-	-	-	-	-	-	-	-	-	-	-	-	-	-	-	-	-	-	-	-	-	-	-	-	-	-	-	-	-	-	-	-	-	-	-	-	-	-	-	-	-	-	-	-	-	-	-	-	-	-	A	T	G	G	C	C	A	C	A	C	A	G	-	-	-	A	G	C	G	C	A	-	-	-	C	A	C	G	G	C	C	T	G	G	A	-	-	G	C	C	C	G	A	G	G	C	C	T	C	G	G	A	C	C	T	G	C	G	G	C	C	T	G	G	G	A	T	C	C	C	A	G	A	G	A	C	C	-	C	C	A	G	G	C	C	G	C	C	C	G	C	G	G	C	G	C	C	A	C	A	C	G	C	T	T	C	C	T	G	C	C	A	G	T	G	A	G	C	T	C	C	G	C	T	G	C	C	T	C	A	C	C	C	C	G	G	A	G	G	A	T	G	C	C	A	C	C	A	G	C	G	T	G	T	T	T	G	A	G	A	T	C	G	A	G	C	G	C	G	-	-	-	-	-	-	A	A	G	C	C	T	T	C	A	T	C	T	C	T	G	T	C	T	T	G	G	G	C	A	T	C	T	G	C	C	C	C	T	T	G	T	A	T	C	T	G	G	A	T	G	A	G	G	T	C	A	A	G	C	A	C	T	T	C	C	T	G	A	C	C	C	T	G	T	G	T	C	C	A	G	A	G	C	T	G	T	C	C	C	T	G	G	G	C	T	G	G	T	T	C	C	A	G	G	A	A	G	G	C	C	G	C	C	T	C	G	T	G	G	C	C	T	T	C	A	T	C	A	T	C	G	G	C	T	C	G	C	T	T	T	G	G	G	A	C	C	A	G	G	A	G	A	G	A	C	T	C	A	C	T	C	A	G	G	-	-	-	-	-	-	T	G	A	-	-	-	-	G	G	G	C	A	G	G	A	T	-	-	G	G	G	G	C	T	G	G	G	A	C	G	C	T	C	A	G	C	C	G	-	-	-	-	-	-	-	-	-	-	-	-	C	T	G	G	-	-	-	-	-	-	-	-	-	A	A	A	G	C	C	T	C	T	G	G	-	-	-	-	-	-	A	A	G	G	G	A	G	G	C	-	-	T	G	C	C	A	C	C	C	C	C	A	A	G	C	C	C	T	G	G	C	T	T	C	T	C	T	T	G	C	T	C	A	G	A	-	-	G	G	G	A	G	G	C	A	G	A	G	G	A	G	C	C	C	A	G	G	G	G	C	T	G	G	A	A	T	T	T	C	T	T	C	C	T	C	T	G	G	T	C	C	T	C	T	G	C	G	G	G	G	T	C	A	A	A	A	A	G	A	C	T	C	A	C	C	T	C	T	T	C	G	G	G	G	C	T	C	A	A	A	G	G	C	C	T	T	C	A	T	G	A	A	G	G	G	C	C	C	T	C	C	A	T	G	G	G	G	T	G	G	A	G	G	G	T	A	G	A	G	T	T	C	C	C	A	A	T	T	T	G	G	G	G	C	C	C	T	C	C	A	C	G	G	G	T	G	G	G	A	A	G	-	-	-	-	G	G	A	G	C	C	C	C	G	T	T	T	G	G	A	G	G	C	A	C	-	-	-	-	-	-	-	-	-	-	-	-	-	-	-	-	-	-	-	-	-	-	-	-	-	-	-	-	-	-	-	-	-	-	-	-	-	-	-	-	-	-	-	-	-	-	-	-	-	-	-	-	-	-	-	-	-	-	-	-	-	-	-	-	-	-	-	-	-	-	-	-	-	-	-	-	-	-	-	-	-	-	-	-	-	-	-	-	-	-	-	-	-	-	-	-	-	-	-	-	-	-	-	-	-	-	-	-	-	-	-	-	-	-	-	-	-	-	-	-	-	-	-	-	-	-	T	C	A	G	G	A	G	A	C	A	C	T	T	G	C	T	C	T	C	G	G	C	T	G	G	G	T	G	G	G	G	G	T	A	G	-	-	-	-	-	-	-	-	-	-	-	-	-	-	-	-	-	-	-	-	-	-	-	-	-	-	-	-	-	-	-	-	-	-	-	-	-	Chordata	Mammalia	Carnivora	Ursidae	Ursus	7.5										
dipodomys_ordii	-	-	-	-	-	-	-	-	-	-	-	-	-	-	-	-	-	-	-	-	-	-	-	-	-	-	-	-	-	-	-	-	-	-	-	-	-	-	-	-	-	-	-	-	-	-	-	-	-	-	-	-	-	-	-	-	-	-	-	-	-	-	-	-	-	-	-	-	-	-	-	-	-	-	-	-	-	-	-	-	-	-	-	-	-	-	-	-	-	-	-	-	-	-	-	-	-	-	-	-	-	-	-	-	-	-	-	-	-	-	-	-	-	-	-	-	-	-	-	-	-	-	-	-	-	-	-	-	-	-	-	-	-	-	-	-	-	-	-	-	-	-	-	-	-	-	-	-	-	-	-	-	-	-	-	-	-	-	-	-	-	-	-	-	-	-	-	-	-	-	-	-	-	-	-	-	-	-	-	-	-	-	-	-	-	-	-	-	-	-	-	-	-	-	-	-	-	-	-	-	-	-	-	-	-	-	-	-	-	-	-	-	-	-	-	-	-	-	-	-	-	-	-	-	-	-	-	-	-	-	-	-	-	-	-	-	-	-	-	-	-	-	-	-	-	-	-	-	-	-	-	-	-	-	-	-	-	-	-	-	-	-	-	-	-	-	-	-	-	-	-	-	-	-	-	-	-	-	-	-	-	-	-	-	-	-	-	-	-	-	-	-	-	-	-	-	-	-	-	-	-	-	-	-	-	-	-	-	-	-	-	-	-	-	-	-	-	-	-	-	-	-	-	-	-	-	-	-	-	-	-	-	-	-	-	-	-	-	-	-	-	-	-	-	-	-	-	-	-	-	-	-	-	-	-	-	-	-	-	-	-	-	-	-	-	-	-	-	-	-	-	-	-	-	-	-	-	-	-	-	-	-	-	-	-	-	-	-	-	-	-	-	-	-	-	-	-	-	-	-	-	-	-	-	-	-	-	-	-	-	-	-	-	-	-	-	-	-	-	-	-	-	-	-	-	-	-	-	-	-	-	-	-	-	-	-	-	-	-	-	-	-	-	-	-	-	-	-	-	-	-	-	-	-	-	-	-	-	-	-	-	-	-	-	-	-	-	-	-	-	-	-	-	-	-	-	-	-	-	-	-	-	-	-	-	-	-	-	-	-	-	-	-	-	-	A	T	G	A	A	T	G	C	A	T	T	G	-	-	-	A	G	C	A	T	C	-	-	-	T	G	C	C	C	C	C	T	G	A	A	-	-	A	C	C	T	G	A	G	G	C	C	T	T	G	T	G	C	C	T	G	C	C	A	C	C	T	G	G	G	G	C	T	G	C	A	G	A	G	T	C	C	-	C	C	G	G	G	C	T	G	C	C	A	G	C	G	G	C	G	C	C	A	C	A	C	A	C	T	C	C	C	T	G	C	C	A	G	C	G	A	G	T	T	T	C	G	C	T	G	C	C	T	G	A	C	C	C	C	C	G	A	T	G	A	T	G	C	C	G	T	C	A	G	C	G	T	G	T	T	T	G	A	G	A	T	T	G	A	G	C	G	G	G	-	-	-	-	-	-	A	A	G	C	C	T	T	C	A	T	C	T	C	T	G	T	C	T	C	G	G	G	C	G	C	C	T	G	T	C	C	C	C	T	G	C	G	C	C	T	G	G	A	T	G	A	G	G	T	C	C	G	G	C	A	C	T	T	C	C	T	C	A	C	C	C	T	G	T	G	T	C	C	A	G	A	C	C	T	G	T	C	C	C	T	G	G	G	C	T	G	G	T	T	C	C	A	G	G	A	G	G	G	C	C	G	C	C	T	C	G	T	A	G	C	C	T	T	C	A	T	C	A	T	T	G	G	C	T	C	C	C	T	T	T	G	G	G	A	C	C	A	G	G	A	G	A	G	A	C	T	C	A	C	G	C	A	G	G	A	G	T	C	C	C	T	G	A	C	G	C	T	G	C	A	C	C	G	C	C	C	C	G	G	G	G	G	C	C	G	C	A	C	G	G	C	C	C	A	C	C	T	G	C	A	C	G	T	G	-	-	-	-	-	-	C	T	G	G	C	G	G	T	G	C	A	G	C	G	C	G	C	C	T	G	C	C	G	G	-	-	-	-	-	-	C	A	G	C	A	G	G	G	C	A	A	G	G	G	C	T	C	C	G	T	C	C	T	G	C	T	G	T	G	G	A	G	G	T	A	C	C	T	G	C	A	G	C	A	C	C	T	G	G	G	C	A	G	C	C	A	G	C	C	G	G	C	C	G	T	G	C	A	C	C	G	G	G	-	-	-	-	-	-	-	-	-	C	G	G	T	G	C	T	C	A	T	G	T	G	C	G	A	G	G	A	C	A	A	G	C	T	G	G	T	A	C	C	C	T	T	C	T	A	C	C	A	G	-	-	-	-	-	-	A	A	G	T	T	C	-	-	-	-	-	-	-	-	-	G	G	C	T	T	T	G	A	G	C	G	C	G	T	G	G	G	C	C	G	G	T	G	C	G	C	C	G	T	G	G	C	C	G	T	G	G	G	C	C	C	C	C	T	C	A	C	C	T	T	C	A	C	G	G	A	G	C	T	C	C	A	G	T	G	C	T	C	G	C	T	G	C	G	G	G	G	C	C	A	T	-	-	-	-	-	-	-	-	-	-	-	-	-	-	-	-	-	-	-	-	-	-	-	-	-	-	-	-	-	-	-	-	-	-	-	-	-	-	-	-	-	-	-	-	-	-	-	-	-	-	-	-	-	-	-	-	-	-	-	-	-	-	-	-	-	-	-	-	-	-	-	-	-	-	-	-	-	-	-	-	-	-	-	-	-	-	-	-	-	-	-	-	-	-	-	-	-	-	-	-	-	-	-	-	-	-	-	-	-	-	-	-	-	-	-	-	-	-	-	-	-	-	-	-	-	-	-	-	-	-	-	-	-	-	-	-	-	-	-	G	C	C	T	C	C	-	-	A	A	G	C	G	C	A	G	G	A	A	C	A	G	C	G	G	C	T	G	C	T	G	A	-	-	-	-	-	-	-	-	-	-	-	-	-	-	-	-	-	-	-	-	-	-	-	-	-	-	-	Chordata	Mammalia	Rodentia	Heteromyidae	Dipodomys	16	2.72	13.28		nocturnal	0.12		30.7	0.83	0.17	
mus_musculus	-	-	-	-	-	-	-	-	-	-	-	-	-	-	-	-	-	-	-	-	-	-	-	-	-	-	-	-	-	-	-	-	-	-	-	-	-	-	-	-	-	-	-	-	-	-	-	-	-	-	-	-	-	-	-	-	-	-	-	-	-	-	-	-	-	-	-	-	-	-	-	-	-	-	-	-	-	-	-	-	-	-	-	-	-	-	-	-	-	-	-	-	-	-	-	-	-	-	-	-	-	-	-	-	-	-	-	-	-	-	-	-	-	-	-	-	-	-	-	-	-	-	-	-	-	-	-	-	-	-	-	-	-	-	-	-	-	-	-	-	-	-	-	-	-	-	-	-	-	-	-	-	-	-	-	-	-	-	-	-	-	-	-	-	-	-	-	-	-	-	-	-	-	-	-	-	-	-	-	-	-	-	-	-	-	-	-	-	-	-	-	-	-	-	-	-	-	-	-	-	-	-	-	-	-	-	-	-	-	-	-	-	-	-	-	-	-	-	-	-	-	-	-	-	-	-	-	-	-	-	-	-	-	-	-	-	-	-	-	-	-	-	-	-	-	-	-	-	-	-	-	-	-	-	-	-	-	-	-	-	-	-	-	-	-	-	-	-	-	-	-	-	-	-	-	-	-	-	-	-	-	-	-	-	-	-	-	-	-	-	-	-	-	-	-	-	-	-	-	-	-	-	-	-	-	-	-	-	-	-	-	-	-	-	-	-	-	-	-	-	-	-	-	-	-	-	-	-	-	-	-	-	-	-	-	-	-	-	-	-	-	-	-	-	-	-	-	-	-	-	-	-	-	-	-	-	-	-	-	-	-	-	-	-	-	-	-	-	-	-	-	-	-	-	-	-	-	-	-	-	-	-	-	-	-	-	-	-	-	-	-	-	-	-	-	-	-	-	-	-	-	-	-	-	-	-	-	-	-	-	-	-	-	-	-	-	-	-	-	-	-	-	-	-	-	-	-	-	-	-	-	-	-	-	-	-	-	-	-	-	-	-	-	-	-	-	-	-	-	-	-	-	-	-	-	-	-	-	-	-	-	-	-	-	-	-	-	-	-	-	-	-	-	-	-	-	-	-	-	-	-	-	-	-	-	-	-	-	-	-	-	-	-	-	-	-	-	-	-	-	-	A	T	G	T	T	G	-	-	-	A	A	C	A	T	C	-	-	-	A	A	C	T	C	C	C	T	G	A	A	-	-	A	C	C	T	G	A	G	G	C	C	C	T	G	C	A	C	C	T	G	C	C	A	C	T	T	G	G	G	A	C	C	T	C	A	G	A	G	T	T	C	-	C	T	A	G	G	C	T	G	C	C	A	G	C	G	G	C	G	C	C	A	C	A	C	A	C	T	C	C	C	T	G	C	C	A	G	T	G	A	G	T	T	C	C	G	C	T	G	C	C	T	C	A	C	A	C	C	T	G	A	G	G	A	T	G	C	C	A	C	C	A	G	T	G	C	G	T	T	T	G	A	G	A	T	T	G	A	G	C	G	G	G	-	-	-	-	-	-	A	A	G	C	C	T	T	T	A	T	C	T	C	T	G	T	C	T	C	C	G	G	T	A	C	C	T	G	T	C	C	C	C	T	C	T	A	C	T	T	G	G	A	T	G	A	G	A	T	C	C	G	G	C	A	C	T	T	C	C	T	A	A	C	C	C	T	G	T	G	T	C	C	A	G	A	G	C	T	G	T	C	A	C	T	G	G	G	C	T	G	G	T	T	T	G	A	G	G	A	A	G	G	C	T	G	C	C	T	T	G	T	G	G	C	C	T	T	C	A	T	C	A	T	T	G	G	C	T	C	G	C	T	G	T	G	G	G	A	C	A	A	G	G	A	G	A	G	A	C	T	T	A	C	T	C	A	G	G	A	G	T	C	G	C	T	G	A	C	A	C	T	A	C	A	C	A	G	G	C	C	C	G	G	A	G	G	C	C	G	C	A	C	A	G	C	C	C	A	C	C	T	G	C	A	C	G	T	A	-	-	-	-	-	-	C	T	G	G	C	G	G	T	G	C	A	C	A	G	A	A	C	C	T	T	C	C	G	G	-	-	-	-	-	-	C	A	G	C	A	G	G	G	C	A	A	G	G	G	C	T	C	T	G	T	C	C	T	C	C	T	G	T	G	G	A	G	A	T	A	C	C	T	T	C	A	C	C	A	C	C	T	G	G	G	C	A	G	T	C	A	G	C	C	G	G	C	C	G	T	G	C	G	C	C	G	G	G	-	-	-	-	-	-	-	-	-	C	T	G	T	G	C	T	C	A	T	G	T	G	T	G	A	G	G	A	T	G	C	C	C	T	G	G	T	A	C	C	C	T	T	C	T	A	T	G	A	G	-	-	-	-	-	-	A	A	A	T	T	T	-	-	-	-	-	-	-	-	-	G	G	C	T	T	C	C	A	G	G	C	T	G	T	G	G	G	C	C	C	A	T	G	T	G	C	C	A	T	C	A	C	C	G	T	G	G	G	C	T	C	T	C	T	C	A	C	C	T	T	C	A	C	G	G	A	G	C	T	A	C	A	G	T	G	T	T	C	C	T	T	A	C	G	A	T	G	C	C	A	C	-	-	-	-	-	-	-	-	-	-	-	-	-	-	-	-	-	-	-	-	-	-	-	-	-	-	-	-	-	-	-	-	-	-	-	-	-	-	-	-	-	-	-	-	-	-	-	-	-	-	-	-	-	-	-	-	-	-	-	-	-	-	-	-	-	-	-	-	-	-	-	-	-	-	-	-	-	-	-	-	-	-	-	-	-	-	-	-	-	-	-	-	-	-	-	-	-	-	-	-	-	-	-	-	-	-	-	-	-	-	-	-	-	-	-	-	-	-	-	-	-	-	-	-	-	-	-	-	-	-	-	-	-	-	-	-	-	-	-	G	C	C	T	T	C	-	-	C	T	G	C	G	C	A	G	G	A	A	C	A	G	C	G	G	C	T	G	C	T	G	A	-	-	-	-	-	-	-	-	-	-	-	-	-	-	-	-	-	-	-	-	-	-	-	-	-	-	-	Chordata	Mammalia	Rodentia	Muridae	Mus	12.5	1.4	11.1	Polyphasic	nocturnal	0.022	0.4	21.2	0.888	0.112	18.1818181818182
rattus_norvegicus	-	-	-	-	-	-	-	-	-	-	-	-	-	-	-	-	-	-	-	-	-	-	-	-	-	-	-	-	-	-	-	-	-	-	-	-	-	-	-	-	-	-	-	-	-	-	-	-	-	-	-	-	-	-	-	-	-	-	-	-	-	-	-	-	-	-	-	-	-	-	-	-	-	-	-	-	-	-	-	-	-	-	-	-	-	-	-	-	-	-	-	-	-	-	-	-	-	-	-	-	-	-	-	-	-	-	-	-	-	-	-	-	-	-	-	-	-	-	-	-	-	-	-	-	-	-	-	-	-	-	-	-	-	-	-	-	-	-	-	-	-	-	-	-	-	-	-	-	-	-	-	-	-	-	-	-	-	-	-	-	-	-	-	-	-	-	-	-	-	-	-	-	-	-	-	-	-	-	-	-	-	-	-	-	-	-	-	-	-	-	-	-	-	-	-	-	-	-	-	-	-	-	-	-	-	-	-	-	-	-	-	-	-	-	-	-	-	-	-	-	-	-	-	-	-	-	-	-	-	-	-	-	-	-	-	-	-	-	-	-	-	-	-	-	-	-	-	-	-	-	-	-	-	-	-	-	-	-	-	-	-	-	-	-	-	-	-	-	-	-	-	-	-	-	-	-	-	-	-	-	-	-	-	-	-	-	-	-	-	-	-	-	-	-	-	-	-	-	-	-	-	-	-	-	-	-	-	-	-	-	-	-	-	-	-	-	-	-	-	-	-	-	-	-	-	-	-	-	-	-	-	-	-	-	-	-	-	-	-	-	-	-	-	-	-	-	-	-	-	-	-	-	-	-	-	-	-	-	-	-	-	-	-	-	-	-	-	-	-	-	-	-	-	-	-	-	-	-	-	-	-	-	-	-	-	-	-	-	-	-	-	-	-	-	-	-	-	-	-	-	-	-	-	-	-	-	-	-	-	-	-	-	-	-	-	-	-	-	-	-	-	-	-	-	-	-	-	-	-	-	-	-	-	-	-	-	-	-	-	-	-	-	-	-	-	-	-	-	-	-	-	-	-	-	-	-	-	-	-	-	-	-	-	-	-	-	-	-	-	-	-	-	-	-	-	-	-	-	-	-	-	-	-	-	-	-	-	-	-	-	-	-	-	-	-	-	-	-	-	-	-	A	T	G	T	T	G	-	-	-	A	G	C	A	T	C	-	-	-	C	A	C	C	C	C	C	T	G	A	A	-	-	A	C	C	T	G	A	G	G	C	C	C	T	G	C	A	T	C	T	G	C	C	T	C	T	T	G	G	G	A	C	C	T	C	A	G	A	G	T	T	C	-	C	T	A	G	G	C	T	G	C	C	A	G	C	G	G	C	G	C	C	A	C	A	C	A	C	T	C	C	C	T	G	C	C	A	G	T	G	A	G	T	T	C	C	G	C	T	G	C	C	T	C	A	C	G	C	C	G	G	A	G	G	A	T	G	C	C	A	C	C	A	G	T	G	C	G	T	T	T	G	A	G	A	T	T	G	A	G	C	G	C	G	-	-	-	-	-	-	A	A	G	C	C	T	T	T	A	T	C	T	C	A	G	T	C	T	C	G	G	G	T	A	C	C	T	G	C	C	C	C	C	T	C	C	A	C	T	T	G	G	A	T	G	A	G	A	T	C	C	G	G	C	A	C	T	T	C	C	T	C	A	C	C	C	T	G	T	G	T	C	C	A	G	A	G	C	T	G	T	C	A	C	T	G	G	G	C	T	G	G	T	T	C	G	A	G	G	A	G	G	G	C	T	G	T	C	T	T	G	T	G	G	C	C	T	T	C	A	T	C	A	T	C	G	G	T	T	C	A	C	T	T	T	G	G	G	A	C	A	A	G	G	A	G	A	G	A	C	T	T	A	C	T	C	A	G	G	A	G	T	C	G	C	T	G	A	C	A	C	T	A	C	A	C	A	G	G	C	C	T	G	G	A	G	G	C	C	G	C	A	C	G	G	C	C	C	A	C	C	T	G	C	A	C	G	T	A	-	-	-	-	-	-	C	T	G	G	C	C	G	T	G	C	A	C	C	G	A	A	C	C	T	T	C	C	G	G	-	-	-	-	-	-	C	A	G	C	A	G	G	G	C	A	A	G	G	G	C	T	C	C	G	T	C	C	T	G	C	T	G	T	G	G	C	G	A	T	A	C	C	T	T	C	A	C	C	A	C	C	T	G	G	G	G	A	G	T	C	A	G	C	C	G	G	C	G	G	T	G	C	G	C	C	G	G	G	-	-	-	-	-	-	-	-	-	C	T	G	T	G	C	T	C	A	T	G	T	G	C	G	A	G	A	A	C	G	C	C	C	T	G	G	T	G	C	C	C	T	T	C	T	A	T	G	A	G	-	-	-	-	-	-	A	A	A	T	T	T	-	-	-	-	-	-	-	-	-	G	G	T	T	T	C	C	A	G	G	C	C	A	T	G	G	G	C	C	C	G	T	G	C	G	C	C	A	T	C	A	C	C	A	T	G	G	G	A	T	C	T	C	T	C	A	C	C	T	T	C	A	C	T	G	A	G	C	T	G	C	A	A	T	G	T	T	C	C	T	T	A	C	G	G	T	G	C	C	A	C	-	-	-	-	-	-	-	-	-	-	-	-	-	-	-	-	-	-	-	-	-	-	-	-	-	-	-	-	-	-	-	-	-	-	-	-	-	-	-	-	-	-	-	-	-	-	-	-	-	-	-	-	-	-	-	-	-	-	-	-	-	-	-	-	-	-	-	-	-	-	-	-	-	-	-	-	-	-	-	-	-	-	-	-	-	-	-	-	-	-	-	-	-	-	-	-	-	-	-	-	-	-	-	-	-	-	-	-	-	-	-	-	-	-	-	-	-	-	-	-	-	-	-	-	-	-	-	-	-	-	-	-	-	-	-	-	-	-	-	A	C	C	T	T	C	-	-	C	T	G	A	G	G	A	G	G	A	A	C	A	G	T	G	G	C	T	G	C	T	G	A	-	-	-	-	-	-	-	-	-	-	-	-	-	-	-	-	-	-	-	-	-	-	-	-	-	-	-	Chordata	Mammalia	Rodentia	Muridae	Rattus	13	2.4	10.6	Polyphasic	nocturnal	0.32	1.9	21.8	0.815384615384615	0.184615384615385	5.9375
microtus_ochrogaster	-	-	-	-	-	-	-	-	-	-	-	-	-	-	-	-	-	-	-	-	-	-	-	-	-	-	-	-	-	-	-	-	-	-	-	-	-	-	-	-	-	-	-	-	-	-	-	-	-	-	-	-	-	-	-	-	-	-	-	-	-	-	-	-	-	-	-	-	-	-	-	-	-	-	-	-	-	-	-	-	-	-	-	-	-	-	-	-	-	-	-	-	-	-	-	-	-	-	-	-	-	-	-	-	-	-	-	-	-	-	-	-	-	-	-	-	-	-	-	-	-	-	-	-	-	-	-	-	-	-	-	-	-	-	-	-	-	-	-	-	-	-	-	-	-	-	-	-	-	-	-	-	-	-	-	-	-	-	-	-	-	-	-	-	-	-	-	-	-	-	-	-	-	-	-	-	-	-	-	-	-	-	-	-	-	-	-	-	-	-	-	-	-	-	-	-	-	-	-	-	-	-	-	-	-	-	-	-	-	-	-	-	-	-	-	-	-	-	-	-	-	-	-	-	-	-	-	-	-	-	-	-	-	-	-	-	-	-	-	-	-	-	-	-	-	-	-	-	-	-	-	-	-	-	-	-	-	-	-	-	-	-	-	-	-	-	-	-	-	-	-	-	-	-	-	-	-	-	-	-	-	-	-	-	-	-	-	-	-	-	-	-	-	-	-	-	-	-	-	-	-	-	-	-	-	-	-	-	-	-	-	-	-	-	-	-	-	-	-	-	-	-	-	-	-	-	-	-	-	-	-	-	-	-	-	-	-	-	-	-	-	-	-	-	-	-	-	-	-	-	-	-	-	-	-	-	-	-	-	-	-	-	-	-	-	-	-	-	-	-	-	-	-	-	-	-	-	-	-	-	-	-	-	-	-	-	-	-	-	-	-	-	-	-	-	-	-	-	-	-	-	-	-	-	-	-	-	-	-	-	-	-	-	-	-	-	-	-	-	-	-	-	-	-	-	-	-	-	-	-	-	-	-	-	-	-	-	-	-	-	-	-	-	-	-	-	-	-	-	-	-	-	-	-	-	-	-	-	-	-	-	-	-	-	-	-	-	-	-	-	-	-	-	-	-	-	-	-	-	-	-	-	-	-	-	-	-	-	-	-	-	-	-	-	-	-	-	-	-	-	-	A	T	G	C	T	G	-	-	-	A	G	C	A	C	C	-	-	-	C	A	C	T	C	C	C	T	G	A	A	-	-	A	C	C	T	G	T	G	G	C	C	C	T	G	C	A	C	A	T	G	C	C	A	C	C	T	G	G	G	A	C	C	T	C	G	G	A	G	T	T	C	-	C	T	A	G	G	C	T	G	C	C	A	G	C	G	G	C	G	C	C	A	C	A	C	A	C	T	C	C	C	T	G	C	T	A	G	T	G	A	G	T	T	C	C	G	C	T	G	C	C	T	C	A	C	T	C	C	G	G	A	G	G	A	T	G	C	C	A	T	C	A	G	C	G	T	G	T	T	T	G	A	G	A	T	T	G	A	A	C	G	T	G	-	-	-	-	-	-	A	A	G	C	C	T	T	T	A	T	C	T	C	C	G	T	C	T	C	C	G	G	T	A	C	C	T	G	T	C	C	C	C	T	C	T	A	C	T	T	G	G	A	T	G	A	G	A	T	C	C	G	A	C	A	C	T	T	C	C	T	A	A	C	C	C	T	G	T	G	T	C	C	A	G	A	G	C	T	G	T	C	C	T	T	G	G	G	C	T	G	G	T	T	C	C	A	G	G	A	G	G	G	T	C	G	C	C	T	T	G	T	G	G	C	C	T	T	C	A	T	C	A	T	C	G	G	C	T	C	A	C	T	C	T	G	G	G	A	C	G	A	G	G	A	G	A	G	A	C	T	T	A	C	T	C	A	G	G	A	G	T	C	G	C	T	G	A	C	A	C	T	A	C	A	C	A	G	G	C	C	T	G	G	A	G	G	C	C	G	C	A	C	A	G	T	G	C	A	C	C	T	G	C	A	C	G	T	A	-	-	-	-	-	-	C	T	G	G	C	A	G	T	G	C	A	C	C	G	T	A	C	C	T	T	C	C	G	G	-	-	-	-	-	-	A	A	G	C	A	G	G	G	C	A	A	G	G	G	C	T	C	C	G	T	C	C	T	G	C	T	G	T	G	G	C	G	C	T	A	C	C	T	G	C	A	C	C	A	C	C	T	G	G	G	G	A	G	C	C	A	G	C	C	C	T	C	T	G	T	C	C	G	T	A	G	G	G	-	-	-	-	-	-	-	-	-	C	C	G	T	G	C	T	C	A	T	G	T	G	T	G	A	G	C	A	C	C	C	A	C	T	G	G	T	G	G	C	C	T	T	C	T	A	T	G	A	G	-	-	-	-	-	-	A	A	A	T	T	T	-	-	-	-	-	-	-	-	-	G	G	C	T	T	C	C	A	G	G	T	T	G	T	G	G	G	C	C	C	G	T	G	C	G	C	C	G	T	C	A	C	C	G	T	G	G	G	C	T	C	C	C	T	C	A	C	C	T	T	C	A	C	G	G	A	G	C	T	G	C	A	G	T	G	T	T	C	C	T	T	A	C	G	G	T	G	C	C	A	C	-	-	-	-	-	-	-	-	-	-	-	-	-	-	-	-	-	-	-	-	-	-	-	-	-	-	-	-	-	-	-	-	-	-	-	-	-	-	-	-	-	-	-	-	-	-	-	-	-	-	-	-	-	-	-	-	-	-	-	-	-	-	-	-	-	-	-	-	-	-	-	-	-	-	-	-	-	-	-	-	-	-	-	-	-	-	-	-	-	-	-	-	-	-	-	-	-	-	-	-	-	-	-	-	-	-	-	-	-	-	-	-	-	-	-	-	-	-	-	-	-	-	-	-	-	-	-	-	-	-	-	-	-	-	-	-	-	-	-	G	C	C	T	T	T	-	-	C	T	G	C	G	C	A	G	A	A	A	C	A	G	C	G	G	C	T	G	C	T	G	A	-	-	-	-	-	-	-	-	-	-	-	-	-	-	-	-	-	-	-	-	-	-	-	-	-	-	-	Chordata	Mammalia	Rodentia	Cricetidae	Microtus	12.8				Cathemeral	0.035					
peromyscus_maniculatus_bairdii	-	-	-	-	-	-	-	-	-	-	-	-	-	-	-	-	-	-	-	-	-	-	-	-	-	-	-	-	-	-	-	-	-	-	-	-	-	-	-	-	-	-	-	-	-	-	-	-	-	-	-	-	-	-	-	-	-	-	-	-	-	-	-	-	-	-	-	-	-	-	-	-	-	-	-	-	-	-	-	-	-	-	-	-	-	-	-	-	-	-	-	-	-	-	-	-	-	-	-	-	-	-	-	-	-	-	-	-	-	-	-	-	-	-	-	-	-	-	-	-	-	-	-	-	-	-	-	-	-	-	-	-	-	-	-	-	-	-	-	-	-	-	-	-	-	-	-	-	-	-	-	-	-	-	-	-	-	-	-	-	-	-	-	-	-	-	-	-	-	-	-	-	-	-	-	-	-	-	-	-	-	-	-	-	-	-	-	-	-	-	-	-	-	-	-	-	-	-	-	-	-	-	-	-	-	-	-	-	-	-	-	-	-	-	-	-	-	-	-	-	-	-	-	-	-	-	-	-	-	-	-	-	-	-	-	-	-	-	-	-	-	-	-	-	-	-	-	-	-	-	-	-	-	-	-	-	-	-	-	-	-	-	-	-	-	-	-	-	-	-	-	-	-	-	-	-	-	-	-	-	-	-	-	-	-	-	-	-	-	-	-	-	-	-	-	-	-	-	-	-	-	-	-	-	-	-	-	-	-	-	-	-	-	-	-	-	-	-	-	-	-	-	-	-	-	-	-	-	-	-	-	-	-	-	-	-	-	-	-	-	-	-	-	-	-	-	-	-	-	-	-	-	-	-	-	-	-	-	-	-	-	-	-	-	-	-	-	-	-	-	-	-	-	-	-	-	-	-	-	-	-	-	-	-	-	-	-	-	-	-	-	-	-	-	-	-	-	-	-	-	-	-	-	-	-	-	-	-	-	-	-	-	-	-	-	-	-	-	-	-	-	-	-	-	-	-	-	-	-	-	-	-	-	-	-	-	-	-	-	-	-	-	-	-	-	-	-	-	-	-	-	-	-	-	-	-	-	-	-	-	-	-	-	-	-	-	-	-	-	-	-	-	-	-	-	-	-	-	-	-	-	-	-	-	-	-	-	-	-	-	-	-	-	-	-	-	-	-	-	-	-	A	T	G	C	T	G	-	-	-	A	G	C	A	T	C	-	-	-	C	A	C	T	C	C	C	T	G	A	A	-	-	A	C	C	C	C	A	G	G	C	C	C	T	G	G	G	C	C	T	G	C	C	A	C	C	T	G	G	G	A	C	C	T	C	A	G	A	G	T	T	C	-	C	T	A	G	G	C	T	G	C	C	A	G	C	G	G	C	G	C	C	A	C	A	C	A	C	T	C	C	C	T	G	C	C	A	G	C	G	A	G	T	T	C	C	G	C	T	G	C	C	T	C	A	C	T	C	C	C	G	A	G	G	A	T	G	C	C	A	T	C	A	G	T	G	T	G	T	T	T	G	A	G	A	T	C	G	A	G	C	G	T	G	-	-	-	-	-	-	A	A	G	C	C	T	T	T	A	T	C	T	C	T	G	T	C	T	C	G	G	G	T	A	C	C	T	G	T	C	C	C	C	T	C	T	A	C	C	T	G	G	A	T	G	A	G	A	T	C	C	G	A	C	A	C	T	T	C	C	T	A	A	C	C	C	T	G	T	G	T	C	C	A	G	A	G	C	T	G	T	C	A	T	T	G	G	G	C	T	G	G	T	T	T	G	A	G	G	A	G	G	G	T	C	G	C	C	T	C	G	T	G	G	C	C	T	T	C	A	T	C	A	T	C	G	G	C	T	C	A	C	T	T	T	G	G	G	A	C	A	A	G	G	A	G	A	G	A	C	T	T	A	C	T	C	A	G	G	A	A	T	C	G	C	T	G	A	C	G	C	T	G	C	A	C	A	G	G	C	C	T	G	G	A	G	G	C	C	G	G	A	C	G	G	C	T	C	A	C	C	T	G	C	A	C	G	T	G	-	-	-	-	-	-	C	T	G	G	C	A	G	T	G	C	A	C	C	G	C	A	C	C	T	T	C	A	G	A	-	-	-	-	-	-	C	A	G	C	A	G	G	G	C	A	A	G	G	G	C	T	C	C	G	T	C	C	T	G	C	T	C	T	G	G	C	G	A	T	A	C	C	T	G	C	A	C	C	A	C	C	T	G	G	G	G	A	G	C	C	G	G	C	C	G	G	C	C	G	T	G	C	G	G	C	G	G	G	-	-	-	-	-	-	-	-	-	C	C	G	T	G	C	T	C	A	T	G	T	G	C	G	A	A	G	A	T	G	C	A	C	T	G	G	T	G	C	C	C	T	T	C	T	A	T	G	A	G	-	-	-	-	-	-	A	A	A	T	T	T	-	-	-	-	-	-	-	-	-	G	G	C	T	T	C	C	A	G	G	C	T	G	T	G	G	G	C	C	C	A	T	G	C	G	C	C	G	T	C	A	C	C	G	T	G	G	G	C	T	C	C	C	T	C	G	C	C	T	T	C	A	C	A	G	A	G	C	T	C	C	A	G	T	G	T	T	C	C	C	T	A	C	G	G	T	G	C	C	A	C	-	-	-	-	-	-	-	-	-	-	-	-	-	-	-	-	-	-	-	-	-	-	-	-	-	-	-	-	-	-	-	-	-	-	-	-	-	-	-	-	-	-	-	-	-	-	-	-	-	-	-	-	-	-	-	-	-	-	-	-	-	-	-	-	-	-	-	-	-	-	-	-	-	-	-	-	-	-	-	-	-	-	-	-	-	-	-	-	-	-	-	-	-	-	-	-	-	-	-	-	-	-	-	-	-	-	-	-	-	-	-	-	-	-	-	-	-	-	-	-	-	-	-	-	-	-	-	-	-	-	-	-	-	-	-	-	-	-	-	G	C	C	T	T	C	-	-	C	T	G	C	G	C	A	G	G	A	A	C	A	G	C	G	G	C	T	G	T	T	G	A	-	-	-	-	-	-	-	-	-	-	-	-	-	-	-	-	-	-	-	-	-	-	-	-	-	-	-	Chordata	Mammalia	Rodentia	Cricetidae	Peromyscus	11.5				nocturnal	0.021					
felis_catus	-	-	-	-	-	-	-	-	-	-	-	-	-	-	-	-	-	-	-	-	-	-	-	-	-	-	-	-	-	-	-	-	-	-	-	-	-	-	-	-	-	-	-	-	-	-	-	-	-	-	-	-	-	-	-	-	-	-	-	-	-	-	-	-	-	-	-	-	-	-	-	-	-	-	-	-	-	-	-	-	-	-	-	-	-	-	-	-	-	-	-	-	-	-	-	-	-	-	-	-	-	-	-	-	-	-	-	-	-	-	-	-	-	-	-	-	-	-	-	-	-	-	-	-	-	-	-	-	-	-	-	-	-	-	-	-	-	-	-	-	-	-	-	-	-	-	-	-	-	-	-	-	-	-	-	-	-	-	-	-	-	-	-	-	-	-	-	-	-	-	-	-	-	-	-	-	-	-	-	-	-	-	-	-	-	-	-	-	-	-	-	-	-	-	-	-	-	-	-	-	-	-	-	-	-	-	-	-	-	-	-	-	-	-	-	-	-	-	-	-	-	-	-	-	-	-	-	-	-	-	-	-	-	-	-	-	-	-	-	-	-	-	-	-	-	-	-	-	-	-	-	-	-	-	-	-	-	-	-	-	-	-	-	-	-	-	-	-	-	-	-	-	-	-	-	-	-	-	-	-	-	-	-	-	-	-	-	-	-	-	-	-	-	-	-	-	-	-	-	-	-	-	-	-	-	-	-	-	-	-	-	-	-	-	-	-	-	-	-	-	-	-	-	-	-	-	-	-	-	-	-	-	-	-	-	-	-	-	-	-	-	-	-	-	-	-	-	-	-	-	-	-	-	-	-	-	-	-	-	-	-	-	-	-	-	-	-	-	-	-	-	-	-	-	-	-	-	-	-	-	-	-	-	-	-	-	-	-	-	-	-	-	-	-	-	-	-	-	-	-	-	-	-	-	-	-	-	-	-	-	-	-	-	-	-	-	-	-	-	-	-	-	-	-	-	-	-	-	-	-	-	-	-	-	-	-	-	-	-	-	-	-	-	-	-	-	-	-	-	-	-	-	-	-	-	-	-	-	-	-	-	-	-	-	-	-	-	-	-	-	-	-	-	-	-	-	-	-	-	-	-	-	-	-	-	-	-	-	-	-	-	-	-	-	-	A	T	G	T	C	C	A	C	A	C	A	G	-	-	-	A	G	C	A	C	G	-	-	-	T	A	C	C	C	G	C	T	G	G	A	-	-	G	C	C	C	G	A	G	G	C	C	T	C	A	C	A	G	C	T	G	C	A	G	C	C	G	G	A	G	A	C	C	C	C	A	A	A	G	G	C	C	-	C	C	A	G	G	C	C	A	C	C	A	G	C	G	G	C	G	T	C	A	T	A	C	G	C	T	T	C	C	C	G	C	C	A	A	C	G	A	G	T	T	C	C	G	C	T	G	C	C	T	C	A	C	C	C	C	G	G	A	G	G	A	T	G	C	T	G	C	C	A	G	C	G	T	G	T	T	T	G	A	G	A	T	T	G	A	G	C	G	T	G	-	-	-	-	-	-	A	A	G	C	C	T	T	C	A	T	C	T	C	T	G	T	C	C	T	G	G	G	C	A	T	C	T	G	C	C	C	C	T	T	G	T	A	T	C	T	G	G	A	G	G	A	G	A	T	C	A	A	G	C	A	C	T	T	T	C	T	G	A	C	C	C	T	G	T	G	T	C	C	A	G	A	G	C	T	G	T	C	C	A	T	G	G	G	C	T	G	G	T	T	C	C	A	G	G	A	G	G	G	C	C	G	C	C	T	T	G	T	G	G	C	T	T	T	C	A	T	C	A	T	C	G	G	C	T	C	G	C	T	T	T	G	G	G	A	C	C	A	G	G	A	G	A	G	A	C	T	C	A	C	T	C	A	G	G	A	G	T	C	G	A	T	G	A	C	G	C	T	G	C	A	C	C	G	G	C	C	C	G	G	G	G	G	C	C	A	C	A	C	C	G	C	C	C	A	C	C	T	A	C	G	C	G	C	C	-	-	-	-	-	-	C	T	G	G	C	C	G	T	G	C	A	C	C	A	C	A	C	T	T	T	C	C	G	G	-	-	-	-	-	-	G	G	A	C	A	A	G	G	C	A	A	G	G	G	C	T	C	C	A	T	C	C	T	G	A	T	G	T	G	G	C	G	G	T	T	C	C	T	G	C	A	C	C	A	C	C	T	G	G	G	G	A	G	G	C	A	G	C	C	A	G	C	A	G	T	G	C	G	C	C	G	G	G	-	-	-	-	-	-	-	-	-	C	C	G	T	G	C	T	C	A	T	G	T	G	T	G	A	G	G	A	T	G	C	G	C	T	G	G	T	G	C	C	C	T	T	C	T	A	C	C	A	G	-	-	-	-	-	-	A	A	A	T	T	C	-	-	-	-	-	-	-	-	-	G	G	C	T	T	C	C	G	C	C	T	C	G	T	G	G	G	C	C	C	A	T	G	C	G	C	C	A	T	C	A	C	C	C	T	G	G	G	C	T	C	G	C	T	C	A	C	C	T	T	C	A	A	T	G	A	G	C	T	G	C	A	G	C	G	C	T	C	C	A	T	G	T	G	G	G	A	C	C	A	T	-	-	-	-	-	-	-	-	-	-	-	-	-	-	-	-	-	-	-	-	-	-	-	-	-	-	-	-	-	-	-	-	-	-	-	-	-	-	-	-	-	-	-	-	-	-	-	-	-	-	-	-	-	-	-	-	-	-	-	-	-	-	-	-	-	-	-	-	-	-	-	-	-	-	-	-	-	-	-	-	-	-	-	-	-	-	-	-	-	-	-	-	-	-	-	-	-	-	-	-	-	-	-	-	-	-	-	-	-	-	-	-	-	-	-	-	-	-	-	-	-	-	-	-	-	-	-	-	-	-	-	-	-	-	-	-	-	-	-	G	C	C	T	C	C	-	-	C	G	G	C	G	T	A	G	G	A	A	C	A	G	C	G	G	C	T	C	C	T	G	A	-	-	-	-	-	-	-	-	-	-	-	-	-	-	-	-	-	-	-	-	-	-	-	-	-	-	-	Chordata	Mammalia	Carnivora	Felidae	Felis	12.5	3.2	9.3	Polyphasic		3.3	25.6	63.9	0.744	0.256	7.75757575757576
panthera_leo	-	-	-	-	-	-	-	-	-	-	-	-	-	-	-	-	-	-	-	-	-	-	-	-	-	-	-	-	-	-	-	-	-	-	-	-	-	-	-	-	-	-	-	-	-	-	-	-	-	-	-	-	-	-	-	-	-	-	-	-	-	-	-	-	-	-	-	-	-	-	-	-	-	-	-	-	-	-	-	-	-	-	-	-	-	-	-	-	-	-	-	-	-	-	-	-	-	-	-	-	-	-	-	-	-	-	-	-	-	-	-	-	-	-	-	-	-	-	-	-	-	-	-	-	-	-	-	-	-	-	-	-	-	-	-	-	-	-	-	-	-	-	-	-	-	-	-	-	-	-	-	-	-	-	-	-	-	-	-	-	-	-	-	-	-	-	-	-	-	-	-	-	-	-	-	-	-	-	-	-	-	-	-	-	-	-	-	-	-	-	-	-	-	-	-	-	-	-	-	-	-	-	-	-	-	-	-	-	-	-	-	-	-	-	-	-	-	-	-	-	-	-	-	-	-	-	-	-	-	-	-	-	-	-	-	-	-	-	-	-	-	-	-	-	-	-	-	-	-	-	-	-	-	-	-	-	-	-	-	-	-	-	-	-	-	-	-	-	-	-	-	-	-	-	-	-	-	-	-	-	-	-	-	-	-	-	-	-	-	-	-	-	-	-	-	-	-	-	-	-	-	-	-	-	-	-	-	-	-	-	-	-	-	-	-	-	-	-	-	-	-	-	-	-	-	-	-	-	-	-	-	-	-	-	-	-	-	-	-	-	-	-	-	-	-	-	-	-	-	-	-	-	-	-	-	-	-	-	-	-	-	-	-	-	-	-	-	-	-	-	-	-	-	-	-	-	-	-	-	-	-	-	-	-	-	-	-	-	-	-	-	-	-	-	-	-	-	-	-	-	-	-	-	-	-	-	-	-	-	-	-	-	-	-	-	-	-	-	-	-	-	-	-	-	-	-	-	-	-	-	-	-	-	-	-	-	-	-	-	-	-	-	-	-	-	-	-	-	-	-	-	-	-	-	-	-	-	-	-	-	-	-	-	-	-	-	-	-	-	-	-	-	-	-	-	-	-	-	-	-	-	-	-	-	-	-	-	-	-	-	-	-	-	-	-	A	T	G	T	C	C	A	C	A	C	A	G	-	-	-	A	G	C	A	C	G	-	-	-	T	A	C	C	C	G	C	T	G	G	A	-	-	G	C	C	C	G	A	G	G	C	C	T	C	G	C	A	G	C	T	G	C	A	G	C	C	G	G	A	G	A	C	C	C	C	A	A	A	G	G	C	C	-	C	C	A	G	G	C	C	G	C	C	A	G	C	G	G	C	G	T	C	A	T	A	C	G	C	T	T	C	C	C	G	C	C	A	A	C	G	A	G	T	T	C	C	G	C	T	G	C	C	T	C	A	C	C	C	C	G	G	A	G	G	A	T	G	C	T	G	C	C	A	G	C	G	T	G	T	T	T	G	A	G	A	T	T	G	A	G	C	G	T	G	-	-	-	-	-	-	A	A	G	C	C	T	T	C	A	T	C	T	C	T	G	T	C	C	T	G	G	G	C	A	T	C	T	G	C	C	C	C	T	T	G	T	A	T	C	T	G	G	A	G	G	A	G	A	T	C	A	A	G	C	A	C	T	T	C	C	T	G	A	C	C	C	T	G	T	G	T	C	C	A	G	A	G	C	T	G	T	C	C	A	T	G	G	G	C	T	G	G	T	T	C	C	A	G	G	A	G	G	G	C	C	G	C	C	T	T	G	T	G	G	C	T	T	T	C	A	T	C	A	T	C	G	G	C	T	C	G	C	T	T	T	G	G	G	A	C	C	A	G	G	A	G	A	G	A	C	T	C	A	C	T	C	A	G	G	A	G	T	C	G	A	T	G	A	C	G	C	T	G	C	A	C	C	G	G	C	C	C	G	G	G	G	G	C	C	A	C	A	C	C	G	C	C	C	A	C	C	T	A	C	G	C	G	C	C	-	-	-	-	-	-	C	T	G	G	C	C	G	T	G	C	A	C	C	A	C	A	C	T	T	T	C	C	G	G	-	-	-	-	-	-	G	G	A	C	A	A	G	G	C	A	A	G	G	G	C	T	C	C	A	T	C	C	T	G	A	T	G	T	G	G	C	G	G	T	T	C	C	T	G	C	A	C	C	A	C	C	T	G	G	G	G	A	G	G	C	A	G	C	C	A	G	C	A	G	T	G	C	G	C	C	G	G	G	-	-	-	-	-	-	-	-	-	C	C	G	T	G	C	T	C	A	T	G	T	G	T	G	A	G	G	A	T	G	C	G	C	T	G	G	T	G	C	C	C	T	T	C	T	A	C	C	A	G	-	-	-	-	-	-	A	C	A	T	T	C	-	-	-	-	-	-	-	-	-	G	G	C	T	T	C	C	G	C	C	T	C	G	T	G	G	G	C	C	C	A	T	G	C	G	C	C	A	T	C	A	C	C	C	T	G	G	G	C	T	C	G	C	T	C	A	C	C	T	T	C	A	A	G	G	A	G	C	T	G	C	A	G	C	G	C	T	C	C	A	T	G	T	G	G	G	A	C	C	A	T	-	-	-	-	-	-	-	-	-	-	-	-	-	-	-	-	-	-	-	-	-	-	-	-	-	-	-	-	-	-	-	-	-	-	-	-	-	-	-	-	-	-	-	-	-	-	-	-	-	-	-	-	-	-	-	-	-	-	-	-	-	-	-	-	-	-	-	-	-	-	-	-	-	-	-	-	-	-	-	-	-	-	-	-	-	-	-	-	-	-	-	-	-	-	-	-	-	-	-	-	-	-	-	-	-	-	-	-	-	-	-	-	-	-	-	-	-	-	-	-	-	-	-	-	-	-	-	-	-	-	-	-	-	-	-	-	-	-	-	G	C	C	T	C	C	-	-	C	G	G	C	G	T	A	G	G	A	A	C	A	G	C	G	G	C	T	C	C	T	G	A	-	-	-	-	-	-	-	-	-	-	-	-	-	-	-	-	-	-	-	-	-	-	-	-	-	-	-	Chordata	Mammalia	Carnivora	Felidae	Panthera	14	2.6	11.4		nocturnal			108	0.814285714285714	0.185714285714286	
panthera_tigris_altaica	-	-	-	-	-	-	-	-	-	-	-	-	-	-	-	-	-	-	-	-	-	-	-	-	-	-	-	-	-	-	-	-	-	-	-	-	-	-	-	-	-	-	-	-	-	-	-	-	-	-	-	-	-	-	-	-	-	-	-	-	-	-	-	-	-	-	-	-	-	-	-	-	-	-	-	-	-	-	-	-	-	-	-	-	-	-	-	-	-	-	-	-	-	-	-	-	-	-	-	-	-	-	-	-	-	-	-	-	-	-	-	-	-	-	-	-	-	-	-	-	-	-	-	-	-	-	-	-	-	-	-	-	-	-	-	-	-	-	-	-	-	-	-	-	-	-	-	-	-	-	-	-	-	-	-	-	-	-	-	-	-	-	-	-	-	-	-	-	-	-	-	-	-	-	-	-	-	-	-	-	-	-	-	-	-	-	-	-	-	-	-	-	-	-	-	-	-	-	-	-	-	-	-	-	-	-	-	-	-	-	-	-	-	-	-	-	-	-	-	-	-	-	-	-	-	-	-	-	-	-	-	-	-	-	-	-	-	-	-	-	-	-	-	-	-	-	-	-	-	-	-	-	-	-	-	-	-	-	-	-	-	-	-	-	-	-	-	-	-	-	-	-	-	-	-	-	-	-	-	-	-	-	-	-	-	-	-	-	-	-	-	-	-	-	-	-	-	-	-	-	-	-	-	-	-	-	-	-	-	-	-	-	-	-	-	-	-	-	-	-	-	-	-	-	-	-	-	-	-	-	-	-	-	-	-	-	-	-	-	-	-	-	-	-	-	-	-	-	-	-	-	-	-	-	-	-	-	-	-	-	-	-	-	-	-	-	-	-	-	-	-	-	-	-	-	-	-	-	-	-	-	-	-	-	-	-	-	-	-	-	-	-	-	-	-	-	-	-	-	-	-	-	-	-	-	-	-	-	-	-	-	-	-	-	-	-	-	-	-	-	-	-	-	-	-	-	-	-	-	-	-	-	-	-	-	-	-	-	-	-	-	-	-	-	-	-	-	-	-	-	-	-	-	-	-	-	-	-	-	-	-	-	-	-	-	-	-	-	-	-	-	-	-	-	G	G	G	G	A	G	G	C	A	C	C	A	G	C	A	T	C	T	A	G	G	A	T	G	T	C	C	A	C	A	C	A	G	-	-	-	A	G	C	A	C	G	-	-	-	T	A	C	C	C	G	C	T	G	G	A	-	-	G	C	C	C	G	A	G	G	C	C	T	C	G	C	A	G	C	T	G	C	A	G	C	C	G	G	A	G	A	C	C	C	C	A	A	A	G	G	C	C	-	C	C	A	G	G	C	C	G	C	C	A	G	C	G	G	C	G	T	C	A	T	A	C	G	C	T	T	C	C	C	G	C	C	A	A	C	G	A	G	T	T	C	C	G	C	T	G	C	C	T	C	A	C	C	C	C	G	G	A	G	G	A	T	G	C	T	G	C	C	A	G	C	G	T	G	T	T	T	G	A	G	A	T	T	G	A	G	C	G	T	G	-	-	-	-	-	-	A	A	G	C	C	T	T	C	A	T	C	T	C	T	G	T	C	T	T	G	G	G	C	A	T	C	T	G	C	C	C	C	T	T	G	T	A	T	C	T	G	G	A	G	G	A	G	A	T	C	A	A	G	C	A	C	T	T	C	C	T	G	A	C	C	C	T	G	T	G	T	C	C	A	G	A	G	C	T	G	T	C	C	A	T	G	G	G	C	T	G	G	T	T	C	C	A	G	G	A	G	G	G	C	C	G	C	C	T	T	G	T	G	G	C	T	T	T	C	A	T	C	A	T	C	G	G	C	T	C	G	C	T	T	T	G	G	G	A	C	C	A	G	G	A	G	A	G	A	C	T	C	A	C	T	C	A	G	G	A	G	T	C	G	A	T	G	A	C	G	C	T	G	C	A	C	C	G	G	C	C	C	G	G	G	G	G	C	C	A	C	A	C	C	G	C	C	C	A	C	C	T	A	C	G	C	G	C	C	-	-	-	-	-	-	C	T	G	G	C	C	G	T	G	C	A	C	C	A	C	A	C	T	T	T	C	C	G	G	-	-	-	-	-	-	G	G	A	C	A	A	G	G	C	A	A	G	G	G	C	T	C	C	A	T	C	C	T	G	A	T	G	T	G	G	G	G	G	C	T	C	C	T	G	C	A	C	C	A	C	C	T	G	G	G	G	A	G	G	C	A	G	C	C	A	G	C	A	G	T	G	C	G	C	C	G	G	G	-	-	-	-	-	-	-	-	-	C	C	G	T	G	C	T	C	A	T	G	T	G	T	G	A	A	G	A	T	G	C	G	C	T	G	G	T	G	C	C	C	T	T	C	T	A	C	C	A	G	-	-	-	-	-	-	A	C	A	T	T	C	-	-	-	-	-	-	-	-	-	G	G	C	T	T	C	C	G	C	C	T	C	G	T	G	G	G	C	C	C	A	T	G	C	G	C	C	A	T	C	A	C	C	C	T	G	G	G	C	T	C	G	C	T	C	A	C	C	T	T	C	A	A	G	G	A	G	C	T	G	C	A	G	C	G	C	T	C	C	A	T	G	T	G	G	G	A	C	C	A	T	-	-	-	-	-	-	-	-	-	-	-	-	-	-	-	-	-	-	-	-	-	-	-	-	-	-	-	-	-	-	-	-	-	-	-	-	-	-	-	-	-	-	-	-	-	-	-	-	-	-	-	-	-	-	-	-	-	-	-	-	-	-	-	-	-	-	-	-	-	-	-	-	-	-	-	-	-	-	-	-	-	-	-	-	-	-	-	-	-	-	-	-	-	-	-	-	-	-	-	-	-	-	-	-	-	-	-	-	-	-	-	-	-	-	-	-	-	-	-	-	-	-	-	-	-	-	-	-	-	-	-	-	-	-	-	-	-	-	-	G	C	C	T	C	C	-	-	C	G	G	C	G	T	A	G	G	A	A	C	A	G	C	G	G	C	T	C	C	T	G	A	-	-	-	-	-	-	-	-	-	-	-	-	-	-	-	-	-	-	-	-	-	-	-	-	-	-	-	Chordata	Mammalia	Carnivora	Felidae	Panthera	15.8			Polyphasic		162.564					
canis_lupus_familiaris	-	-	-	-	-	-	-	-	-	-	-	-	-	-	-	-	-	-	-	-	-	-	-	-	-	-	-	-	-	-	-	-	-	-	-	-	-	-	-	-	-	-	-	-	-	-	-	-	-	-	-	-	-	-	-	-	-	-	-	-	-	-	-	-	-	-	-	-	-	-	-	-	-	-	-	-	-	-	-	-	-	-	-	-	-	-	-	-	-	-	-	-	-	-	-	-	-	-	-	-	-	-	-	-	-	-	-	-	-	-	-	-	-	-	-	-	-	-	-	-	-	-	-	-	-	-	-	-	-	-	-	-	-	-	-	-	-	-	-	-	-	-	-	-	-	-	-	-	-	-	-	-	-	-	-	-	-	-	-	-	-	-	-	-	-	-	-	-	-	-	-	-	-	-	-	-	-	-	-	-	-	-	-	-	-	-	-	-	-	-	-	-	-	-	-	-	-	-	-	-	-	-	-	-	-	-	-	-	A	T	G	C	A	G	C	C	G	C	T	C	A	G	A	G	C	A	C	T	C	T	T	C	C	T	A	T	A	C	C	G	A	G	A	C	C	T	C	T	G	T	T	G	T	C	T	A	C	T	G	G	A	T	C	A	T	G	A	G	G	A	C	A	G	C	T	C	T	A	T	C	T	G	T	T	C	C	T	G	T	C	A	T	C	C	C	C	G	A	A	G	C	T	T	C	A	G	A	T	C	C	T	T	A	G	T	G	G	G	A	T	T	G	G	G	G	C	T	C	A	G	C	C	G	G	G	T	C	A	G	A	G	T	G	A	C	A	C	C	T	G	C	T	G	C	A	A	C	A	G	T	C	A	C	A	C	A	C	C	C	C	A	G	A	G	T	C	C	C	-	G	A	T	T	T	T	C	C	C	G	G	C	T	C	C	T	G	T	G	C	C	T	G	C	G	G	A	C	G	A	C	C	T	C	C	A	G	G	G	T	G	C	T	G	G	A	A	G	G	C	C	C	T	T	T	T	T	G	G	T	G	A	C	G	A	A	G	G	C	C	A	C	T	C	C	T	G	C	C	G	C	C	-	G	G	-	-	-	G	C	G	G	C	C	C	G	G	G	C	A	G	C	C	A	C	C	A	G	C	A	G	C	C	A	G	C	A	T	G	T	C	C	A	C	A	C	A	G	-	-	-	A	G	C	G	C	A	-	-	-	C	A	C	C	A	C	C	T	G	G	A	-	-	G	T	C	C	G	A	G	G	C	C	T	C	G	C	A	C	C	T	G	C	A	G	C	C	G	G	A	G	A	T	C	C	C	G	G	A	G	G	C	C	-	C	C	G	A	G	C	C	A	C	C	G	G	C	G	G	C	G	C	C	A	C	A	C	G	C	T	T	C	C	C	G	C	C	A	G	C	G	A	G	T	T	T	C	G	C	T	G	C	C	T	C	A	C	T	C	C	A	G	A	G	G	A	T	G	C	T	G	C	C	A	G	C	G	T	G	T	T	T	G	A	G	A	T	C	G	A	G	C	G	T	G	-	-	-	-	-	-	A	A	G	C	C	T	T	C	A	T	C	T	C	T	G	T	C	T	T	G	G	G	C	A	T	C	T	G	C	C	C	A	C	T	G	T	A	T	C	T	G	G	A	C	G	A	G	A	T	C	A	A	G	C	A	C	T	T	C	C	T	G	A	G	C	C	T	G	T	G	T	C	C	A	G	A	G	C	T	G	T	C	C	C	T	G	G	G	C	T	G	G	T	T	C	C	A	G	G	A	G	G	G	C	C	G	C	C	T	T	G	T	G	G	C	C	T	T	C	A	T	C	A	T	T	G	G	C	T	C	G	C	T	T	T	G	G	G	A	C	G	A	G	G	A	G	A	G	A	C	T	C	A	C	T	C	A	G	G	A	G	T	C	G	C	T	G	A	C	G	C	T	G	C	A	C	C	G	G	C	C	G	G	G	G	G	G	C	C	A	C	A	C	C	G	T	T	C	A	C	C	T	A	C	A	C	G	T	G	-	-	-	-	-	-	C	T	G	G	C	G	G	T	G	C	A	C	C	A	C	A	C	T	T	T	C	C	G	G	-	-	-	-	-	-	G	G	G	C	A	A	G	G	C	A	A	G	G	G	C	T	C	C	A	T	G	C	T	G	A	T	G	T	G	G	C	G	C	T	A	C	C	T	G	T	A	C	C	A	C	C	T	G	G	G	G	A	G	C	C	A	G	C	C	A	G	C	A	G	T	G	C	G	C	C	G	G	G	-	-	-	-	-	-	-	-	-	C	C	G	T	G	C	T	C	A	T	G	T	G	C	G	A	G	G	A	T	G	C	A	C	T	G	G	T	A	C	C	C	T	T	C	T	A	C	C	A	G	-	-	-	-	-	-	A	G	T	C	T	G	-	-	-	-	-	-	-	-	-	G	G	C	T	T	C	C	A	C	C	T	T	G	T	G	G	G	C	C	C	G	T	G	C	G	C	C	A	T	C	A	C	C	C	T	G	G	G	C	T	C	A	C	T	C	A	C	C	T	T	C	A	C	T	G	A	G	C	T	C	C	A	A	T	G	C	T	T	C	A	T	G	C	G	G	G	G	C	C	A	C	-	-	-	-	-	-	-	-	-	-	-	-	-	-	-	-	-	-	-	-	-	-	-	-	-	-	-	-	-	-	-	-	-	-	-	-	-	-	-	-	-	-	-	-	-	-	-	-	-	-	-	-	-	-	-	-	-	-	-	-	-	-	-	-	-	-	-	-	-	-	-	-	-	-	-	-	-	-	-	-	-	-	-	-	-	-	-	-	-	-	-	-	-	-	-	-	-	-	-	-	-	-	-	-	-	-	-	-	-	-	-	-	-	-	-	-	-	-	-	-	-	-	-	-	-	-	-	-	-	-	-	-	-	-	-	-	-	-	-	A	T	C	T	C	C	-	-	C	T	G	C	G	C	A	G	G	A	A	C	A	G	C	G	G	C	T	G	C	T	G	A	-	-	-	-	-	-	-	-	-	-	-	-	-	-	-	-	-	-	-	-	-	-	-	-	-	-	-	Chordata	Mammalia	Carnivora	Canidae	Canis	10.1	2.9	7.2	Polyphasic	nocturnal	14	70	62	0.712871287128713	0.287128712871287	5
vulpes_vulpes	-	-	-	-	-	-	-	-	-	-	-	-	-	-	-	-	-	-	-	-	-	-	-	-	-	-	-	-	-	-	-	-	-	-	-	-	-	-	-	-	-	-	-	-	-	-	-	-	-	-	-	-	-	-	-	-	-	-	-	-	-	-	-	-	-	-	-	-	-	-	-	-	-	-	-	-	-	-	-	-	-	-	-	-	-	-	-	-	-	-	-	-	-	-	-	-	-	-	-	-	-	-	-	-	-	-	-	-	-	-	-	-	-	-	-	-	-	-	-	-	-	-	-	-	-	-	-	-	-	-	-	-	-	-	-	-	-	-	-	-	-	-	-	-	-	-	-	-	-	-	-	-	-	-	-	-	-	-	-	-	-	-	-	-	-	-	-	-	-	-	-	-	-	-	-	-	-	-	-	-	-	-	-	-	-	-	-	-	-	-	-	-	-	-	-	-	-	-	-	-	-	-	-	-	-	-	-	-	-	-	-	-	-	-	-	-	-	-	-	-	-	-	-	-	-	-	-	-	-	-	-	-	-	-	-	-	-	-	-	-	-	-	-	-	-	-	-	-	-	-	-	-	-	-	-	-	-	-	-	-	-	-	-	-	-	-	-	-	-	-	-	-	-	-	-	-	-	-	-	-	-	-	-	-	-	-	-	-	-	-	-	-	-	-	-	-	-	-	-	-	-	-	-	-	-	-	-	-	-	-	-	-	-	-	-	-	-	-	-	-	-	-	-	-	-	-	-	-	-	-	-	-	-	-	-	-	-	-	-	-	-	-	-	-	-	-	-	-	-	-	-	-	-	-	-	-	-	-	-	-	-	-	-	-	-	-	-	-	-	-	-	-	-	-	-	-	-	-	-	-	-	-	-	-	-	-	-	-	-	-	-	-	-	-	-	-	-	-	-	-	-	-	-	-	-	-	-	-	-	-	-	-	-	-	-	-	-	-	-	-	-	-	-	-	-	-	-	-	-	-	-	-	-	-	-	-	-	-	-	-	-	-	-	-	-	-	-	-	-	-	-	-	-	-	-	-	-	-	-	-	-	-	-	-	-	-	-	-	-	-	-	-	-	-	-	-	-	-	-	-	-	-	-	-	-	-	-	-	-	-	-	-	-	-	-	A	T	G	T	C	C	A	C	A	C	A	G	-	-	-	A	G	C	G	C	A	-	-	-	C	A	A	C	A	C	C	T	G	G	A	-	-	G	C	C	C	G	A	G	G	C	C	T	C	G	C	A	C	C	T	G	C	A	G	C	C	G	G	A	G	A	T	C	C	C	G	G	A	G	G	C	C	-	C	T	G	A	G	C	C	G	C	C	G	C	C	G	G	C	G	C	C	A	C	A	C	G	C	T	T	C	C	C	G	C	C	A	G	C	G	A	G	T	T	T	C	G	C	T	G	C	C	T	C	A	C	T	C	C	A	G	A	G	G	A	T	G	C	C	G	C	C	A	G	C	G	T	G	T	T	T	G	A	G	A	T	C	G	A	G	C	G	C	G	-	-	-	-	-	-	A	A	G	C	C	T	T	C	A	T	C	T	C	T	G	T	C	T	T	G	G	G	C	A	T	C	T	G	C	C	C	A	C	T	G	T	A	T	C	T	G	G	A	C	G	A	G	A	T	C	A	A	G	C	A	C	T	T	C	C	T	G	A	G	C	C	T	G	T	G	T	C	C	A	G	A	G	C	T	G	T	C	C	C	T	G	G	G	C	T	G	G	T	T	C	C	A	G	G	A	G	G	G	C	C	G	C	C	T	T	G	T	G	G	C	C	T	T	C	A	T	C	A	T	T	G	G	C	T	C	G	C	T	T	T	G	G	G	A	T	G	A	G	G	A	G	A	G	A	C	T	C	A	C	T	C	A	G	G	A	G	T	C	G	C	T	G	A	T	G	C	T	G	C	A	C	C	G	G	C	C	T	G	G	G	G	G	C	G	A	C	A	C	C	G	T	C	C	A	C	C	T	A	C	A	C	G	T	G	-	-	-	-	-	-	C	T	G	G	C	G	G	T	G	C	A	C	C	A	C	A	C	T	T	T	C	C	G	G	-	-	-	-	-	-	G	G	G	C	A	A	G	G	C	A	A	G	G	G	C	T	C	C	A	T	G	C	T	G	A	T	G	T	G	G	C	G	C	T	A	C	C	T	G	T	A	C	C	A	C	C	T	G	G	G	G	A	G	C	C	A	G	C	C	A	G	C	A	G	T	G	C	G	C	C	G	G	G	-	-	-	-	-	-	-	-	-	C	C	G	T	G	C	T	C	A	T	G	T	G	C	G	A	G	G	A	C	G	C	G	C	T	G	G	T	G	C	C	C	T	T	C	T	A	C	C	A	G	-	-	-	-	-	-	A	G	T	C	T	G	-	-	-	-	-	-	-	-	-	G	G	C	T	T	C	C	A	C	C	T	T	G	T	G	G	G	C	C	C	G	T	G	C	G	C	C	A	T	C	A	C	C	C	T	G	G	G	C	T	C	A	C	T	C	A	C	C	T	T	C	A	C	T	G	A	G	C	T	C	C	A	G	T	G	C	T	C	C	A	T	G	A	G	A	G	G	C	C	A	C	-	-	-	-	-	-	-	-	-	-	-	-	-	-	-	-	-	-	-	-	-	-	-	-	-	-	-	-	-	-	-	-	-	-	-	-	-	-	-	-	-	-	-	-	-	-	-	-	-	-	-	-	-	-	-	-	-	-	-	-	-	-	-	-	-	-	-	-	-	-	-	-	-	-	-	-	-	-	-	-	-	-	-	-	-	-	-	-	-	-	-	-	-	-	-	-	-	-	-	-	-	-	-	-	-	-	-	-	-	-	-	-	-	-	-	-	-	-	-	-	-	-	-	-	-	-	-	-	-	-	-	-	-	-	-	-	-	-	-	A	T	C	T	C	C	-	-	C	T	G	C	G	C	A	G	G	A	A	C	A	G	C	G	G	C	T	G	C	T	G	A	-	-	-	-	-	-	-	-	-	-	-	-	-	-	-	-	-	-	-	-	-	-	-	-	-	-	-	Chordata	Mammalia	Carnivora	Canidae	Vulpes	9.8	2.4	7.4	Polyphasic	nocturnal	4.23	50.4	52	0.755102040816326	0.244897959183673	11.9148936170213
ailuropoda_melanoleuca	-	-	-	-	-	-	-	-	-	-	-	-	-	-	-	-	-	-	-	-	-	-	-	-	-	-	-	-	-	-	-	-	-	-	-	-	-	-	-	-	-	-	-	-	-	-	-	-	-	-	-	-	-	-	-	-	-	-	-	-	-	-	-	-	-	-	-	-	-	-	-	-	-	-	-	-	-	-	-	-	-	-	-	-	-	-	-	-	-	-	-	-	-	-	-	-	-	-	-	-	-	-	-	-	-	-	-	-	-	-	-	-	-	-	-	-	-	-	-	-	-	-	-	-	-	-	-	-	-	-	-	-	-	-	-	-	-	-	-	-	-	-	-	-	-	-	-	-	-	-	-	-	-	-	-	-	-	-	-	-	-	-	-	-	-	-	-	-	-	-	-	-	-	-	-	-	-	-	-	-	-	-	-	-	-	-	-	-	-	-	-	-	-	-	-	-	-	-	-	-	-	-	-	-	-	-	-	-	-	-	-	-	-	-	-	-	-	-	-	-	-	-	-	-	-	-	-	-	-	-	-	-	-	-	-	-	-	-	-	-	-	-	-	-	-	-	-	-	-	-	-	-	-	-	-	-	-	-	-	-	-	-	-	-	-	-	-	-	-	-	-	-	-	-	-	-	-	-	-	-	-	-	-	-	-	-	-	-	-	-	-	-	-	-	-	-	-	-	-	-	-	-	-	-	-	-	-	-	-	-	-	-	-	-	-	-	-	-	-	-	-	-	-	-	-	-	-	-	-	-	A	T	G	T	T	C	C	C	C	A	G	T	G	A	C	A	C	C	T	G	C	T	G	C	C	A	C	C	G	C	C	C	G	G	C	A	G	C	C	T	G	G	A	G	T	C	C	C	A	G	A	T	T	G	C	C	C	G	G	G	C	C	C	C	T	G	C	G	C	C	T	G	C	A	G	A	C	G	A	C	C	T	C	C	A	G	G	G	T	G	C	T	G	G	A	G	G	G	C	C	C	T	T	T	T	A	G	G	C	G	A	C	G	A	A	G	G	C	C	A	C	T	T	C	T	G	A	A	G	T	T	G	G	G	-	-	-	G	C	A	T	C	C	T	A	A	G	G	A	G	G	C	A	C	C	G	G	C	A	G	C	C	A	A	G	A	T	G	T	C	C	A	C	A	C	A	G	-	-	-	A	G	C	G	C	A	-	-	-	C	A	C	G	G	C	C	T	A	G	A	-	-	G	C	C	C	G	A	G	A	C	C	T	C	G	G	A	C	C	T	G	C	A	G	C	C	T	G	G	G	A	T	C	C	C	A	G	A	G	A	C	C	-	C	C	A	G	G	C	C	G	C	C	C	G	C	G	G	C	G	C	C	A	C	A	C	G	C	T	T	C	C	T	G	C	C	A	G	T	G	A	G	T	T	C	C	G	C	T	G	C	C	T	C	A	C	T	C	C	A	G	A	G	G	A	T	G	C	C	A	C	C	A	G	C	G	T	G	T	T	T	G	A	G	A	T	C	G	A	G	C	G	C	G	-	-	-	-	-	-	A	A	G	C	C	T	T	C	A	T	C	T	C	T	G	T	C	T	T	G	G	G	C	A	T	C	T	G	C	C	C	C	T	T	G	T	A	T	C	T	G	G	A	T	G	A	G	G	T	C	A	A	G	C	A	C	T	T	C	C	T	G	A	C	C	C	T	G	T	G	T	C	C	A	G	A	G	C	T	G	T	C	G	C	T	G	G	G	C	T	G	G	T	T	C	C	A	G	G	A	A	G	G	C	C	G	C	C	T	C	G	T	G	G	C	C	T	T	C	A	T	C	A	T	C	G	G	C	T	C	G	C	T	T	T	G	G	G	A	C	C	A	G	G	A	G	A	G	A	C	T	C	A	C	T	C	A	G	G	A	G	T	C	G	C	T	G	A	C	G	C	T	G	C	A	C	C	G	G	C	C	C	C	A	G	G	G	C	C	G	C	A	C	T	G	C	C	C	A	C	C	T	G	C	A	C	G	T	G	-	-	-	-	-	-	C	T	G	G	C	T	G	T	G	C	A	C	C	A	C	G	C	T	T	G	C	C	G	G	-	-	-	-	-	-	C	G	G	C	A	G	G	G	C	A	A	G	G	G	C	T	C	C	G	T	G	T	T	G	A	T	G	T	G	G	C	G	C	T	A	C	C	T	G	C	A	C	C	A	C	C	T	G	G	G	C	G	G	C	C	A	G	C	C	G	G	A	C	G	T	G	C	G	C	C	G	G	G	-	-	-	-	-	-	-	-	-	C	C	G	T	G	C	T	C	A	T	G	T	G	T	G	A	G	G	A	C	A	G	A	C	T	G	G	T	G	C	C	C	T	T	C	T	A	C	C	A	G	-	-	-	-	-	-	A	A	G	T	T	C	-	-	-	-	-	-	-	-	-	G	G	C	T	T	C	A	G	C	C	T	C	G	T	G	G	G	C	C	C	G	T	G	C	G	C	C	T	T	C	A	C	G	C	T	G	G	G	C	T	C	G	T	T	C	A	C	C	T	T	C	A	C	G	G	A	G	C	T	G	C	A	G	T	G	C	T	C	C	A	C	G	C	G	G	G	G	C	C	A	C	-	-	-	-	-	-	-	-	-	-	-	-	-	-	-	-	-	-	-	-	-	-	-	-	-	-	-	-	-	-	-	-	-	-	-	-	-	-	-	-	-	-	-	-	-	-	-	-	-	-	-	-	-	-	-	-	-	-	-	-	-	-	-	-	-	-	-	-	-	-	-	-	-	-	-	-	-	-	-	-	-	-	-	-	-	-	-	-	-	-	-	-	-	-	-	-	-	-	-	-	-	-	-	-	-	-	-	-	-	-	-	-	-	-	-	-	-	-	-	-	-	-	-	-	-	-	-	-	-	-	-	-	-	-	-	-	-	-	-	G	C	C	T	C	C	-	-	C	T	G	C	G	T	C	G	G	A	A	C	A	G	C	G	G	C	T	G	C	T	G	A	-	-	-	-	-	-	-	-	-	-	-	-	-	-	-	-	-	-	-	-	-	-	-	-	-	-	-	Chordata	Mammalia	Carnivora	Ursidae	Ailuropoda	10			Polyphasic	Cathemeral						
mustela_putorius_furo	-	-	-	-	-	-	-	-	-	-	-	-	-	-	-	-	-	-	-	-	-	-	-	-	-	-	-	-	-	-	-	-	-	-	-	-	-	-	-	-	-	-	-	-	-	-	-	-	-	-	-	-	-	-	-	-	-	-	-	-	-	-	-	-	-	-	-	-	-	-	-	-	-	-	-	-	-	-	-	-	-	-	-	-	-	-	-	-	-	-	-	-	-	-	-	-	-	-	-	-	-	-	-	-	-	-	-	-	-	-	-	-	-	-	-	-	-	-	-	-	-	-	-	-	-	-	-	-	-	-	-	-	-	-	-	-	-	-	-	-	-	-	-	-	-	-	-	-	-	-	-	-	-	-	-	-	-	-	-	-	-	-	-	-	-	-	-	-	-	-	-	-	-	-	-	-	-	-	-	-	-	-	-	-	-	-	-	-	-	-	-	-	-	-	-	-	-	-	-	-	-	-	-	-	-	-	-	-	-	-	-	-	-	-	-	-	-	-	-	-	-	-	-	-	-	-	-	-	-	-	-	-	-	-	-	-	-	-	-	-	-	-	-	-	-	-	-	-	-	-	-	-	-	-	-	-	-	-	-	-	-	-	-	-	-	-	-	-	-	-	-	-	-	-	-	-	-	-	-	-	-	-	-	-	-	-	-	-	-	-	-	-	-	-	-	-	-	-	-	-	-	-	-	-	-	-	-	-	-	-	-	-	-	-	-	-	-	-	-	-	-	-	-	-	-	-	-	-	-	-	-	-	-	-	-	-	-	-	-	-	-	-	-	-	-	-	-	-	-	-	-	-	-	-	-	-	-	-	-	-	-	-	-	-	-	-	-	-	-	-	-	-	-	-	-	-	-	-	-	-	-	-	-	-	-	-	-	-	-	-	-	-	-	-	-	-	-	-	-	-	-	-	-	-	-	-	-	-	-	-	-	-	-	-	-	-	-	-	-	-	-	-	-	-	-	-	-	-	-	-	-	-	-	-	-	-	-	-	-	-	-	-	-	-	-	-	-	-	-	-	-	-	-	-	-	-	-	-	-	-	-	-	-	-	-	-	-	-	-	-	-	-	-	-	-	-	-	-	-	-	-	-	-	-	-	-	-	-	-	-	-	-	-	-	-	-	-	-	-	-	-	-	-	-	-	-	-	-	-	-	-	-	-	-	-	-	-	-	-	-	-	-	-	-	-	-	-	-	-	-	-	-	-	-	-	-	-	-	-	-	-	-	-	-	-	-	-	-	-	-	-	-	-	-	-	-	-	-	-	-	-	-	-	-	-	-	-	-	-	-	-	-	-	-	-	-	-	-	-	-	-	-	-	-	-	-	-	-	-	-	-	-	-	-	-	-	-	-	-	-	-	-	-	-	-	-	-	-	-	-	-	-	-	-	-	-	-	-	-	-	-	-	-	-	-	-	-	-	-	-	-	-	-	-	-	-	-	-	-	-	-	-	-	-	-	-	-	-	-	-	-	-	-	-	-	-	-	-	-	-	-	-	-	G	-	-	-	-	-	-	C	A	G	C	C	T	T	C	A	T	C	T	C	T	G	T	C	T	T	G	G	G	C	A	C	C	T	G	C	C	C	C	T	T	A	T	A	T	C	T	G	G	A	C	G	A	G	G	T	C	A	A	G	C	A	T	T	T	C	C	T	G	A	C	C	C	T	G	T	G	T	C	C	A	G	A	G	C	T	G	T	C	C	C	T	G	G	G	C	T	G	G	T	T	C	C	A	G	G	A	G	G	G	G	T	G	C	C	T	C	G	T	A	G	C	C	T	T	C	A	T	C	A	T	C	G	G	T	T	C	G	C	T	T	T	G	G	G	A	C	C	A	G	G	A	G	A	G	A	C	T	C	A	C	T	C	A	G	G	A	G	T	C	G	C	T	G	A	C	G	C	T	G	C	A	C	C	G	G	C	C	G	G	G	G	G	G	C	C	A	C	A	C	T	G	C	C	C	A	C	C	T	G	C	A	C	G	T	G	-	-	-	-	-	-	C	T	G	G	C	C	G	T	G	C	A	C	C	A	A	G	C	T	T	G	C	C	G	G	-	-	-	-	-	-	C	G	C	C	A	G	G	G	C	A	A	G	G	G	C	T	C	C	A	C	A	C	T	G	A	T	G	C	G	G	C	G	C	T	A	C	C	T	G	C	A	G	C	A	C	T	T	G	G	G	C	G	G	C	C	A	G	C	C	G	G	C	G	G	T	G	A	G	C	C	G	G	G	-	-	-	-	-	-	-	-	-	C	C	G	C	G	C	T	C	A	T	G	T	G	C	G	A	G	G	A	C	A	G	A	C	T	G	G	T	G	C	C	C	T	T	C	T	A	C	C	A	G	-	-	-	-	-	-	G	G	G	T	T	C	-	-	-	-	-	-	-	-	-	G	G	C	T	T	C	A	G	C	C	C	C	G	T	G	G	G	C	C	C	C	T	G	C	G	C	C	A	T	C	A	C	C	C	T	G	G	G	C	C	C	G	C	T	T	G	C	C	T	T	C	A	C	G	G	A	G	C	T	C	C	A	G	T	G	C	T	C	C	A	T	G	C	G	A	G	G	C	C	A	C	-	-	-	-	-	-	-	-	-	-	-	-	-	-	-	-	-	-	-	-	-	-	-	-	-	-	-	-	-	-	-	-	-	-	-	-	-	-	-	-	-	-	-	-	-	-	-	-	-	-	-	-	-	-	-	-	-	-	-	-	-	-	-	-	-	-	-	-	-	-	-	-	-	-	-	-	-	-	-	-	-	-	-	-	-	-	-	-	-	-	-	-	-	-	-	-	-	-	-	-	-	-	-	-	-	-	-	-	-	-	-	-	-	-	-	-	-	-	-	-	-	-	-	-	-	-	-	-	-	-	-	-	-	-	-	-	-	-	-	G	C	G	T	C	C	-	-	C	G	G	C	G	T	C	G	G	A	A	C	A	G	C	G	G	C	T	G	C	T	G	A	-	-	-	-	-	-	-	-	-	-	-	-	-	-	-	-	-	-	-	-	-	-	-	-	-	-	-	Chordata	Mammalia	Carnivora	Mustelidae	Mustela	15.11228571	4.876114286	10.23628571	Polyphasic	nocturnal	0.868960429		41.2	0.677348609365327	0.322658953090955	
oryctolagus_cuniculus	-	-	-	-	-	-	-	-	-	-	-	-	-	-	-	-	-	-	-	-	-	-	-	-	-	-	-	-	-	-	-	-	-	-	-	-	-	-	-	-	-	-	-	-	-	-	-	-	-	-	-	-	-	-	-	-	-	-	-	-	-	-	-	-	-	-	-	-	-	-	-	-	-	-	-	-	-	-	-	-	-	-	-	-	-	-	-	-	-	-	-	-	-	-	-	-	-	-	-	-	-	-	-	-	-	-	-	-	-	-	-	-	-	-	-	-	-	-	-	-	-	-	-	-	-	-	-	-	-	-	-	-	-	-	-	-	-	-	-	-	-	-	-	-	-	-	-	-	-	-	-	-	-	-	-	-	-	-	-	-	-	-	-	-	-	-	-	-	-	-	-	-	-	-	-	-	-	-	-	-	-	-	-	-	-	-	-	-	-	-	-	-	-	-	-	-	-	-	-	-	-	-	-	-	-	-	-	-	-	-	-	-	-	-	-	-	-	-	-	-	-	-	-	-	-	-	-	-	-	-	-	-	-	-	-	-	-	-	-	-	-	-	-	-	-	-	-	-	-	-	-	-	-	-	-	-	-	-	-	-	-	-	-	-	-	-	-	-	-	-	-	-	-	-	-	-	-	-	-	-	-	-	-	-	-	-	-	-	-	-	-	-	-	-	-	-	-	-	-	-	-	-	-	-	-	-	-	-	-	-	-	-	-	-	-	-	-	-	-	-	-	-	-	-	-	-	-	-	-	-	-	-	-	-	-	-	-	-	-	-	-	-	-	-	-	-	-	-	-	-	-	-	-	-	-	-	-	-	-	-	-	-	-	-	-	-	-	-	-	-	-	-	-	-	-	-	-	-	-	-	-	-	-	-	-	-	-	-	-	-	-	-	-	-	-	-	-	-	-	-	-	-	-	-	-	-	-	-	-	-	-	-	-	-	-	-	-	-	-	-	-	-	-	-	-	-	-	-	-	-	-	-	-	-	-	-	-	-	-	-	-	-	-	-	-	-	-	-	-	-	-	-	-	-	-	-	-	-	-	-	-	-	-	-	-	-	-	-	-	-	-	-	-	-	-	-	-	-	-	-	-	-	-	-	-	-	-	-	-	-	-	-	-	-	-	A	T	G	T	C	C	A	C	G	C	T	C	-	-	-	A	G	C	A	C	C	-	-	-	C	A	G	C	C	C	C	T	G	A	A	-	-	A	C	C	C	A	A	G	G	C	C	C	T	G	C	A	C	C	C	A	C	C	A	C	C	G	G	G	G	T	C	C	C	C	G	G	A	G	T	C	C	-	C	C	A	G	G	C	C	A	C	C	A	G	C	G	G	C	G	C	C	A	C	A	C	G	C	T	G	C	C	C	G	C	C	A	G	T	G	A	G	T	T	C	C	G	C	T	G	C	C	T	C	A	C	C	C	C	A	G	A	G	G	A	T	G	C	G	G	C	C	G	G	C	G	T	G	T	T	T	G	A	G	A	T	T	G	A	G	C	G	A	G	-	-	-	-	-	-	A	A	G	C	C	T	T	C	A	T	G	T	C	C	G	T	C	T	C	G	G	G	C	A	G	C	T	G	C	C	C	C	C	T	G	T	A	C	T	T	G	G	A	C	G	A	G	A	T	C	C	G	G	C	A	C	T	T	C	C	T	C	A	C	C	C	T	G	T	G	T	C	C	A	G	A	G	C	T	G	T	C	C	C	T	G	G	G	C	T	G	G	T	T	C	C	A	G	G	A	G	G	G	C	C	G	C	C	T	G	G	T	G	G	C	C	T	T	C	A	T	C	A	T	C	G	G	C	T	C	A	C	T	T	T	G	G	G	A	C	A	A	G	G	A	G	A	G	G	C	T	C	A	C	C	C	A	G	G	A	G	T	C	G	C	T	G	A	C	G	C	T	G	C	A	C	A	G	G	C	C	C	G	G	G	G	G	C	C	G	C	G	T	G	G	C	C	C	A	C	C	T	G	C	A	C	G	T	G	-	-	-	-	-	-	C	T	G	G	C	C	G	T	G	C	A	C	C	G	C	G	C	C	T	G	C	C	G	G	-	-	-	-	-	-	C	A	G	C	A	G	G	G	C	A	A	G	G	G	C	T	C	C	G	T	C	C	T	G	C	T	G	T	G	G	C	G	C	T	A	C	C	T	G	C	A	G	C	A	C	C	T	G	G	G	C	G	G	C	C	A	G	C	G	G	G	C	C	G	T	G	C	G	C	C	G	G	G	-	-	-	-	-	-	-	-	-	C	G	G	T	G	C	T	C	A	T	G	T	G	T	G	A	G	G	A	C	G	C	C	C	T	G	G	T	G	C	C	C	T	T	C	T	A	C	G	A	G	-	-	-	-	-	-	A	G	G	C	T	C	-	-	-	-	-	-	-	-	-	G	G	C	T	T	C	C	G	C	G	C	C	G	T	G	G	G	C	C	C	G	T	G	C	G	C	T	G	T	C	A	C	C	G	T	G	G	G	C	T	C	C	C	T	C	G	C	C	T	T	C	A	C	T	G	A	G	C	T	C	C	A	G	T	G	C	T	C	C	G	T	G	C	G	G	G	G	C	C	A	C	-	-	-	-	-	-	-	-	-	-	-	-	-	-	-	-	-	-	-	-	-	-	-	-	-	-	-	-	-	-	-	-	-	-	-	-	-	-	-	-	-	-	-	-	-	-	-	-	-	-	-	-	-	-	-	-	-	-	-	-	-	-	-	-	-	-	-	-	-	-	-	-	-	-	-	-	-	-	-	-	-	-	-	-	-	-	-	-	-	-	-	-	-	-	-	-	-	-	-	-	-	-	-	-	-	-	-	-	-	-	-	-	-	-	-	-	-	-	-	-	-	-	-	-	-	-	-	-	-	-	-	-	-	-	-	-	-	-	-	G	C	C	T	G	C	-	-	C	T	G	C	G	C	A	G	G	A	A	G	A	G	C	G	G	T	T	G	C	T	A	A	-	-	-	-	-	-	-	-	-	-	-	-	-	-	-	-	-	-	-	-	-	-	-	-	-	-	-	Chordata	Mammalia	Lagomorpha	Leporidae	Oryctolagus	8.4	0.9	7.5	Polyphasic		2.5	12.1	30.8	0.892857142857143	0.107142857142857	4.84
ictidomys_tridecemlineatus	-	-	-	-	-	-	-	-	-	-	-	-	-	-	-	-	-	-	-	-	-	-	-	-	-	-	-	-	-	-	-	-	-	-	-	-	-	-	-	-	-	-	-	-	-	-	-	-	-	-	-	-	-	-	-	-	-	-	-	-	-	-	-	-	-	-	-	-	-	-	-	-	-	-	-	-	-	-	-	-	-	-	-	-	-	-	-	-	-	-	-	-	-	-	-	-	-	-	-	-	-	-	-	-	-	-	-	-	-	-	-	-	-	-	-	-	-	-	-	-	-	-	-	-	-	-	-	-	-	-	-	-	-	-	-	-	-	-	-	-	-	-	-	-	-	-	-	-	-	-	-	-	-	-	-	-	-	-	-	-	-	-	-	-	-	-	-	-	-	-	-	-	-	-	-	-	-	-	-	-	-	-	-	-	-	-	-	-	-	-	-	-	-	-	-	-	-	-	-	-	-	-	-	-	-	-	-	-	-	-	-	-	-	-	-	-	-	-	-	-	-	-	-	-	-	-	-	-	-	-	-	-	-	-	-	-	-	-	-	-	-	-	-	-	-	-	-	-	-	-	-	-	-	-	-	-	-	-	-	-	-	-	-	-	-	-	-	-	-	-	-	-	-	-	-	-	-	-	-	-	-	-	-	-	-	-	-	-	-	-	-	-	-	-	-	-	-	-	-	-	-	-	-	-	-	-	-	-	-	-	-	-	-	-	-	-	-	-	-	-	-	-	-	-	-	-	-	-	-	-	-	-	-	-	-	-	-	-	-	-	-	-	-	-	-	-	-	-	-	-	-	-	-	-	-	-	-	-	-	-	-	-	-	-	-	-	-	-	-	-	-	-	-	-	-	-	-	-	-	-	-	-	-	-	-	-	-	-	-	-	-	-	-	-	-	-	-	-	-	-	-	-	-	-	-	-	-	-	-	-	-	-	-	-	-	-	-	-	-	-	-	-	-	-	-	-	-	-	-	-	-	-	-	-	-	-	-	-	-	-	-	-	-	-	-	-	-	-	-	-	-	-	-	-	-	-	-	-	-	-	-	-	-	-	-	-	-	-	-	-	-	-	-	-	-	-	-	-	-	-	A	T	G	C	C	A	G	C	A	G	C	C	A	G	G	A	T	G	T	C	C	A	T	G	C	A	G	-	-	-	C	G	C	A	T	C	-	-	-	T	G	C	C	A	C	C	T	G	A	A	-	-	A	C	C	T	G	A	G	G	C	C	C	T	G	A	G	C	A	T	G	C	C	A	C	C	T	G	G	G	G	C	C	T	C	A	G	A	G	T	C	C	-	C	C	A	A	G	C	T	G	C	C	A	G	C	G	G	C	G	A	C	A	C	A	C	A	C	T	C	C	C	G	G	C	A	A	G	C	G	A	G	T	T	C	C	G	C	T	G	C	C	T	C	A	C	G	C	T	G	G	A	G	G	A	C	G	C	A	G	T	C	A	G	T	G	T	G	T	T	T	G	A	G	A	T	T	G	A	G	C	G	C	G	-	-	-	-	-	-	A	A	G	C	C	T	T	T	A	T	C	T	C	T	G	T	C	T	C	G	G	G	C	A	T	C	T	G	C	C	C	C	C	T	G	T	A	C	C	T	G	G	A	A	G	A	G	A	T	C	C	G	G	C	A	C	T	T	C	C	T	G	A	C	C	C	T	G	T	G	T	C	C	A	G	A	G	C	T	G	T	C	C	C	T	G	G	G	C	T	G	G	T	T	T	G	A	A	G	A	G	G	G	C	C	G	C	C	T	T	G	T	G	G	C	C	T	T	C	A	T	C	A	T	C	G	G	C	T	C	A	C	T	T	T	G	G	G	A	C	G	A	G	G	A	G	A	G	A	C	T	C	A	C	T	C	A	G	G	A	G	T	C	G	C	T	G	A	G	G	C	T	G	C	A	C	A	G	G	C	C	T	G	G	G	G	G	G	C	G	T	G	T	A	G	C	C	C	A	C	C	T	G	C	A	C	G	T	G	-	-	-	-	-	-	C	T	G	G	C	C	G	T	G	C	A	C	C	A	C	A	C	C	T	T	C	C	G	G	-	-	-	-	-	-	C	A	G	C	A	G	G	G	C	A	A	G	G	G	C	T	C	C	A	T	C	C	T	G	C	T	G	T	G	G	C	G	C	T	A	C	C	T	G	C	A	C	C	A	C	C	T	G	G	G	C	G	G	T	C	A	A	C	G	A	G	C	A	G	T	G	C	G	C	A	G	G	G	-	-	-	-	-	-	-	-	-	C	C	G	T	G	C	T	C	A	T	G	T	G	C	G	A	G	G	A	G	G	T	C	C	T	G	G	T	G	C	C	C	T	T	C	T	A	C	G	A	G	-	-	-	-	-	-	A	A	G	T	T	T	-	-	-	-	-	-	-	-	-	G	G	C	T	T	C	C	G	G	G	C	C	G	T	G	G	G	C	C	C	G	T	G	C	G	C	C	A	T	C	A	C	C	G	T	G	G	G	C	T	C	C	C	T	C	A	C	C	T	T	C	A	C	G	G	A	G	C	T	G	C	A	G	T	G	C	T	C	C	C	T	G	C	G	G	G	G	C	C	A	G	-	-	-	-	-	-	-	-	-	-	-	-	-	-	-	-	-	-	-	-	-	-	-	-	-	-	-	-	-	-	-	-	-	-	-	-	-	-	-	-	-	-	-	-	-	-	-	-	-	-	-	-	-	-	-	-	-	-	-	-	-	-	-	-	-	-	-	-	-	-	-	-	-	-	-	-	-	-	-	-	-	-	-	-	-	-	-	-	-	-	-	-	-	-	-	-	-	-	-	-	-	-	-	-	-	-	-	-	-	-	-	-	-	-	-	-	-	-	-	-	-	-	-	-	-	-	-	-	-	-	-	-	-	-	-	-	-	-	-	G	C	C	T	T	C	-	-	C	T	G	C	G	C	A	G	G	A	A	C	A	G	C	G	G	C	T	A	C	T	G	A	-	-	-	-	-	-	-	-	-	-	-	-	-	-	-	-	-	-	-	-	-	-	-	-	-	-	-	Chordata	Mammalia	Rodentia	Sciuridae	Ictidomys	13.8	3.41	10.39		diurnal	0.19		27.5	0.752898550724638	0.247101449275362	
urocitellus_parryii	-	-	-	-	-	-	-	-	-	-	-	-	-	-	-	-	-	-	-	-	-	-	-	-	-	-	-	-	-	-	-	-	-	-	-	-	-	-	-	-	-	-	-	-	-	-	-	-	-	-	-	-	-	-	-	-	-	-	-	-	-	-	-	-	-	-	-	-	-	-	-	-	-	-	-	-	-	-	-	-	-	-	-	-	-	-	-	-	-	-	-	-	-	-	-	-	-	-	-	-	-	-	-	-	-	-	-	-	-	-	-	-	-	-	-	-	-	-	-	-	-	-	-	-	-	-	-	-	-	-	-	-	-	-	-	-	-	-	-	-	-	-	-	-	-	-	-	-	-	-	-	-	-	-	-	-	-	-	-	-	-	-	-	-	-	-	-	-	-	-	-	-	-	-	-	-	-	-	-	-	-	-	-	-	-	-	-	-	-	-	-	-	-	-	-	-	-	-	-	-	-	-	-	-	-	-	-	-	-	-	-	-	-	-	-	-	-	-	-	-	-	-	-	-	-	-	-	-	-	-	-	-	-	-	-	-	-	-	-	-	-	-	-	-	-	-	-	-	-	-	-	-	-	-	-	-	-	-	-	-	-	-	-	-	-	-	-	-	-	-	-	-	-	-	-	-	-	-	-	-	-	-	-	-	-	-	-	-	-	-	-	-	-	-	-	-	-	-	-	-	-	-	-	-	-	-	-	-	-	-	-	-	-	-	-	-	-	-	-	-	-	-	-	-	-	-	-	-	-	-	-	-	-	-	-	-	-	-	-	-	-	-	-	-	-	-	-	-	-	-	-	-	-	-	-	-	-	-	-	-	-	-	-	-	-	-	-	-	-	-	-	-	-	-	-	-	-	-	-	-	-	-	-	-	-	-	-	-	-	-	-	-	-	-	-	-	-	-	-	-	-	-	-	-	-	-	-	-	-	-	-	-	-	-	-	-	-	-	-	-	-	-	-	-	-	-	-	-	-	-	-	-	-	-	-	-	-	-	-	-	-	-	-	-	-	-	-	-	-	-	-	-	-	-	-	-	-	-	-	-	-	-	-	-	-	-	-	-	-	-	-	-	-	-	-	-	-	-	-	-	-	-	-	-	-	-	-	-	-	-	-	-	-	-	-	-	-	-	-	-	-	A	T	G	C	A	G	-	-	-	C	G	C	A	T	C	-	-	-	T	G	C	C	A	C	C	T	G	A	A	-	-	A	C	C	T	G	A	G	G	C	C	C	T	G	A	G	C	A	T	G	C	C	A	C	C	T	G	G	G	G	C	C	T	C	A	G	A	G	T	C	C	-	C	C	A	A	G	C	T	G	C	C	A	G	C	G	G	C	G	A	C	A	C	A	C	A	C	T	C	C	C	G	G	C	G	A	G	C	G	A	G	T	T	C	C	G	C	T	G	C	C	T	C	A	C	G	C	T	G	G	A	G	G	A	C	G	C	A	G	T	C	A	G	T	G	T	G	T	T	T	G	A	G	A	T	T	G	A	G	C	G	C	C	-	-	-	-	-	-	A	A	G	C	C	T	T	T	A	T	C	T	C	T	G	T	C	T	C	G	G	G	C	A	T	C	T	G	C	C	C	C	C	T	G	T	A	C	C	T	G	G	A	A	G	A	G	A	T	C	C	G	G	C	A	C	T	T	C	C	T	G	A	C	C	C	T	G	T	G	T	C	C	A	G	A	G	C	T	G	T	C	C	C	T	C	G	G	C	T	G	G	T	T	T	G	A	A	G	A	G	G	G	C	C	G	C	C	T	T	G	T	G	G	C	C	T	T	C	A	T	C	A	T	C	G	G	C	T	C	A	C	T	T	T	G	G	G	A	Y	G	A	G	G	A	G	A	G	A	C	T	C	A	C	T	C	A	G	G	A	G	T	C	R	C	T	G	A	G	G	C	T	G	C	A	C	A	G	G	C	C	T	G	G	G	G	G	G	C	G	T	G	T	A	G	C	C	C	A	C	C	T	G	C	A	C	G	T	G	-	-	-	-	-	-	C	T	G	G	C	C	G	T	G	C	A	C	C	A	C	A	C	C	T	T	C	C	G	G	-	-	-	-	-	-	C	A	G	C	A	G	G	G	C	A	A	G	G	G	C	T	C	C	A	T	C	C	T	G	C	T	G	T	G	G	C	G	C	T	A	C	C	T	G	C	A	C	C	A	C	C	T	G	G	G	C	G	G	T	C	A	A	C	G	G	G	C	A	G	T	G	C	G	C	A	G	G	G	-	-	-	-	-	-	-	-	-	C	C	G	T	G	C	T	C	A	T	G	T	G	C	G	A	G	G	A	G	G	C	C	C	T	G	G	T	G	C	C	C	T	T	C	T	A	C	G	A	G	-	-	-	-	-	-	A	A	G	T	T	T	-	-	-	-	-	-	-	-	-	G	G	C	T	T	C	C	G	G	G	C	C	G	T	G	G	G	C	C	C	G	T	G	C	G	C	C	A	T	C	A	C	G	G	T	G	G	G	C	T	C	C	C	T	C	A	C	C	T	T	C	A	C	G	G	A	G	C	T	G	C	A	G	T	G	C	T	C	C	C	T	G	C	G	G	G	G	C	C	A	G	-	-	-	-	-	-	-	-	-	-	-	-	-	-	-	-	-	-	-	-	-	-	-	-	-	-	-	-	-	-	-	-	-	-	-	-	-	-	-	-	-	-	-	-	-	-	-	-	-	-	-	-	-	-	-	-	-	-	-	-	-	-	-	-	-	-	-	-	-	-	-	-	-	-	-	-	-	-	-	-	-	-	-	-	-	-	-	-	-	-	-	-	-	-	-	-	-	-	-	-	-	-	-	-	-	-	-	-	-	-	-	-	-	-	-	-	-	-	-	-	-	-	-	-	-	-	-	-	-	-	-	-	-	-	-	-	-	-	-	G	C	C	T	T	C	-	-	C	T	G	C	G	C	A	G	G	A	A	C	A	G	C	G	G	C	T	A	C	T	G	A	-	-	-	-	-	-	-	-	-	-	-	-	-	-	-	-	-	-	-	-	-	-	-	-	-	-	-	Chordata	Mammalia	Rodentia	Sciuridae	Urocitellus	16.08	3.3768	12.703	Polyphasic		0.83945999		25	0.789987562189055	0.21	
microcebus_murinus	-	-	-	-	-	-	-	-	-	-	-	-	-	-	-	-	-	-	-	-	-	-	-	-	-	-	-	-	-	-	-	-	-	-	-	-	-	-	-	-	-	-	-	-	-	-	-	-	-	-	-	-	-	-	-	-	-	-	-	-	-	-	-	-	-	-	-	-	-	-	-	-	-	-	-	-	-	-	-	-	-	-	-	-	-	-	-	-	-	-	-	-	-	-	-	-	-	-	-	-	-	-	-	-	-	-	-	-	-	-	-	-	-	-	-	-	-	-	-	-	-	-	-	-	-	-	-	-	-	-	-	-	-	-	-	-	-	-	-	-	-	-	-	-	-	-	-	-	-	-	-	-	-	-	-	-	-	-	-	-	-	-	-	-	-	-	-	-	-	-	-	-	-	-	-	-	-	-	-	-	-	-	-	-	-	-	-	-	-	-	-	-	-	-	-	-	-	-	-	-	-	-	-	-	-	-	-	-	-	-	-	-	-	-	-	-	-	-	-	-	-	-	-	-	-	-	-	-	-	-	-	-	-	-	-	-	-	-	-	-	-	-	-	-	-	-	-	-	-	-	-	-	-	-	-	-	-	-	-	-	-	-	-	-	-	-	-	-	-	-	-	-	-	-	-	-	-	-	-	-	-	-	-	-	-	-	-	-	-	-	-	-	-	-	-	-	-	-	-	-	-	-	-	-	-	-	-	-	-	-	-	-	-	-	-	-	-	-	-	-	-	-	-	-	-	-	-	-	-	-	-	-	-	-	-	-	-	-	-	-	-	-	-	-	-	-	-	-	-	-	-	-	-	-	-	-	-	-	-	-	-	-	-	-	-	-	-	-	-	-	-	-	-	-	-	-	-	-	-	-	-	-	-	-	-	-	-	-	-	-	-	-	-	-	-	-	-	-	-	-	-	-	-	-	-	-	-	-	-	-	-	-	-	-	-	-	-	-	-	-	-	-	-	-	-	-	-	-	-	-	-	-	-	-	-	-	-	-	-	-	-	-	-	-	-	-	-	-	-	-	-	-	-	-	-	-	-	-	-	-	-	-	-	-	-	-	-	-	-	-	-	-	-	-	-	-	-	-	-	-	-	-	-	-	-	-	-	-	-	-	-	-	-	-	-	A	T	G	T	C	C	A	C	C	C	A	G	-	-	-	A	G	C	A	T	C	-	-	-	C	A	C	C	C	C	C	T	G	A	A	-	-	G	C	C	C	G	A	G	G	C	C	C	T	G	C	G	C	C	T	G	C	C	G	C	C	T	G	G	G	T	T	G	C	C	C	G	A	G	T	C	C	-	C	C	A	A	G	C	T	G	C	C	A	G	C	G	G	C	G	C	C	A	C	A	C	G	C	T	C	C	C	T	G	C	C	A	G	C	G	A	G	T	T	T	C	G	C	T	G	C	C	T	C	A	C	C	C	T	G	G	A	G	G	A	T	G	C	C	G	T	A	A	G	C	G	T	G	T	T	T	G	A	G	A	T	T	G	A	G	C	G	T	G	-	-	-	-	-	-	A	A	G	C	C	T	T	C	G	T	C	T	C	T	G	T	C	T	C	G	G	G	C	C	T	C	T	G	C	C	C	C	C	T	G	T	A	C	C	T	G	G	A	C	G	A	G	A	T	C	C	G	G	C	A	C	T	T	C	C	T	G	A	C	C	C	T	G	T	G	T	C	C	C	G	A	G	C	T	A	T	C	C	C	T	G	G	G	C	T	G	G	T	T	T	G	A	G	G	A	A	G	G	C	C	G	C	C	T	T	G	T	G	G	C	C	T	T	C	A	T	C	A	T	C	G	G	C	T	C	A	C	T	T	T	G	G	G	A	C	A	A	G	G	A	G	A	G	A	C	T	C	A	C	G	C	A	G	G	A	G	T	C	G	C	T	G	A	C	G	C	T	G	C	A	C	A	G	G	C	C	T	G	G	G	G	G	C	C	A	C	A	C	A	G	C	C	C	A	C	C	T	G	C	A	C	G	T	G	-	-	-	-	-	-	C	T	G	G	C	C	G	T	G	C	A	C	C	G	C	A	C	C	T	T	C	C	G	G	-	-	-	-	-	-	C	A	G	C	A	G	G	G	C	C	G	G	G	G	C	T	C	C	A	T	C	C	T	G	C	T	G	T	G	G	C	G	C	T	A	C	C	T	G	C	A	C	C	A	T	T	T	G	G	G	T	G	G	A	C	A	G	C	C	G	G	C	C	G	T	G	C	G	C	C	G	G	G	-	-	-	-	-	-	-	-	-	C	T	G	T	G	C	T	C	A	T	G	T	G	C	G	A	G	G	A	C	G	C	A	C	T	C	G	T	G	C	C	C	T	T	T	T	A	T	G	A	G	-	-	-	-	-	-	A	G	T	C	T	T	-	-	-	-	-	-	-	-	-	G	G	C	T	T	C	C	A	C	T	C	C	G	T	G	G	G	C	C	C	G	T	G	C	G	A	C	G	T	C	A	C	C	G	T	G	G	G	C	C	C	C	C	T	C	A	C	C	T	T	C	A	C	G	G	A	G	C	T	C	C	A	G	T	G	C	T	C	C	C	T	G	C	G	G	G	C	C	C	A	G	-	-	-	-	-	-	-	-	-	-	-	-	-	-	-	-	-	-	-	-	-	-	-	-	-	-	-	-	-	-	-	-	-	-	-	-	-	-	-	-	-	-	-	-	-	-	-	-	-	-	-	-	-	-	-	-	-	-	-	-	-	-	-	-	-	-	-	-	-	-	-	-	-	-	-	-	-	-	-	-	-	-	-	-	-	-	-	-	-	-	-	-	-	-	-	-	-	-	-	-	-	-	-	-	-	-	-	-	-	-	-	-	-	-	-	-	-	-	-	-	-	-	-	-	-	-	-	-	-	-	-	-	-	-	-	-	-	-	-	G	C	C	T	T	C	-	-	C	T	G	C	G	C	A	G	G	A	A	C	A	G	C	G	G	C	T	G	C	T	G	A	-	-	-	-	-	-	-	-	-	-	-	-	-	-	-	-	-	-	-	-	-	-	-	-	-	-	-	Chordata	Mammalia	Primates	Cheirogaleidae	Microcebus	15.36	0.989	14.371	Polyphasic	nocturnal	0.06095369			0.935611979166667	0.0643880208333333	
propithecus_coquereli	-	-	-	-	-	-	-	-	-	-	-	-	-	-	-	-	-	-	-	-	-	-	-	-	-	-	-	-	-	-	-	-	-	-	-	-	-	-	-	-	-	-	-	-	-	-	-	-	-	-	-	-	-	-	-	-	-	-	-	-	-	-	-	-	-	-	-	-	-	-	-	-	-	-	-	-	-	-	-	-	-	-	-	-	-	-	-	-	-	-	-	-	-	-	-	-	-	-	-	-	-	-	-	-	-	-	-	-	-	-	-	-	-	-	-	-	-	-	-	-	-	-	-	-	-	-	-	-	-	-	-	-	-	-	-	-	-	-	-	-	-	-	-	-	-	-	-	-	-	-	-	-	-	-	-	-	-	-	-	-	-	-	-	-	-	-	-	-	-	-	-	-	-	-	-	-	-	-	-	-	-	-	-	-	-	-	-	-	-	-	-	-	-	-	-	-	-	-	-	-	-	-	-	-	-	-	-	-	-	-	-	-	-	-	-	-	-	-	-	-	-	-	-	-	-	-	-	-	-	-	-	-	-	-	-	-	-	-	-	-	-	-	-	-	-	-	-	-	-	-	-	-	-	-	-	-	-	-	-	-	-	-	-	-	-	-	-	-	-	-	-	-	-	-	-	-	-	-	-	-	-	-	-	-	-	-	-	-	-	-	-	-	-	-	-	-	-	-	-	-	-	-	-	-	-	-	-	-	-	-	-	-	-	-	-	-	-	-	-	-	-	-	-	-	-	-	-	-	-	-	-	-	-	-	-	-	-	-	-	-	-	-	-	-	-	-	-	-	-	-	-	-	-	-	-	-	-	-	-	-	-	-	-	-	-	-	-	-	-	-	-	-	-	-	-	-	-	-	-	-	-	-	-	-	-	-	-	A	T	G	G	A	G	G	A	A	C	A	G	A	G	A	A	G	G	C	C	T	T	T	T	T	G	G	G	G	A	C	A	C	T	G	G	A	C	A	G	C	T	G	A	G	G	T	C	C	T	G	G	T	G	T	T	C	C	A	T	G	T	T	C	C	C	C	C	C	A	G	G	A	G	G	T	G	C	T	T	C	C	A	C	A	G	C	T	G	G	G	G	C	A	C	C	C	C	G	A	T	G	G	C	C	A	G	G	A	T	G	T	T	C	A	C	C	C	A	G	-	-	-	A	G	C	A	T	C	-	-	-	C	A	C	C	C	C	C	T	G	A	A	-	-	A	C	C	C	G	A	G	G	C	C	C	T	G	C	G	C	C	T	G	C	C	G	C	C	T	G	G	G	A	T	T	C	C	T	G	A	G	T	C	C	-	C	C	A	A	G	C	T	G	C	C	A	G	C	G	G	C	G	C	C	A	C	A	C	G	C	T	C	C	C	T	G	C	C	A	G	C	G	A	G	T	T	T	C	G	C	T	G	C	C	T	C	A	C	T	G	T	G	G	A	G	G	A	T	G	C	C	G	T	A	A	G	C	G	C	G	T	T	T	G	A	G	A	T	C	G	A	G	C	G	T	G	-	-	-	-	-	-	A	A	G	C	C	T	T	C	G	T	C	T	C	T	G	T	C	T	C	G	G	G	C	C	T	C	T	G	C	C	C	C	C	T	A	T	A	C	C	T	G	G	A	C	G	A	G	A	T	C	C	G	G	C	A	C	T	T	C	C	T	G	G	C	C	C	T	G	T	G	T	C	C	C	G	A	G	C	T	A	T	C	C	C	T	G	G	G	C	T	G	G	T	T	T	G	A	G	G	A	G	G	G	C	C	G	C	C	T	T	G	T	G	G	C	C	T	T	C	A	T	C	A	T	C	G	G	C	T	C	A	C	T	C	T	G	G	G	A	C	C	A	G	G	A	G	A	G	A	C	T	C	A	C	T	C	A	G	G	A	G	T	C	G	C	T	G	A	C	A	C	T	G	C	A	C	A	G	G	C	C	T	G	G	G	G	G	G	C	A	C	A	C	G	G	C	C	C	A	C	C	T	G	C	A	C	G	T	G	-	-	-	-	-	-	C	T	G	G	C	C	G	T	G	C	A	C	C	G	C	A	C	C	T	T	C	C	G	G	-	-	-	-	-	-	C	A	G	C	A	G	G	G	C	A	G	G	G	G	C	T	C	C	G	T	C	C	T	G	C	T	G	T	G	G	C	G	C	T	A	C	C	T	G	C	A	C	C	A	T	T	T	G	G	G	T	G	G	C	C	A	G	C	C	G	G	C	T	G	T	G	C	G	C	C	G	G	G	-	-	-	-	-	-	-	-	-	C	T	G	T	G	C	T	C	A	T	G	T	G	C	G	A	G	G	A	C	G	C	G	C	T	C	G	T	G	C	C	C	T	T	C	T	A	C	G	A	G	-	-	-	-	-	-	A	A	G	C	T	T	-	-	-	-	-	-	-	-	-	G	G	C	T	T	C	C	A	C	G	C	C	G	T	G	G	G	C	C	C	G	T	G	C	G	A	C	G	T	C	A	T	C	G	T	G	G	G	C	C	C	C	C	T	C	A	C	C	T	T	C	A	C	G	G	A	G	C	T	C	C	A	G	T	G	C	T	C	C	C	T	G	C	G	G	G	C	G	C	A	G	-	-	-	-	-	-	-	-	-	-	-	-	-	-	-	-	-	-	-	-	-	-	-	-	-	-	-	-	-	-	-	-	-	-	-	-	-	-	-	-	-	-	-	-	-	-	-	-	-	-	-	-	-	-	-	-	-	-	-	-	-	-	-	-	-	-	-	-	-	-	-	-	-	-	-	-	-	-	-	-	-	-	-	-	-	-	-	-	-	-	-	-	-	-	-	-	-	-	-	-	-	-	-	-	-	-	-	-	-	-	-	-	-	-	-	-	-	-	-	-	-	-	-	-	-	-	-	-	-	-	-	-	-	-	-	-	-	-	-	G	C	C	T	T	C	-	-	C	T	G	C	G	C	A	G	G	A	A	C	A	G	C	G	G	C	T	G	C	T	G	A	-	-	-	-	-	-	-	-	-	-	-	-	-	-	-	-	-	-	-	-	-	-	-	-	-	-	-	Chordata	Mammalia	Primates	Indriidae	Propithecus	10.63				diurnal						
capra_hircus	-	-	-	-	-	-	-	-	-	-	-	-	-	-	-	-	-	-	-	-	-	-	-	-	-	-	-	-	-	-	-	-	-	-	-	-	-	-	-	-	-	-	-	-	-	-	-	-	-	-	-	-	-	-	-	-	-	-	-	-	-	-	-	-	-	-	-	-	-	-	-	-	-	-	-	-	-	-	-	-	-	-	-	-	-	-	-	-	-	-	-	-	-	-	-	-	-	-	-	-	-	-	-	-	-	-	-	-	-	-	-	-	-	-	-	-	-	-	-	-	-	-	-	-	-	-	-	-	-	-	-	-	-	-	-	-	-	-	-	-	-	-	-	-	-	-	-	-	-	-	-	-	-	-	-	-	-	-	-	-	-	-	-	-	-	-	-	-	-	-	-	-	-	-	-	-	-	-	-	-	-	-	-	-	-	-	-	-	-	-	-	-	-	-	-	-	-	-	-	-	-	-	-	-	-	-	-	-	-	-	-	-	-	-	-	-	-	-	-	-	-	-	-	-	-	-	-	-	-	-	-	-	-	-	-	-	-	-	-	-	-	-	-	-	-	-	-	-	-	-	-	-	-	-	-	-	-	-	-	-	-	-	-	-	-	-	-	-	-	-	-	-	-	-	-	-	-	-	-	-	-	-	-	-	-	-	-	-	-	-	-	-	-	-	-	-	-	-	-	-	-	-	-	-	-	-	-	-	-	-	-	-	-	-	-	-	-	-	-	-	-	-	-	-	-	-	-	-	-	-	-	-	-	-	-	-	-	-	-	-	-	-	-	-	-	-	-	-	-	-	-	-	-	-	-	-	-	-	-	-	-	-	-	-	-	-	-	-	-	-	-	-	-	-	-	-	-	-	-	-	-	-	-	-	-	-	-	-	-	-	-	-	-	-	-	-	-	-	-	-	-	-	-	-	-	-	-	-	-	-	-	-	-	-	-	-	-	-	-	-	-	-	-	-	-	-	-	-	-	-	-	-	-	-	-	-	-	-	-	-	-	-	-	-	-	-	-	-	-	-	-	-	-	-	-	-	-	-	-	-	-	-	-	-	-	-	-	-	-	-	-	-	-	-	-	-	-	-	-	-	-	-	-	-	-	-	-	-	-	-	-	-	-	-	-	A	T	G	T	C	C	A	C	G	C	C	G	-	-	-	A	G	C	G	T	C	-	-	-	C	A	C	T	G	C	C	T	G	A	A	-	-	A	C	C	C	T	C	G	C	C	T	C	T	G	C	A	C	C	T	G	C	C	C	T	C	T	G	G	G	A	T	C	C	C	A	G	G	G	T	C	C	-	C	C	A	G	G	C	C	G	C	C	A	G	C	G	G	C	G	C	C	A	C	A	C	G	C	T	C	C	C	C	G	C	C	A	A	C	G	A	G	T	T	C	C	G	C	T	G	C	C	T	C	A	C	C	C	C	A	G	A	C	G	A	T	G	C	T	G	C	C	G	G	C	G	T	G	T	T	T	G	A	G	A	T	T	G	A	G	C	G	A	G	-	-	-	-	-	-	A	G	G	C	C	T	T	C	A	T	C	T	C	T	G	T	C	T	C	C	G	G	C	A	A	C	T	G	C	C	C	C	C	T	G	A	A	T	C	T	G	G	A	C	G	A	G	G	T	C	C	A	G	C	A	C	T	T	C	C	T	G	A	C	C	C	T	G	T	G	T	C	C	C	G	A	G	C	T	G	T	C	C	C	T	G	G	G	C	T	G	G	T	T	C	G	T	G	G	A	G	G	G	C	C	G	C	C	T	C	G	T	G	G	C	C	T	T	C	A	T	C	A	T	C	G	G	C	T	C	C	C	T	G	T	G	G	G	A	C	G	A	G	G	A	G	A	G	A	C	T	T	A	C	T	C	A	G	G	A	G	T	C	C	C	T	G	G	C	A	C	T	G	C	A	C	A	G	G	C	C	C	G	G	G	G	G	C	C	G	C	A	G	C	G	C	C	C	A	C	C	T	G	C	A	C	G	C	G	-	-	-	-	-	-	C	T	G	G	C	C	G	T	G	C	A	C	C	G	C	A	G	C	T	T	C	C	G	G	-	-	-	-	-	-	C	A	G	C	A	G	G	G	C	A	A	G	G	G	C	T	C	C	G	T	C	C	T	G	C	T	C	T	G	G	C	G	C	T	A	C	C	T	G	C	A	C	C	A	C	G	T	G	G	G	C	G	C	C	C	A	G	C	C	G	G	C	C	G	T	G	C	G	C	C	A	G	G	-	-	-	-	-	-	-	-	-	C	C	G	T	G	C	T	C	A	T	G	T	G	C	G	A	G	G	A	C	G	C	G	C	T	G	G	T	G	C	C	C	T	T	T	T	A	C	C	A	G	-	-	-	-	-	-	A	G	G	T	T	C	-	-	-	-	-	-	-	-	-	G	G	C	T	T	C	C	A	T	T	C	C	G	C	G	G	G	C	C	C	A	T	G	T	G	C	C	A	T	C	G	T	C	G	T	G	G	G	C	T	C	A	C	T	G	A	C	C	T	T	C	A	C	G	G	A	G	A	T	G	C	A	C	T	G	C	T	C	C	C	T	G	A	G	G	G	G	C	C	A	C	-	-	-	-	-	-	-	-	-	-	-	-	-	-	-	-	-	-	-	-	-	-	-	-	-	-	-	-	-	-	-	-	-	-	-	-	-	-	-	-	-	-	-	-	-	-	-	-	-	-	-	-	-	-	-	-	-	-	-	-	-	-	-	-	-	-	-	-	-	-	-	-	-	-	-	-	-	-	-	-	-	-	-	-	-	-	-	-	-	-	-	-	-	-	-	-	-	-	-	-	-	-	-	-	-	-	-	-	-	-	-	-	-	-	-	-	-	-	-	-	-	-	-	-	-	-	-	-	-	-	-	-	-	-	-	-	-	-	-	G	C	C	G	C	C	-	-	C	T	G	C	G	C	C	G	G	A	A	C	A	G	T	G	A	C	C	G	C	T	G	A	-	-	-	-	-	-	-	-	-	-	-	-	-	-	-	-	-	-	-	-	-	-	-	-	-	-	-	Chordata	Mammalia	Artiodactyla	Bovidae	Capra	5.4	0.7	4.7	Monophasic	diurnal	29	115	163.9	0.87037037037037	0.12962962962963	3.96551724137931
bos_taurus	-	-	-	-	-	-	-	-	-	-	-	-	-	-	-	-	-	-	-	-	-	-	-	-	-	-	-	-	-	-	-	-	-	-	-	-	-	-	-	-	-	-	-	-	-	-	-	-	-	-	-	-	-	-	-	-	-	-	-	-	-	-	-	-	-	-	-	-	-	-	-	-	-	-	-	-	-	-	-	-	-	-	-	-	-	-	-	-	-	-	-	-	-	-	-	-	-	-	-	-	-	-	-	-	-	-	-	-	-	-	-	-	-	-	-	-	-	-	-	-	-	-	-	-	-	-	-	-	-	-	-	-	-	-	-	-	-	-	-	-	-	-	-	-	-	-	-	-	-	-	-	-	-	-	-	-	-	-	-	-	-	-	-	-	-	-	-	-	-	-	-	-	-	-	-	-	-	-	-	-	-	-	-	-	-	-	-	-	-	-	-	-	-	-	-	-	-	-	-	-	-	-	-	-	-	-	-	-	-	-	-	-	-	-	-	-	-	-	-	-	-	-	-	-	-	-	-	-	-	-	-	-	-	-	-	-	-	-	-	-	-	-	-	-	-	-	-	-	-	-	-	-	-	-	-	-	-	-	-	-	-	-	-	-	-	-	-	-	-	-	-	-	-	-	-	-	-	-	-	-	-	-	-	-	-	-	-	-	-	-	-	-	-	-	-	-	-	-	-	-	-	-	-	-	-	-	-	-	-	-	-	-	-	-	-	-	-	-	-	-	-	-	-	-	-	-	-	-	-	-	-	-	-	-	-	-	-	-	-	-	-	-	-	-	-	-	-	-	-	-	-	-	-	-	-	-	-	-	-	-	-	-	-	-	-	-	-	-	-	-	-	-	-	-	-	-	-	-	-	-	-	-	-	-	-	-	-	-	-	-	-	-	-	-	-	-	-	-	-	-	-	-	-	-	-	-	-	-	-	-	-	-	-	-	-	-	-	-	-	-	-	-	-	-	-	-	-	-	-	-	-	-	-	-	-	-	-	-	-	-	-	-	-	-	-	-	-	-	-	-	-	-	-	-	-	-	-	-	-	-	-	-	-	-	-	-	-	-	-	-	-	-	-	-	-	-	-	-	-	-	-	-	-	-	-	-	-	-	-	-	-	-	-	-	-	A	T	G	T	C	C	A	C	G	C	C	G	-	-	-	A	G	C	A	T	C	-	-	-	C	A	C	T	G	C	C	T	G	A	A	-	-	A	C	C	C	T	C	G	C	C	T	C	T	G	C	A	C	C	T	G	C	C	G	T	C	T	G	G	G	A	T	C	C	C	A	G	G	G	T	C	C	-	C	C	A	G	G	C	C	G	C	C	A	G	C	G	G	C	G	C	C	A	C	A	C	A	C	T	C	C	C	C	G	C	C	A	A	C	G	A	G	T	T	C	C	G	C	T	G	C	C	T	C	A	C	C	C	C	A	G	A	G	G	A	C	G	C	T	G	C	C	G	G	C	G	T	G	T	T	T	G	A	G	A	T	T	G	A	G	C	G	A	G	-	-	-	-	-	-	A	G	G	C	C	T	T	C	A	T	C	T	C	T	G	T	C	T	C	C	G	G	C	A	A	C	T	G	C	C	C	C	C	T	G	A	A	T	C	T	G	G	A	C	G	A	G	G	T	C	C	G	G	C	A	C	T	T	C	C	T	G	A	C	C	C	T	G	T	G	T	C	C	C	G	A	G	C	T	G	T	C	C	C	T	G	G	G	C	T	G	G	T	T	C	G	T	G	G	A	G	G	G	C	C	G	C	C	T	C	G	T	G	G	C	C	T	T	C	A	T	C	A	T	T	G	G	C	T	C	C	C	T	G	T	G	G	G	A	C	G	A	G	G	A	G	A	G	A	C	T	T	A	C	T	C	A	G	G	A	G	T	C	G	C	T	G	A	C	A	C	T	G	C	A	C	A	G	G	C	C	C	G	G	G	G	G	C	C	G	C	A	C	G	G	C	C	C	A	C	C	T	G	C	A	T	G	C	G	-	-	-	-	-	-	C	T	G	G	C	C	G	T	G	C	A	C	C	A	C	A	G	C	T	T	C	C	G	G	-	-	-	-	-	-	C	A	G	C	A	G	G	G	C	A	A	G	G	G	C	T	C	C	G	T	G	C	T	G	C	T	G	T	G	G	C	G	C	T	A	C	C	T	G	C	A	G	C	A	C	G	C	G	G	G	C	G	G	C	C	A	G	C	C	G	G	C	C	G	T	G	C	G	C	C	G	G	G	-	-	-	-	-	-	-	-	-	C	C	G	T	G	C	T	C	A	T	G	T	G	C	G	A	G	G	A	C	G	C	G	C	T	G	G	T	G	C	C	C	T	T	C	T	A	C	C	A	G	-	-	-	-	-	-	A	G	G	T	T	C	-	-	-	-	-	-	-	-	-	G	G	C	T	T	C	C	A	T	C	C	C	G	C	G	G	G	C	C	C	G	T	G	T	G	C	C	G	T	C	G	T	C	G	T	G	G	G	C	T	C	A	C	T	G	A	C	C	T	T	C	A	C	G	G	A	G	A	T	G	C	A	C	T	G	C	T	C	C	C	T	G	C	G	G	G	G	C	C	A	C	-	-	-	-	-	-	-	-	-	-	-	-	-	-	-	-	-	-	-	-	-	-	-	-	-	-	-	-	-	-	-	-	-	-	-	-	-	-	-	-	-	-	-	-	-	-	-	-	-	-	-	-	-	-	-	-	-	-	-	-	-	-	-	-	-	-	-	-	-	-	-	-	-	-	-	-	-	-	-	-	-	-	-	-	-	-	-	-	-	-	-	-	-	-	-	-	-	-	-	-	-	-	-	-	-	-	-	-	-	-	-	-	-	-	-	-	-	-	-	-	-	-	-	-	-	-	-	-	-	-	-	-	-	-	-	-	-	-	-	G	C	C	G	C	C	-	-	C	T	G	C	G	C	C	G	G	A	A	C	A	G	T	G	A	C	C	G	C	T	G	A	-	-	-	-	-	-	-	-	-	-	-	-	-	-	-	-	-	-	-	-	-	-	-	-	-	-	-	Chordata	Mammalia	Artiodactyla	Bovidae	Bos	4	0.8	3.2	Monophasic	diurnal	600	423	280.7	0.8	0.2	0.705
moschus_moschiferus	-	-	-	-	-	-	-	-	-	-	-	-	-	-	-	-	-	-	-	-	-	-	-	-	-	-	-	-	-	-	-	-	-	-	-	-	-	-	-	-	-	-	-	-	-	-	-	-	-	-	-	-	-	-	-	-	-	-	-	-	-	-	-	-	-	-	-	-	-	-	-	-	-	-	-	-	-	-	-	-	-	-	-	-	-	-	-	-	-	-	-	-	-	-	-	-	-	-	-	-	-	-	-	-	-	-	-	-	-	-	-	-	-	-	-	-	-	-	-	-	-	-	-	-	-	-	-	-	-	-	-	-	-	-	-	-	-	-	-	-	-	-	-	-	-	-	-	-	-	-	-	-	-	-	-	-	-	-	-	-	-	-	-	-	-	-	-	-	-	-	-	-	-	-	-	-	-	-	-	-	-	-	-	-	-	-	-	-	-	-	-	-	-	-	-	-	-	-	-	-	-	-	-	-	-	-	-	-	-	-	-	-	-	-	-	-	-	-	-	-	-	-	-	-	-	-	-	-	-	-	-	-	-	-	-	-	-	-	-	-	-	-	-	-	-	-	-	-	-	-	-	-	-	-	-	-	-	-	-	-	-	-	-	-	-	-	-	-	-	-	-	-	-	-	-	-	-	-	-	-	-	-	-	-	-	-	-	-	-	-	-	-	-	-	-	-	-	-	-	-	-	-	-	-	-	-	-	-	-	-	-	-	-	-	-	-	-	-	-	-	-	-	-	-	-	-	-	-	-	-	-	-	-	-	-	-	-	-	-	-	-	-	-	-	-	-	-	-	-	-	-	-	-	-	-	-	-	-	-	-	-	-	-	-	-	-	-	-	-	-	-	-	-	-	-	-	-	-	-	-	-	-	-	-	-	-	-	-	-	-	-	-	-	-	-	-	-	-	-	-	-	-	-	-	-	-	-	-	-	-	-	-	-	-	-	-	-	-	-	-	-	-	-	-	-	-	-	-	-	-	-	-	-	-	-	-	-	-	-	-	-	-	-	-	-	-	-	-	-	-	-	-	-	-	-	-	-	-	-	-	-	-	-	-	-	-	-	-	-	-	-	-	-	-	-	-	-	-	-	-	-	-	-	-	-	-	-	-	-	-	-	-	-	-	-	-	-	-	-	-	-	C	T	T	C	T	G	-	-	-	A	A	C	A	T	C	-	-	-	C	A	C	T	G	C	C	T	G	A	A	-	-	A	C	C	C	T	C	G	C	C	T	C	T	A	C	C	C	C	T	G	C	C	G	T	C	T	G	G	G	A	T	C	C	C	A	G	G	G	T	C	C	-	C	C	A	G	G	C	C	G	C	C	A	G	C	G	G	C	G	C	C	A	C	A	T	G	C	T	C	C	C	C	G	C	C	A	A	C	G	A	G	T	T	T	C	G	C	T	G	C	C	T	C	A	C	C	C	C	A	G	A	G	G	A	C	G	C	T	G	C	C	G	G	C	G	T	G	T	T	T	G	A	G	A	T	C	G	A	G	C	G	A	G	-	-	-	-	-	-	A	G	G	C	C	T	T	C	A	T	C	T	C	T	G	T	C	T	C	C	G	G	C	A	A	C	T	G	C	C	C	C	C	T	G	A	A	T	C	T	G	G	A	C	G	A	G	G	T	C	C	G	G	C	A	C	T	T	C	C	T	G	A	C	C	C	T	G	T	G	T	C	C	C	G	A	G	C	T	G	T	C	C	C	T	G	G	G	C	T	G	G	T	T	C	G	T	G	G	A	G	G	G	C	C	G	C	C	T	G	G	T	G	G	C	G	T	T	C	A	T	C	A	T	C	G	G	C	T	C	C	C	T	A	T	G	G	G	A	C	G	A	G	G	A	G	A	G	A	C	T	T	A	C	T	C	A	G	-	-	-	-	-	-	-	-	-	-	-	-	-	-	-	-	-	-	-	-	-	-	-	-	-	-	-	-	-	-	-	-	-	-	-	-	-	-	-	-	-	-	-	-	-	-	-	-	-	-	-	-	-	-	-	-	-	-	-	-	-	-	-	-	-	-	-	-	-	-	-	-	-	-	-	-	-	-	-	-	-	-	-	-	-	-	-	-	-	-	-	-	-	-	-	-	-	-	-	-	-	-	-	-	-	-	-	-	-	-	-	-	-	-	-	-	-	-	-	-	-	-	-	-	-	-	-	-	-	-	-	-	-	-	-	-	-	-	-	-	-	-	-	-	-	-	-	-	-	-	-	-	-	-	-	-	-	-	-	-	-	-	-	-	-	-	-	-	-	-	-	-	-	-	-	-	-	-	-	-	-	G	T	G	A	G	G	A	T	G	G	G	G	T	G	A	-	-	-	-	-	-	-	-	-	-	-	-	-	-	-	-	-	-	-	-	-	-	-	-	-	-	-	-	-	-	-	-	-	-	-	-	-	-	-	-	-	-	-	-	-	-	-	-	-	-	-	-	-	-	-	-	-	-	-	-	-	-	-	-	-	-	-	-	-	-	-	-	-	-	-	-	-	-	-	-	-	-	-	-	-	-	-	-	-	-	-	-	-	-	-	-	-	-	-	-	-	-	-	-	-	-	-	-	-	-	-	-	-	-	-	-	-	-	-	-	-	-	-	-	-	-	-	-	-	-	-	-	-	-	-	-	-	-	-	-	-	-	-	-	-	-	-	-	-	-	-	-	-	-	-	-	-	-	-	-	-	-	-	-	-	-	-	-	-	-	-	-	-	-	-	-	-	-	-	-	-	-	-	-	-	-	-	-	-	-	-	-	-	-	-	-	-	-	-	-	-	-	-	-	-	-	-	-	-	-	-	-	-	-	-	-	-	-	-	-	-	-	-	-	-	-	-	-	-	-	-	-	-	-	-	-	-	-	-	-	-	-	-	-	-	-	-	-	-	-	-	-	-	-	-	-	-	-	-	-	-	-	-	-	-	-	-	-	-	-	-	-	-	-	-	-	-	-	-	-	-	-	-	-	-	-	-	-	-	-	-	-	-	-	-	-	-	-	-	-	-	-	-	-	-	-	-	-	-	-	-	-	-	-	Chordata	Mammalia	Artiodactyla	Moschidae	Moschus	10.24	0.74	9.5		nocturnal	16		167.3	0.927734375	0.072265625	
callithrix_jacchus	A	T	G	T	G	G	T	C	A	T	T	G	G	A	G	G	T	T	C	A	C	G	A	G	T	C	C	T	G	C	A	T	C	T	T	C	T	C	C	C	A	C	C	G	T	G	G	G	C	A	G	C	A	G	G	G	T	A	A	G	G	C	T	G	G	G	G	T	G	C	C	G	C	A	G	G	G	T	A	A	G	A	C	T	G	T	G	G	T	G	C	C	C	C	A	G	G	C	T	C	C	A	C	T	G	A	G	C	C	C	T	G	C	T	C	A	T	C	C	C	T	C	C	C	A	C	C	A	T	C	T	C	T	G	G	G	G	C	T	C	A	G	A	A	G	C	A	C	C	C	A	G	A	A	G	G	C	A	C	C	C	T	G	A	G	A	C	C	A	G	T	G	T	C	T	G	C	A	G	G	T	C	T	G	C	A	A	G	G	G	G	C	A	C	A	A	A	C	C	T	C	C	A	T	A	A	A	T	C	C	T	T	T	T	G	G	C	T	G	C	G	A	G	G	G	A	A	A	G	G	T	G	G	G	G	A	G	C	C	A	G	T	G	C	C	A	A	T	G	T	T	T	G	C	A	G	T	C	C	C	T	G	G	T	A	A	T	A	G	C	C	T	C	G	G	G	A	A	C	C	A	G	G	G	A	C	C	T	G	G	G	G	A	A	T	G	T	G	G	C	C	A	T	C	G	A	T	T	T	G	G	G	G	G	C	T	G	G	C	T	C	T	G	C	C	C	C	A	G	T	T	C	T	T	G	C	T	G	C	A	A	A	A	G	A	G	G	C	C	A	G	A	G	G	C	T	C	A	C	T	G	T	G	T	G	G	C	C	T	G	C	C	T	C	T	C	T	G	G	A	G	A	T	G	C	G	G	A	T	C	A	G	A	C	C	C	C	T	G	T	C	T	G	T	T	C	T	C	C	A	C	C	A	G	G	T	G	C	T	A	G	G	A	G	G	C	C	C	T	C	C	T	T	G	G	C	T	-	-	-	T	A	G	G	A	G	A	C	C	A	C	T	T	C	C	A	A	A	G	C	T	G	G	G	-	-	-	G	C	A	C	C	T	C	A	G	G	G	A	G	G	C	A	G	C	A	G	T	G	G	C	C	A	G	G	A	T	G	T	C	C	A	T	G	C	A	G	-	-	-	A	G	C	A	C	C	-	-	-	A	A	C	C	C	C	C	C	G	A	A	-	-	A	C	C	G	A	A	G	G	C	C	C	C	A	C	A	T	C	A	G	C	C	G	C	C	T	G	G	G	A	T	C	C	C	C	A	A	G	T	C	C	-	C	T	G	A	G	C	T	G	T	C	A	G	C	G	G	C	G	C	C	A	C	A	C	A	C	T	C	C	C	T	G	C	C	A	G	T	G	A	G	T	T	T	C	G	C	T	G	C	C	T	C	A	C	T	C	T	G	G	A	G	G	A	C	G	C	T	G	T	C	A	G	C	G	C	C	T	T	T	G	A	G	A	T	C	G	A	G	C	G	T	G	-	-	-	-	-	-	A	A	G	C	C	T	T	C	A	T	C	T	C	T	G	T	C	T	T	G	G	G	C	A	T	C	T	G	C	C	C	T	C	T	C	T	A	C	C	T	G	G	A	T	G	A	A	A	T	C	C	G	G	T	A	C	T	T	C	C	T	G	A	C	C	C	T	G	T	G	T	C	C	A	G	A	G	C	T	G	T	C	C	C	T	G	G	G	C	T	G	G	T	T	C	G	A	G	G	A	G	G	G	C	T	G	C	C	T	T	G	T	G	G	C	C	T	T	C	A	T	C	A	T	C	G	G	C	T	C	G	C	T	C	T	G	G	G	A	C	A	A	G	G	A	G	A	G	A	C	T	C	A	C	G	C	A	G	G	A	G	T	C	G	C	T	G	A	T	G	C	T	G	C	A	C	A	G	G	C	C	T	G	G	G	G	G	C	C	A	C	A	T	A	G	C	C	C	A	C	C	T	G	C	A	T	G	T	G	-	-	-	-	-	-	C	T	G	G	C	C	G	T	G	C	A	C	C	A	T	G	C	C	T	T	C	C	G	G	-	-	-	-	-	-	C	A	G	C	A	G	G	G	C	A	G	G	G	G	C	C	C	C	A	T	C	C	T	G	C	T	G	T	G	G	C	G	C	T	A	C	C	T	G	C	A	C	C	A	C	C	T	G	G	G	C	A	G	C	C	G	G	C	T	G	G	C	T	G	T	G	C	A	C	C	G	G	G	-	-	-	-	-	-	-	-	-	C	T	G	T	G	C	T	C	A	T	G	T	G	C	G	A	G	G	A	T	G	T	G	C	T	G	G	T	G	C	C	C	T	T	C	T	A	T	G	A	G	-	-	-	-	-	-	A	G	G	T	T	C	-	-	-	-	-	-	-	-	-	G	G	C	T	T	C	C	A	C	A	C	C	A	T	G	G	G	T	C	C	C	T	G	C	G	C	C	A	T	C	A	G	C	A	T	G	G	G	C	T	C	C	C	T	C	A	C	C	T	T	C	A	C	G	G	A	G	C	T	C	C	A	C	T	G	C	T	C	C	C	T	G	C	G	G	A	A	C	T	A	C	-	-	-	-	-	-	-	-	-	-	-	-	-	-	-	-	-	-	-	-	-	-	-	-	-	-	-	-	-	-	-	-	-	-	-	-	-	-	-	-	-	-	-	-	-	-	-	-	-	-	-	-	-	-	-	-	-	-	-	-	-	-	-	-	-	-	-	-	-	-	-	-	-	-	-	-	-	-	-	-	-	-	-	-	-	-	-	-	-	-	-	-	-	-	-	-	-	-	-	-	-	-	-	-	-	-	-	-	-	-	-	-	-	-	-	-	-	-	-	-	-	-	-	-	-	-	-	-	-	-	-	-	-	-	-	-	-	-	-	C	C	T	T	T	C	-	-	C	T	G	C	G	C	A	G	G	A	G	C	A	G	C	G	G	C	T	G	C	T	A	A	-	-	-	-	-	-	-	-	-	-	-	-	-	-	-	-	-	-	-	-	-	-	-	-	-	-	-	Chordata	Mammalia	Primates	Cebidae	Callithrix	9.5038	1.6055	7.8983	Monophasic	diurnal	0.306196343		142.9	0.831067572970812	0.168932427029188	
saimiri_boliviensis_boliviensis	-	-	-	-	-	-	-	-	-	-	-	-	-	-	-	-	-	-	-	-	-	-	-	-	-	-	-	-	-	-	-	-	-	-	-	-	-	-	-	-	-	-	-	-	-	-	-	-	-	-	-	-	-	-	-	-	-	-	-	-	-	-	-	-	-	-	-	-	-	-	-	-	-	-	-	-	-	-	-	-	-	-	-	-	A	T	G	G	A	G	C	C	A	C	A	G	T	C	T	A	C	G	A	A	G	G	G	-	-	-	-	-	-	-	-	A	C	A	C	G	A	G	A	G	G	C	C	T	T	T	G	G	G	G	A	G	A	C	C	C	T	G	G	G	G	G	-	-	-	T	T	G	A	-	-	-	-	-	-	-	-	-	-	-	-	-	-	-	-	-	-	-	-	-	-	-	-	-	-	-	-	-	-	-	-	-	-	-	-	-	-	-	-	-	-	-	-	-	-	-	-	-	-	-	-	-	-	-	-	-	-	-	-	-	-	-	-	-	-	-	-	-	-	-	-	-	-	-	-	-	-	-	-	-	-	-	-	-	-	-	-	-	-	-	-	-	-	-	-	-	-	-	-	-	-	-	-	-	-	-	-	-	-	-	-	-	-	-	-	-	-	-	-	-	-	-	-	-	-	-	-	-	-	-	-	-	-	-	-	-	-	-	-	-	-	-	-	-	-	-	-	-	-	-	-	-	-	-	-	-	-	-	-	-	-	-	-	-	-	-	-	-	-	-	-	-	-	-	-	-	-	-	-	-	-	-	-	-	-	-	-	-	-	-	-	-	-	-	-	-	-	-	-	-	-	-	-	-	-	-	-	-	-	-	-	-	-	-	-	-	-	-	-	-	-	-	-	-	-	-	-	-	-	-	-	-	-	-	-	-	-	-	-	-	-	-	-	-	-	-	-	-	-	-	-	-	-	-	-	-	-	-	A	G	G	T	G	C	T	A	G	G	A	G	G	C	T	C	T	C	C	T	C	G	G	C	T	-	-	-	T	A	A	A	A	G	G	C	C	A	C	T	T	C	C	G	A	A	G	C	G	G	G	G	-	-	-	G	C	A	C	C	C	C	A	G	G	G	A	G	G	C	A	G	C	A	G	C	G	G	C	C	A	G	G	A	T	G	T	C	C	A	T	G	C	A	G	-	-	-	A	G	C	A	C	C	-	-	-	A	A	C	C	C	C	C	T	G	A	A	-	-	A	C	C	C	A	A	G	G	C	C	C	C	G	C	A	T	C	A	G	C	C	A	C	C	T	G	G	G	A	T	C	C	C	C	A	A	G	T	C	C	-	C	C	G	A	G	C	T	G	T	C	A	G	C	G	G	C	G	C	C	A	C	A	C	G	C	T	C	C	C	C	G	C	C	A	G	C	G	A	G	T	T	T	C	G	C	T	G	C	C	T	C	A	C	T	C	T	G	G	A	G	G	A	C	G	C	T	G	T	C	A	G	C	G	C	C	T	T	T	G	A	G	A	T	C	G	A	G	C	G	T	G	-	-	-	-	-	-	A	A	G	C	C	T	T	C	A	T	C	T	C	T	G	T	C	T	T	G	G	G	C	A	T	C	T	G	C	C	C	C	C	T	G	G	A	C	C	T	G	G	A	T	G	A	G	A	T	C	C	G	G	C	A	C	T	T	C	C	T	G	A	C	C	C	T	G	T	G	T	C	C	A	G	A	G	C	T	G	T	C	C	C	T	G	G	G	C	T	G	G	T	T	C	G	A	G	G	A	G	G	G	C	T	G	C	C	T	C	G	T	G	G	C	C	T	T	C	A	T	C	A	T	C	G	G	C	T	C	G	C	T	C	T	G	G	G	A	C	A	A	G	G	A	G	A	G	A	C	T	C	A	T	G	C	A	G	G	A	G	T	C	G	C	T	G	A	C	A	C	T	G	C	A	C	A	G	G	C	C	T	G	G	G	G	G	C	C	A	C	A	T	A	G	C	C	C	A	C	C	T	G	C	A	T	G	T	G	-	-	-	-	-	-	C	T	G	G	C	C	G	T	G	C	A	C	C	G	A	G	C	C	T	T	C	C	G	G	-	-	-	-	-	-	C	A	G	C	A	G	G	G	C	A	G	G	G	G	T	C	C	C	A	T	C	C	T	G	C	T	G	T	G	G	C	G	C	T	A	C	C	T	G	C	A	C	C	G	C	C	T	G	G	G	C	A	G	C	C	A	G	C	C	G	G	C	T	G	T	G	C	G	C	C	G	G	G	-	-	-	-	-	-	-	-	-	C	T	G	T	G	C	T	C	A	T	G	T	G	C	G	A	G	G	A	C	G	T	G	C	T	G	G	T	A	C	C	C	T	T	C	T	A	C	G	A	G	-	-	-	-	-	-	A	G	G	T	T	T	-	-	-	-	-	-	-	-	-	G	G	C	T	T	C	C	A	C	G	C	C	G	T	G	G	G	T	C	C	C	T	G	C	G	C	C	A	T	C	A	G	C	G	T	G	G	G	C	T	C	C	C	T	C	A	C	C	T	T	C	A	C	G	G	A	G	C	T	C	C	A	C	T	G	C	T	C	C	C	T	G	C	G	G	A	A	C	C	A	C	-	-	-	-	-	-	-	-	-	-	-	-	-	-	-	-	-	-	-	-	-	-	-	-	-	-	-	-	-	-	-	-	-	-	-	-	-	-	-	-	-	-	-	-	-	-	-	-	-	-	-	-	-	-	-	-	-	-	-	-	-	-	-	-	-	-	-	-	-	-	-	-	-	-	-	-	-	-	-	-	-	-	-	-	-	-	-	-	-	-	-	-	-	-	-	-	-	-	-	-	-	-	-	-	-	-	-	-	-	-	-	-	-	-	-	-	-	-	-	-	-	-	-	-	-	-	-	-	-	-	-	-	-	-	-	-	-	-	-	C	C	C	T	T	C	-	-	C	T	G	C	G	C	A	G	G	A	G	C	A	G	C	G	G	C	T	G	C	T	G	A	-	-	-	-	-	-	-	-	-	-	-	-	-	-	-	-	-	-	-	-	-	-	-	-	-	-	-	Chordata	Mammalia	Primates	Cebidae	Saimiri	9.13	1.03	8.1		diurnal	0.75		167	0.887185104052574	0.112814895947426	
rhinopithecus_bieti	-	-	-	-	-	-	-	-	-	-	-	-	-	-	-	-	-	-	-	-	-	-	-	-	-	-	-	-	-	-	-	-	-	-	-	-	-	-	-	-	-	-	-	-	-	-	-	-	-	-	-	-	-	-	-	-	-	-	-	-	-	-	-	-	-	-	-	-	-	-	-	-	-	-	-	-	-	-	-	-	-	-	-	-	-	-	-	-	-	-	-	-	-	-	-	-	-	-	-	-	-	-	-	-	-	-	-	-	-	-	-	-	-	-	-	-	-	-	-	-	-	-	-	-	-	-	-	-	-	-	-	-	-	-	-	-	-	-	-	-	-	-	-	-	-	-	-	-	-	-	-	-	-	-	-	-	-	-	-	-	-	-	-	-	-	-	-	-	-	-	-	-	-	-	-	-	-	-	-	-	-	-	-	-	-	-	-	-	-	-	-	-	-	-	-	-	-	-	-	-	-	-	-	-	-	-	-	-	-	-	-	-	-	-	-	-	-	-	-	-	-	-	-	-	-	-	-	-	-	-	-	-	-	-	-	-	-	-	-	-	-	-	-	-	-	-	-	-	-	-	-	-	-	-	-	-	-	-	-	-	-	-	-	-	-	-	-	-	-	-	-	-	-	-	-	-	-	-	-	-	-	-	-	-	-	-	-	-	-	-	-	-	-	-	-	-	-	-	-	-	-	-	-	-	-	-	-	-	-	-	-	-	-	-	-	-	-	-	-	-	-	-	-	-	-	-	-	-	-	-	-	-	-	-	-	-	-	-	-	-	-	-	-	-	-	-	-	-	-	-	-	-	-	-	-	-	-	-	-	-	-	-	-	-	-	-	-	-	-	-	-	-	-	-	-	-	-	-	-	-	-	-	-	-	-	-	-	-	-	-	-	-	-	-	-	-	-	-	-	-	-	-	-	-	-	-	-	-	-	-	-	-	-	-	-	-	-	-	-	-	-	-	-	-	-	-	-	-	-	-	-	-	-	-	-	-	-	-	-	-	-	-	-	-	-	-	-	-	-	-	-	-	-	-	-	-	-	-	-	-	-	-	-	-	-	-	-	-	-	-	-	-	-	-	-	-	-	-	-	-	-	-	-	-	-	-	-	-	-	-	-	-	-	-	-	A	T	G	T	C	C	A	C	G	C	A	G	-	-	-	A	A	C	A	C	C	-	-	-	C	A	T	C	C	C	C	C	A	A	A	-	-	A	C	C	T	G	A	G	G	C	C	C	C	G	C	G	T	C	T	G	C	C	A	C	C	T	G	G	G	A	T	C	C	-	-	-	-	-	-	-	-	-	-	C	G	A	G	C	T	G	T	C	A	A	C	G	G	C	G	C	C	A	C	A	C	A	C	T	C	C	C	T	G	C	C	A	G	C	G	A	G	T	T	T	C	G	C	T	G	C	C	T	C	A	C	C	C	C	A	G	A	G	G	A	C	G	C	T	G	T	C	A	G	C	G	C	C	T	T	T	G	A	G	A	T	C	G	A	G	C	G	T	G	-	-	-	-	-	-	A	A	G	C	C	T	T	C	A	T	C	T	C	C	G	T	C	T	T	G	G	G	C	G	T	C	T	G	C	C	C	C	C	T	A	T	A	C	C	T	G	G	A	T	G	A	G	A	T	C	C	G	G	C	A	C	T	T	C	C	T	G	A	C	C	C	T	A	T	G	T	C	C	A	G	A	G	C	T	G	T	C	C	C	T	G	G	G	C	T	G	G	T	T	C	G	A	G	G	A	G	G	G	C	T	G	C	C	T	T	G	T	G	G	C	C	T	T	C	A	T	C	A	T	C	G	G	C	T	C	A	C	T	C	T	G	G	G	A	C	A	A	G	G	A	G	A	G	A	C	T	C	A	C	G	C	A	G	G	A	G	T	C	A	C	T	G	A	C	G	A	T	G	C	A	C	A	A	G	C	C	T	G	G	G	G	G	C	C	A	C	A	T	A	G	C	C	C	A	C	C	T	G	C	A	C	G	T	G	-	-	-	-	-	-	C	T	G	G	C	C	G	T	G	C	A	C	T	G	C	G	C	C	T	T	C	C	G	G	-	-	-	-	-	-	C	A	G	C	A	G	G	G	C	A	G	G	G	G	C	C	C	C	A	T	C	C	T	G	C	T	G	T	G	G	C	G	C	T	A	C	C	T	G	C	A	C	C	A	C	C	T	G	G	G	C	A	G	C	C	A	G	C	C	A	G	C	C	G	T	G	C	G	C	C	G	G	G	-	-	-	-	-	-	-	-	-	C	T	G	T	G	C	T	C	A	T	G	T	G	C	G	A	G	G	A	T	G	T	G	C	T	G	G	T	G	C	C	C	T	T	C	T	A	T	G	A	G	-	-	-	-	-	-	A	G	G	T	T	T	-	-	-	-	-	-	-	-	-	G	G	C	T	T	C	C	A	C	G	C	C	G	T	G	G	G	C	C	C	C	T	G	C	G	C	C	G	T	C	A	C	C	G	T	G	G	G	C	T	C	C	C	T	C	A	C	C	T	T	C	A	C	C	G	A	G	C	T	C	C	A	C	T	G	C	T	C	C	C	T	G	C	A	G	G	G	C	C	A	C	-	-	-	-	-	-	-	-	-	-	-	-	-	-	-	-	-	-	-	-	-	-	-	-	-	-	-	-	-	-	-	-	-	-	-	-	-	-	-	-	-	-	-	-	-	-	-	-	-	-	-	-	-	-	-	-	-	-	-	-	-	-	-	-	-	-	-	-	-	-	-	-	-	-	-	-	-	-	-	-	-	-	-	-	-	-	-	-	-	-	-	-	-	-	-	-	-	-	-	-	-	-	-	-	-	-	-	-	-	-	-	-	-	-	-	-	-	-	-	-	-	-	-	-	-	-	-	-	-	-	-	-	-	-	-	-	-	-	-	G	C	C	T	T	C	-	-	C	T	G	C	G	C	A	G	G	A	A	C	A	G	C	G	G	C	T	G	C	T	G	A	-	-	-	-	-	-	-	-	-	-	-	-	-	-	-	-	-	-	-	-	-	-	-	-	-	-	-	Chordata	Mammalia	Primates	Cercopithecidae	Rhinopithecus	11.5				diurnal						
macaca_nemestrina	-	-	-	-	-	-	-	-	-	-	-	-	-	-	-	-	-	-	-	-	-	-	-	-	-	-	-	-	-	-	-	-	-	-	-	-	-	-	-	-	-	-	-	-	-	-	-	-	-	-	-	-	-	-	-	-	-	-	-	-	-	-	-	-	-	-	-	-	-	-	-	-	-	-	-	-	-	-	-	-	-	-	-	-	A	T	G	G	A	G	C	C	C	T	G	C	T	C	-	-	-	-	-	-	-	-	-	-	-	-	-	-	-	-	-	A	T	C	C	C	T	G	C	C	A	C	C	A	T	C	T	C	T	G	G	G	G	C	T	C	A	G	A	A	G	C	A	C	C	C	A	G	A	-	-	-	-	-	-	-	-	-	-	-	-	-	-	-	-	-	-	-	-	-	-	-	-	-	-	-	-	-	-	-	-	-	-	-	-	-	-	-	-	-	-	-	-	-	-	-	-	-	-	-	-	-	-	-	-	-	-	-	-	-	-	-	-	-	-	-	-	-	-	-	-	-	-	-	-	-	-	-	-	-	-	-	-	-	-	-	-	-	-	-	-	-	-	-	-	-	-	-	-	-	-	-	-	-	-	-	-	-	-	-	-	-	-	-	-	-	-	-	-	-	-	-	-	-	-	-	-	-	-	-	-	-	-	-	-	-	-	-	-	-	-	-	-	-	-	-	-	-	-	-	-	-	-	-	-	-	-	-	-	-	-	-	-	-	-	-	-	-	-	-	-	-	-	-	-	-	-	-	-	-	-	-	-	-	-	-	-	-	-	-	-	-	-	-	-	-	-	-	-	-	-	-	-	-	-	-	-	-	-	-	-	-	-	-	-	-	-	-	-	-	-	-	-	-	-	-	-	-	-	-	-	-	-	-	-	-	-	-	-	-	-	-	-	-	-	-	-	-	-	-	-	-	-	-	-	-	-	-	A	G	G	T	G	C	T	G	G	G	A	G	G	C	C	C	T	C	C	G	T	G	G	C	T	-	-	-	T	A	G	G	A	G	G	C	C	A	C	T	T	C	C	A	A	A	G	G	T	A	G	G	-	-	-	G	T	G	C	C	C	C	A	G	G	G	A	G	G	C	A	C	C	A	G	T	G	G	C	C	A	G	G	A	T	G	T	C	C	A	C	A	C	A	G	-	-	-	A	G	C	A	C	C	-	-	-	C	A	C	C	C	C	C	C	G	A	A	-	-	A	C	C	C	G	A	G	G	C	C	C	C	G	C	A	T	C	T	G	C	C	G	C	C	T	G	C	G	A	T	C	T	-	-	-	-	-	-	-	-	-	-	C	A	A	G	C	T	G	T	C	A	G	C	G	G	C	G	C	C	A	C	A	C	G	C	T	C	C	C	T	G	C	C	A	G	C	G	A	G	T	T	T	C	G	C	T	G	C	C	T	C	A	C	C	C	C	G	G	A	G	G	A	C	G	C	C	G	T	C	A	G	C	G	C	C	T	T	T	G	A	G	A	T	C	G	A	G	C	G	T	G	-	-	-	-	-	-	A	A	G	C	C	T	T	C	A	T	C	T	C	C	G	T	C	T	T	G	G	G	T	G	T	C	T	G	C	C	C	C	C	T	G	T	A	C	C	T	G	G	A	T	G	A	G	A	T	C	C	G	G	C	A	C	T	T	C	C	T	G	A	C	C	C	T	G	T	G	T	C	C	G	G	A	G	C	T	G	T	C	C	C	T	G	G	G	C	T	G	G	T	T	C	G	A	G	G	A	G	G	G	C	T	G	C	C	T	T	G	T	G	G	C	C	T	T	C	A	T	C	A	T	C	G	G	C	T	C	A	C	T	C	T	G	G	G	A	C	A	A	G	G	A	C	A	G	A	C	T	C	A	T	G	C	A	G	G	A	G	T	C	A	C	T	G	A	C	G	A	T	G	C	A	C	A	G	G	C	C	T	G	G	G	G	G	C	C	A	C	A	T	A	G	C	C	C	A	C	C	T	G	C	A	C	G	T	G	-	-	-	-	-	-	C	T	G	G	C	C	G	T	G	C	A	C	T	G	C	G	C	C	T	T	C	C	G	G	-	-	-	-	-	-	C	A	G	C	A	G	G	G	C	A	G	G	G	G	C	C	C	C	A	T	C	C	T	G	C	T	G	T	G	G	C	G	C	T	A	C	C	T	G	C	A	C	C	A	C	C	T	G	G	G	C	A	G	C	C	A	G	C	C	G	G	C	T	G	T	G	C	A	C	C	G	G	G	-	-	-	-	-	-	-	-	-	C	C	G	C	G	C	T	C	A	T	G	T	G	C	G	A	G	G	A	C	G	C	G	C	T	G	G	T	A	C	C	C	T	T	C	T	A	T	G	A	G	-	-	-	-	-	-	A	G	G	T	T	C	-	-	-	-	-	-	-	-	-	G	G	C	T	T	C	C	A	C	G	C	C	A	T	G	G	G	C	C	C	C	T	G	C	G	C	C	A	T	C	A	C	C	G	T	G	G	G	C	T	C	C	C	T	C	A	G	C	T	T	C	A	C	G	G	A	G	C	T	C	C	A	C	T	G	C	T	C	C	C	T	G	C	A	G	G	G	C	C	A	C	-	-	-	-	-	-	-	-	-	-	-	-	-	-	-	-	-	-	-	-	-	-	-	-	-	-	-	-	-	-	-	-	-	-	-	-	-	-	-	-	-	-	-	-	-	-	-	-	-	-	-	-	-	-	-	-	-	-	-	-	-	-	-	-	-	-	-	-	-	-	-	-	-	-	-	-	-	-	-	-	-	-	-	-	-	-	-	-	-	-	-	-	-	-	-	-	-	-	-	-	-	-	-	-	-	-	-	-	-	-	-	-	-	-	-	-	-	-	-	-	-	-	-	-	-	-	-	-	-	-	-	-	-	-	-	-	-	-	-	C	C	C	T	T	C	-	-	C	T	G	C	G	C	A	G	G	A	A	C	A	G	C	G	G	C	T	G	C	T	G	A	-	-	-	-	-	-	-	-	-	-	-	-	-	-	-	-	-	-	-	-	-	-	-	-	-	-	-	Chordata	Mammalia	Primates	Cercopithecidae	Macaca	9.6	1.06	8.54	Monophasic	diurnal	8		114	0.889583333333333	0.110416666666667	
chlorocebus_sabaeus	-	-	-	-	-	-	-	-	-	-	-	-	-	-	-	-	-	-	-	-	-	-	-	-	-	-	-	-	-	-	-	-	-	-	-	-	-	-	-	-	-	-	-	-	-	-	-	-	-	-	-	-	-	-	-	-	-	-	-	-	-	-	-	-	-	-	-	-	-	-	-	-	-	-	-	-	-	-	-	-	-	-	-	-	-	-	-	-	-	-	-	-	-	-	-	-	-	-	-	-	-	-	-	-	-	-	-	-	-	-	-	-	-	-	-	-	-	-	-	-	-	-	-	-	-	-	-	-	-	-	-	-	-	-	-	-	-	-	-	-	-	-	-	-	-	-	-	-	-	-	-	-	-	-	-	-	-	-	-	-	-	-	-	-	-	-	-	-	-	-	-	-	-	-	-	-	-	-	-	-	-	-	-	-	-	-	-	-	-	-	-	-	-	-	-	-	-	-	-	-	-	-	-	-	-	-	-	-	-	-	-	-	-	-	-	-	-	-	-	-	-	-	-	-	-	-	-	-	-	-	-	-	-	-	-	-	-	-	-	-	-	-	-	-	-	-	-	-	-	-	-	-	-	-	-	-	-	-	-	-	-	-	-	-	-	-	-	-	-	-	-	-	-	-	-	-	-	-	-	-	-	-	-	-	-	-	-	-	-	-	-	-	-	-	-	-	-	-	-	-	-	-	-	-	-	-	-	-	-	-	-	-	-	-	-	-	-	-	-	-	-	-	-	-	-	-	-	-	-	-	-	-	-	-	-	-	-	-	-	-	-	-	-	-	-	-	-	-	-	-	-	-	-	-	-	-	-	-	-	-	-	-	-	-	-	-	-	-	-	-	-	-	-	-	-	-	-	-	-	-	-	-	-	-	-	-	-	-	-	-	-	-	-	-	-	-	-	-	-	-	-	-	-	-	-	-	-	-	-	-	-	-	-	-	-	-	-	-	-	-	-	-	-	-	-	-	-	-	-	-	-	-	-	-	-	-	-	-	-	-	-	-	-	-	-	-	-	-	-	-	-	-	-	-	-	-	-	-	-	-	-	-	-	-	-	-	-	-	-	-	-	-	-	-	-	-	-	-	-	-	-	-	-	-	-	-	-	-	-	-	-	-	-	-	-	A	T	G	T	C	C	A	C	G	C	A	G	-	-	-	A	G	C	A	C	C	-	-	-	C	A	C	C	C	C	C	C	G	A	A	-	-	A	C	C	C	G	A	G	G	C	C	C	C	G	C	G	T	C	T	G	C	C	G	C	C	T	G	G	G	A	T	C	C	-	-	-	-	-	-	-	-	-	-	C	C	A	G	C	T	G	T	C	A	G	C	G	G	C	G	C	C	A	C	A	C	A	C	T	C	C	C	C	G	C	C	A	G	C	G	A	G	T	T	T	C	G	C	T	G	C	C	T	T	A	C	C	C	C	G	G	A	G	G	A	C	G	C	C	G	T	C	A	G	C	G	C	C	T	T	T	G	A	G	A	T	C	G	A	G	C	G	T	G	-	-	-	-	-	-	A	A	G	C	C	T	T	C	A	T	C	T	C	C	G	T	C	T	T	G	G	G	C	G	T	C	T	G	C	C	C	C	C	T	G	T	A	C	C	T	G	G	A	T	G	A	G	A	T	C	C	G	G	C	A	C	T	T	C	C	T	G	A	C	C	C	T	G	T	G	T	C	C	G	G	A	G	C	T	G	T	C	C	C	T	G	G	G	C	T	G	G	T	T	C	G	A	G	G	A	G	G	G	C	T	G	C	C	T	T	G	T	G	G	C	C	T	T	C	A	T	C	A	T	C	G	G	C	T	C	A	C	T	C	T	G	G	G	A	C	A	A	G	G	A	C	A	G	A	C	T	C	A	T	G	C	A	G	G	A	G	T	C	A	C	T	G	A	C	G	A	T	G	C	A	C	A	G	G	C	C	T	G	G	G	G	G	C	C	A	C	A	T	A	G	C	C	C	A	C	C	T	G	C	A	C	G	T	G	-	-	-	-	-	-	C	T	G	G	C	C	G	T	G	C	A	C	T	G	C	G	C	C	T	T	C	C	G	G	-	-	-	-	-	-	C	A	G	C	A	G	G	G	C	A	G	G	G	G	C	C	C	C	A	T	C	C	T	G	C	T	G	T	G	G	C	G	C	T	A	C	C	T	G	C	A	C	C	A	C	C	T	G	G	G	C	A	G	C	C	A	G	C	C	G	G	C	C	G	T	G	C	A	C	C	A	G	G	-	-	-	-	-	-	-	-	-	C	C	G	C	G	C	T	C	A	T	G	T	G	C	G	A	G	G	A	C	G	C	G	C	T	G	G	T	A	C	C	C	T	T	C	T	A	T	G	A	G	-	-	-	-	-	-	A	G	G	T	T	C	-	-	-	-	-	-	-	-	-	G	G	C	T	T	C	C	A	C	G	C	C	A	T	G	G	G	C	C	C	C	T	G	C	G	C	C	A	T	C	A	C	C	G	T	G	G	G	C	T	C	C	C	T	C	A	C	C	T	T	C	A	C	G	G	A	G	C	T	C	C	A	C	T	G	C	T	C	C	C	T	G	C	A	G	G	G	C	C	A	C	-	-	-	-	-	-	-	-	-	-	-	-	-	-	-	-	-	-	-	-	-	-	-	-	-	-	-	-	-	-	-	-	-	-	-	-	-	-	-	-	-	-	-	-	-	-	-	-	-	-	-	-	-	-	-	-	-	-	-	-	-	-	-	-	-	-	-	-	-	-	-	-	-	-	-	-	-	-	-	-	-	-	-	-	-	-	-	-	-	-	-	-	-	-	-	-	-	-	-	-	-	-	-	-	-	-	-	-	-	-	-	-	-	-	-	-	-	-	-	-	-	-	-	-	-	-	-	-	-	-	-	-	-	-	-	-	-	-	-	C	C	C	T	T	C	-	-	C	T	G	C	G	C	A	G	G	A	A	C	A	G	C	G	G	C	T	G	C	T	G	A	-	-	-	-	-	-	-	-	-	-	-	-	-	-	-	-	-	-	-	-	-	-	-	-	-	-	-	Chordata	Mammalia	Primates	Cercopithecidae	Chlorocebus	10.34	0.6	9.74		diurnal			170.8	0.941972920696325	0.0580270793036751	
macaca_fascicularis	-	-	-	-	-	-	-	-	-	-	-	-	-	-	-	-	-	-	-	-	-	-	-	-	-	-	-	-	-	-	-	-	-	-	-	-	-	-	-	-	-	-	-	-	-	-	-	-	-	-	-	-	-	-	-	-	-	-	-	-	-	-	-	-	-	-	-	-	-	-	-	-	-	-	-	-	-	-	-	-	-	-	-	-	A	T	G	G	A	G	C	C	A	C	A	G	T	C	T	A	T	G	A	A	G	G	G	-	-	-	-	-	-	-	-	A	G	A	G	A	A	G	A	G	G	C	C	T	T	T	T	G	G	G	G	A	A	C	T	C	T	G	G	-	-	-	-	-	-	T	T	G	A	-	-	-	-	-	-	-	-	-	-	-	-	-	-	-	-	-	-	-	-	-	-	-	-	-	-	-	-	-	-	-	-	-	-	-	-	-	-	-	-	-	-	-	-	-	-	-	-	-	-	-	-	-	-	-	-	-	-	-	-	-	-	-	-	-	-	-	-	-	-	-	-	-	-	-	-	-	-	-	-	-	-	-	-	-	-	-	-	-	-	-	-	-	-	-	-	-	-	-	-	-	-	-	-	-	-	-	-	-	-	-	-	-	-	-	-	-	-	-	-	-	-	-	-	-	-	-	-	-	-	-	-	-	-	-	-	-	-	-	-	-	-	-	-	-	-	-	-	-	-	-	-	-	-	-	-	-	-	-	-	-	-	-	-	-	-	-	-	-	-	-	-	-	-	-	-	-	-	-	-	-	-	-	-	-	-	-	-	-	-	-	-	-	-	-	-	-	-	-	-	-	-	-	-	-	-	-	-	-	-	-	-	-	-	-	-	-	-	-	-	-	-	-	-	-	-	-	-	-	-	-	-	-	-	-	-	-	-	-	-	-	-	-	-	-	-	-	-	-	-	-	-	-	-	-	-	-	-	-	A	G	G	T	G	C	T	G	G	G	A	G	G	C	C	C	T	C	C	G	T	G	G	C	T	-	-	-	T	A	G	G	A	G	G	C	C	A	C	T	T	C	C	A	A	A	G	G	T	G	G	G	-	-	-	G	T	G	C	C	C	C	A	G	G	G	A	G	G	C	A	C	C	A	G	T	G	G	C	C	A	G	G	A	T	G	T	C	C	A	C	A	C	A	G	-	-	-	A	G	C	A	C	C	-	-	-	C	A	C	C	C	C	C	C	G	A	A	-	-	A	C	C	C	G	A	G	G	C	C	C	C	G	C	G	T	C	T	G	C	C	G	C	C	T	G	C	G	A	T	C	T	-	-	-	-	-	-	-	-	-	-	C	G	A	G	C	T	G	T	C	A	G	C	G	G	C	G	C	C	A	C	A	C	G	C	T	C	C	C	T	G	C	C	A	G	C	G	A	G	T	T	T	C	G	C	T	G	C	C	T	C	A	C	C	C	C	A	G	A	G	G	A	C	G	C	C	G	T	C	A	G	C	G	C	C	T	T	T	G	A	G	A	T	C	G	A	G	C	G	T	G	-	-	-	-	-	-	A	A	G	C	C	T	T	C	A	T	C	T	C	C	G	T	C	T	T	G	G	G	T	G	T	C	T	G	C	C	C	C	C	T	G	T	A	C	C	T	G	G	A	T	G	A	G	A	T	C	C	G	G	C	A	C	T	T	C	C	T	G	A	C	C	C	T	G	T	G	T	C	C	G	G	A	G	C	T	G	T	C	C	C	T	G	G	G	C	T	G	G	T	T	C	G	A	G	G	A	G	G	G	C	T	G	C	C	T	T	G	T	G	G	C	C	T	T	C	A	T	C	A	T	C	G	G	C	T	C	A	C	T	C	T	G	G	G	A	C	A	A	G	G	A	C	A	G	A	C	T	C	A	T	G	C	A	G	G	A	G	T	C	A	C	T	G	A	C	G	A	T	G	C	A	C	A	G	G	C	C	T	G	G	G	G	G	C	C	A	C	A	T	A	G	C	C	C	A	C	C	T	G	C	A	C	G	T	G	-	-	-	-	-	-	C	T	G	G	C	C	G	T	G	C	A	C	T	G	C	G	C	C	T	T	C	C	G	G	-	-	-	-	-	-	C	A	G	C	A	G	G	G	C	A	G	G	G	G	C	C	C	C	A	T	C	C	T	G	C	T	G	T	G	G	C	G	C	T	A	C	C	T	G	C	A	C	C	A	C	C	T	G	G	G	C	A	G	C	C	A	G	C	C	G	G	C	T	G	T	G	C	A	C	C	G	G	G	-	-	-	-	-	-	-	-	-	C	C	G	C	G	C	T	C	A	T	G	T	G	C	G	A	G	G	A	C	G	C	G	C	T	G	G	T	A	C	C	C	T	T	C	T	A	T	G	A	G	-	-	-	-	-	-	A	G	G	T	T	C	-	-	-	-	-	-	-	-	-	G	G	C	T	T	C	C	A	C	G	C	C	A	T	G	G	G	C	C	C	C	T	G	C	G	C	C	A	T	C	A	C	C	G	T	G	G	G	C	T	C	C	C	T	C	A	G	C	T	T	C	A	C	G	G	A	G	C	T	C	C	A	C	T	G	C	T	C	C	C	T	G	C	A	G	G	G	C	C	A	C	-	-	-	-	-	-	-	-	-	-	-	-	-	-	-	-	-	-	-	-	-	-	-	-	-	-	-	-	-	-	-	-	-	-	-	-	-	-	-	-	-	-	-	-	-	-	-	-	-	-	-	-	-	-	-	-	-	-	-	-	-	-	-	-	-	-	-	-	-	-	-	-	-	-	-	-	-	-	-	-	-	-	-	-	-	-	-	-	-	-	-	-	-	-	-	-	-	-	-	-	-	-	-	-	-	-	-	-	-	-	-	-	-	-	-	-	-	-	-	-	-	-	-	-	-	-	-	-	-	-	-	-	-	-	-	-	-	-	-	C	C	C	T	T	C	-	-	C	G	G	C	G	C	A	G	G	A	A	C	A	G	C	G	G	C	T	G	C	T	G	A	-	-	-	-	-	-	-	-	-	-	-	-	-	-	-	-	-	-	-	-	-	-	-	-	-	-	-	Chordata	Mammalia	Primates	Cercopithecidae	Macaca	10.46	1.71	8.74	Monophasic	diurnal	3.3			0.835564053537285	0.163479923518164	
macaca_mulatta	-	-	-	-	-	-	-	-	-	-	-	-	-	-	-	-	-	-	-	-	-	-	-	-	-	-	-	-	-	-	-	-	-	-	-	-	-	-	-	-	-	-	-	-	-	-	-	-	-	-	-	-	-	-	-	-	-	-	-	-	-	-	-	-	-	-	-	-	-	-	-	-	-	-	-	-	-	-	-	-	-	-	-	-	A	T	G	G	A	G	C	C	A	C	A	G	T	C	T	A	T	G	A	A	G	G	G	-	-	-	-	-	-	-	-	A	G	A	G	A	A	G	A	G	G	C	C	T	T	T	T	G	G	G	G	A	A	C	T	C	T	G	G	-	-	-	-	-	-	T	T	G	A	-	-	-	-	-	-	-	-	-	-	-	-	-	-	-	-	-	-	-	-	-	-	-	-	-	-	-	-	-	-	-	-	-	-	-	-	-	-	-	-	-	-	-	-	-	-	-	-	-	-	-	-	-	-	-	-	-	-	-	-	-	-	-	-	-	-	-	-	-	-	-	-	-	-	-	-	-	-	-	-	-	-	-	-	-	-	-	-	-	-	-	-	-	-	-	-	-	-	-	-	-	-	-	-	-	-	-	-	-	-	-	-	-	-	-	-	-	-	-	-	-	-	-	-	-	-	-	-	-	-	-	-	-	-	-	-	-	-	-	-	-	-	-	-	-	-	-	-	-	-	-	-	-	-	-	-	-	-	-	-	-	-	-	-	-	-	-	-	-	-	-	-	-	-	-	-	-	-	-	-	-	-	-	-	-	-	-	-	-	-	-	-	-	-	-	-	-	-	-	-	-	-	-	-	-	-	-	-	-	-	-	-	-	-	-	-	-	-	-	-	-	-	-	-	-	-	-	-	-	-	-	-	-	-	-	-	-	-	-	-	-	-	-	-	-	-	-	-	-	-	-	-	-	-	-	-	-	-	-	A	G	G	T	G	C	T	G	G	G	A	G	G	C	C	C	T	C	C	G	T	G	G	C	T	-	-	-	T	A	G	G	A	G	G	C	C	A	C	T	T	C	C	A	A	A	G	G	T	G	G	G	-	-	-	G	T	G	C	C	C	C	A	G	G	G	A	G	G	C	A	C	C	A	G	T	G	G	C	C	A	G	G	A	T	G	T	C	C	A	C	A	C	A	G	-	-	-	A	G	C	A	C	C	-	-	-	C	A	C	C	C	C	C	C	G	A	A	-	-	A	C	C	C	G	A	G	G	C	C	C	C	G	C	G	T	C	T	G	C	C	G	C	C	T	G	C	G	A	T	C	T	-	-	-	-	-	-	-	-	-	-	C	G	A	G	C	T	G	T	C	A	G	C	G	G	C	G	C	C	A	C	A	C	G	C	T	C	C	C	T	G	C	C	A	G	C	G	A	G	T	T	T	C	G	C	T	G	C	C	T	C	A	C	C	C	C	G	G	A	G	G	A	C	G	C	C	G	T	C	A	G	C	G	C	C	T	T	T	G	A	G	A	T	C	G	A	G	C	G	T	G	-	-	-	-	-	-	A	A	G	C	C	T	T	C	A	T	C	T	C	C	G	T	C	T	T	G	G	G	T	G	T	C	T	G	C	C	C	C	C	T	G	T	A	C	C	T	G	G	A	T	G	A	G	A	T	C	C	G	G	C	A	C	T	T	C	C	T	G	A	C	C	C	T	G	T	G	T	C	C	G	G	A	G	C	T	G	T	C	C	C	T	G	G	G	C	T	G	G	T	T	C	G	A	G	G	A	G	G	G	C	T	G	C	C	T	T	G	T	G	G	C	C	T	T	C	A	T	C	A	T	C	G	G	C	T	C	A	C	T	C	T	G	G	G	A	C	A	A	G	G	A	C	A	G	A	C	T	C	A	T	G	C	A	G	G	A	G	T	C	A	C	T	G	A	C	G	A	T	G	C	A	C	A	G	G	C	C	T	G	G	G	G	G	C	C	A	C	A	T	A	G	C	C	C	A	C	T	T	G	C	A	C	G	T	G	-	-	-	-	-	-	C	T	G	G	C	C	G	T	G	C	A	C	T	G	C	G	C	C	T	T	C	C	G	G	-	-	-	-	-	-	C	A	G	C	A	G	G	G	C	A	G	G	G	G	C	C	C	C	A	T	C	C	T	G	C	T	G	T	G	G	C	G	C	T	A	C	C	T	G	C	A	C	C	A	C	C	T	G	G	G	C	A	G	C	C	A	G	C	C	G	G	C	T	G	T	G	C	A	C	C	G	G	G	-	-	-	-	-	-	-	-	-	C	C	G	C	A	C	T	C	A	T	G	T	G	C	G	A	G	G	A	C	G	C	G	C	T	G	G	T	A	C	C	C	T	T	C	T	A	T	G	A	G	-	-	-	-	-	-	A	G	G	T	T	C	-	-	-	-	-	-	-	-	-	G	G	C	T	T	C	C	A	C	G	C	C	A	T	G	G	G	C	C	C	C	T	G	C	G	C	C	A	T	C	A	C	C	G	T	G	G	G	C	T	C	C	C	T	C	A	G	C	T	T	C	A	C	G	G	A	G	C	T	C	C	A	C	T	G	C	T	C	C	C	T	G	C	A	G	G	G	C	C	A	C	-	-	-	-	-	-	-	-	-	-	-	-	-	-	-	-	-	-	-	-	-	-	-	-	-	-	-	-	-	-	-	-	-	-	-	-	-	-	-	-	-	-	-	-	-	-	-	-	-	-	-	-	-	-	-	-	-	-	-	-	-	-	-	-	-	-	-	-	-	-	-	-	-	-	-	-	-	-	-	-	-	-	-	-	-	-	-	-	-	-	-	-	-	-	-	-	-	-	-	-	-	-	-	-	-	-	-	-	-	-	-	-	-	-	-	-	-	-	-	-	-	-	-	-	-	-	-	-	-	-	-	-	-	-	-	-	-	-	-	C	C	C	T	T	C	-	-	C	T	G	C	G	C	A	G	G	A	A	C	A	G	C	G	G	C	T	G	C	T	G	A	-	-	-	-	-	-	-	-	-	-	-	-	-	-	-	-	-	-	-	-	-	-	-	-	-	-	-	Chordata	Mammalia	Primates	Cercopithecidae	Macaca	10.1	1.2	8.9	Monophasic	diurnal	6.8	179	87.3	0.881188118811881	0.118811881188119	26.3235294117647
papio_anubis	-	-	-	-	-	-	-	-	-	-	-	-	-	-	-	-	-	-	-	-	-	-	-	-	-	-	-	-	-	-	-	-	-	-	-	-	-	-	-	-	-	-	-	-	-	-	-	-	-	-	-	-	-	-	-	-	-	-	-	-	-	-	-	-	-	-	-	-	-	-	-	-	-	-	-	-	-	-	-	-	-	-	-	-	A	T	G	G	A	G	C	C	A	C	A	G	T	C	T	A	T	G	A	A	G	G	G	-	-	-	-	-	-	-	-	A	G	A	G	A	A	G	A	G	G	C	C	T	T	T	T	G	G	G	G	A	A	C	T	C	T	G	G	-	-	-	-	-	-	T	T	G	A	-	-	-	-	-	-	-	-	-	-	-	-	-	-	-	-	-	-	-	-	-	-	-	-	-	-	-	-	-	-	-	-	-	-	-	-	-	-	-	-	-	-	-	-	-	-	-	-	-	-	-	-	-	-	-	-	-	-	-	-	-	-	-	-	-	-	-	-	-	-	-	-	-	-	-	-	-	-	-	-	-	-	-	-	-	-	-	-	-	-	-	-	-	-	-	-	-	-	-	-	-	-	-	-	-	-	-	-	-	-	-	-	-	-	-	-	-	-	-	-	-	-	-	-	-	-	-	-	-	-	-	-	-	-	-	-	-	-	-	-	-	-	-	-	-	-	-	-	-	-	-	-	-	-	-	-	-	-	-	-	-	-	-	-	-	-	-	-	-	-	-	-	-	-	-	-	-	-	-	-	-	-	-	-	-	-	-	-	-	-	-	-	-	-	-	-	-	-	-	-	-	-	-	-	-	-	-	-	-	-	-	-	-	-	-	-	-	-	-	-	-	-	-	-	-	-	-	-	-	-	-	-	-	-	-	-	-	-	-	-	-	-	-	-	-	-	-	-	-	-	-	-	-	-	-	-	-	-	-	A	G	G	T	G	C	T	G	G	G	A	G	G	C	C	C	T	C	C	G	T	G	G	C	T	-	-	-	T	A	G	G	A	G	G	C	C	A	C	T	T	C	C	A	A	A	G	G	T	G	G	G	-	-	-	G	T	G	C	C	C	C	A	G	G	G	A	G	G	C	A	C	C	A	G	T	G	G	C	C	A	G	G	A	T	G	T	C	C	A	C	G	C	A	G	-	-	-	A	G	C	A	C	C	-	-	-	C	A	C	C	C	C	C	C	G	A	A	-	-	A	C	C	C	G	A	G	G	C	C	C	C	G	C	G	T	C	T	G	C	C	G	C	C	T	G	C	G	A	T	C	T	-	-	-	-	-	-	-	-	-	-	C	G	A	G	C	T	G	T	C	A	G	C	G	G	C	G	C	C	A	C	A	C	A	C	T	C	C	C	T	G	C	C	A	G	C	G	A	G	T	T	T	C	G	C	T	G	C	C	T	C	A	C	C	C	C	G	G	A	G	G	A	C	G	C	C	G	T	C	A	G	C	G	C	C	T	T	T	G	A	G	A	T	C	G	A	G	C	G	T	G	-	-	-	-	-	-	A	A	G	C	C	T	T	C	A	T	C	T	C	C	G	T	C	C	T	G	G	G	T	G	T	C	T	G	C	C	C	C	C	T	G	T	A	C	C	T	G	G	A	T	G	A	G	A	T	C	C	G	G	C	A	C	T	T	C	C	T	G	A	C	C	C	T	G	T	G	T	C	C	G	G	A	G	C	T	G	T	C	C	C	T	G	G	G	C	T	G	G	T	T	C	G	A	G	G	A	G	G	G	C	T	G	C	C	T	T	G	T	G	G	C	C	T	T	C	A	T	C	A	T	C	G	G	C	T	C	A	C	T	C	T	G	G	G	A	C	A	A	G	G	A	C	A	G	A	C	T	C	A	T	G	C	A	G	G	A	G	T	C	A	C	T	G	A	C	G	A	T	G	C	A	C	A	G	G	C	C	T	G	G	G	G	G	C	C	A	C	A	T	A	G	C	C	C	A	C	C	T	G	C	A	C	G	T	G	-	-	-	-	-	-	C	T	G	G	C	T	G	T	G	C	A	C	T	G	C	G	C	C	T	T	C	C	G	G	-	-	-	-	-	-	C	A	G	C	A	G	G	G	C	A	G	G	G	G	C	C	C	C	A	T	C	C	T	G	C	T	G	T	G	G	C	G	C	T	A	C	C	T	G	C	A	C	C	A	C	C	T	G	G	G	C	A	G	C	C	A	G	C	C	G	G	C	C	G	T	G	C	A	C	C	G	G	G	-	-	-	-	-	-	-	-	-	C	C	G	C	G	C	T	C	A	T	G	T	G	C	G	A	G	G	A	C	G	C	G	C	T	G	G	T	A	C	C	C	T	T	C	T	A	T	G	A	G	-	-	-	-	-	-	A	G	G	T	T	C	-	-	-	-	-	-	-	-	-	G	G	C	T	T	C	C	A	C	G	C	T	A	T	G	G	G	C	C	C	C	T	G	C	G	C	C	A	T	C	A	C	C	G	T	G	G	G	C	T	C	C	C	T	C	A	G	C	T	T	C	A	C	G	G	A	G	C	T	C	C	A	C	T	G	C	T	C	C	C	T	G	C	A	G	G	G	C	C	A	C	-	-	-	-	-	-	-	-	-	-	-	-	-	-	-	-	-	-	-	-	-	-	-	-	-	-	-	-	-	-	-	-	-	-	-	-	-	-	-	-	-	-	-	-	-	-	-	-	-	-	-	-	-	-	-	-	-	-	-	-	-	-	-	-	-	-	-	-	-	-	-	-	-	-	-	-	-	-	-	-	-	-	-	-	-	-	-	-	-	-	-	-	-	-	-	-	-	-	-	-	-	-	-	-	-	-	-	-	-	-	-	-	-	-	-	-	-	-	-	-	-	-	-	-	-	-	-	-	-	-	-	-	-	-	-	-	-	-	-	C	C	C	T	T	C	-	-	C	T	G	C	G	C	A	G	G	A	A	C	A	G	C	G	G	C	T	G	C	T	G	A	-	-	-	-	-	-	-	-	-	-	-	-	-	-	-	-	-	-	-	-	-	-	-	-	-	-	-	Chordata	Mammalia	Primates	Cercopithecidae	Papio	9.4	1	8.4	Monophasic	diurnal	25.235	180	184	0.893617021276596	0.106382978723404	7.13295026748564
nomascus_leucogenys	-	-	-	-	-	-	-	-	-	-	-	-	-	-	-	-	-	-	-	-	-	-	-	-	-	-	-	-	-	-	-	-	-	-	-	-	-	-	-	-	-	-	-	-	-	-	-	-	-	-	-	-	-	-	-	-	-	-	-	-	-	-	-	-	-	-	-	-	-	-	-	-	-	-	-	-	-	-	-	-	-	-	-	-	-	-	-	-	-	-	-	-	-	-	-	-	-	-	-	-	-	-	-	-	-	-	-	-	-	-	-	-	-	-	-	-	-	-	-	-	-	-	-	-	-	-	-	-	-	-	-	-	-	-	-	-	-	-	-	-	-	-	-	-	-	-	-	-	-	-	-	-	-	-	-	-	-	-	-	-	-	-	-	-	-	-	-	-	-	-	-	-	-	-	-	-	-	-	-	-	-	-	-	-	-	-	-	-	-	-	-	-	-	-	-	-	-	-	-	-	-	-	-	-	-	-	-	-	-	-	-	-	-	-	-	-	-	-	-	-	-	-	-	-	-	-	-	-	-	-	-	-	-	-	-	-	-	-	-	-	-	-	-	-	-	-	-	-	-	-	-	-	-	-	-	-	-	-	-	-	-	-	-	-	-	-	-	-	-	-	-	-	-	-	-	-	-	-	-	-	-	-	-	-	-	-	-	-	-	-	-	-	-	-	-	-	-	-	-	-	-	-	-	-	-	-	-	-	-	-	-	-	-	-	-	-	-	-	-	-	-	-	-	-	-	-	-	-	-	-	-	-	-	-	-	-	-	-	-	-	-	-	-	-	-	-	-	-	-	-	-	-	-	-	-	-	-	-	-	-	-	-	-	-	-	-	-	-	-	-	-	-	-	-	-	-	-	-	-	-	-	-	-	-	-	-	-	-	-	-	-	-	-	-	-	-	-	-	-	-	-	-	-	-	-	-	-	-	-	-	-	-	-	-	-	-	-	-	-	-	-	-	-	-	-	-	-	-	-	-	-	-	-	-	-	-	-	-	-	-	-	-	-	-	-	-	-	-	-	-	-	-	-	-	-	-	-	-	-	-	-	-	-	-	-	-	-	-	-	-	-	-	-	-	-	-	-	-	-	-	-	-	-	-	-	-	-	-	-	-	-	-	-	-	-	A	T	G	T	C	C	A	C	G	C	A	G	-	-	-	A	G	C	A	C	C	-	-	-	C	A	C	C	C	C	C	C	G	A	A	-	-	A	C	C	C	G	A	G	G	C	C	C	T	A	C	G	T	C	T	G	C	C	A	C	C	T	G	G	G	A	T	C	T	C	C	G	A	G	T	C	C	-	C	C	G	A	G	C	T	G	T	C	A	G	A	G	G	C	G	C	C	A	C	A	C	A	C	T	C	C	C	T	G	C	C	A	G	C	G	A	G	T	T	T	C	G	C	T	G	C	C	T	C	A	C	C	C	C	G	G	A	G	G	A	C	G	C	T	G	T	C	A	G	C	G	C	C	T	T	T	G	A	G	A	T	C	G	A	G	C	G	T	G	-	-	-	-	-	-	A	A	G	C	C	T	T	C	A	T	C	T	C	C	G	T	C	T	T	G	G	G	C	G	T	C	T	G	C	C	C	C	C	T	G	T	A	C	C	T	G	G	A	T	G	A	G	A	T	C	C	G	G	C	A	C	T	T	C	C	T	G	A	C	C	C	T	A	T	G	T	C	C	A	G	A	G	C	T	G	T	C	C	C	T	A	G	G	C	T	G	G	T	T	C	G	A	G	G	A	G	G	G	C	T	G	C	C	T	T	G	T	G	G	C	C	T	T	C	A	T	C	A	T	C	G	G	C	T	C	G	C	T	C	T	G	G	G	A	C	A	A	G	G	A	C	A	G	A	C	T	C	A	T	G	C	A	G	G	A	G	T	C	G	C	T	G	A	C	G	C	T	G	C	A	C	A	G	G	C	C	T	G	G	G	G	G	C	C	A	C	A	T	A	G	C	C	C	A	C	C	T	G	C	A	T	G	T	G	-	-	-	-	-	-	C	T	G	G	C	C	G	T	G	C	A	C	C	G	C	G	C	C	T	T	C	C	G	G	-	-	-	-	-	-	C	A	G	C	A	G	G	G	C	A	G	G	G	G	C	C	C	C	A	T	C	C	T	G	C	T	G	T	G	G	C	G	C	T	A	T	T	T	G	C	A	C	C	A	C	C	T	G	G	G	C	A	G	C	C	A	G	C	C	G	G	C	C	G	T	G	C	G	C	C	G	G	G	-	-	-	-	-	-	-	-	-	C	C	G	C	G	C	T	C	A	T	G	T	G	T	G	A	G	G	A	C	G	C	G	C	T	G	G	T	A	C	C	C	T	T	C	T	A	T	G	A	G	-	-	-	-	-	-	A	G	G	T	T	C	-	-	-	-	-	-	-	-	-	A	G	C	T	T	C	C	A	C	G	C	C	G	T	G	G	G	C	C	C	C	T	G	C	G	C	C	A	T	C	A	C	T	G	T	G	G	G	C	T	C	C	C	T	C	A	C	C	T	T	C	A	C	G	G	A	G	C	T	C	C	A	C	T	G	C	T	C	C	C	T	G	C	G	G	G	G	C	C	A	C	-	-	-	-	-	-	-	-	-	-	-	-	-	-	-	-	-	-	-	-	-	-	-	-	-	-	-	-	-	-	-	-	-	-	-	-	-	-	-	-	-	-	-	-	-	-	-	-	-	-	-	-	-	-	-	-	-	-	-	-	-	-	-	-	-	-	-	-	-	-	-	-	-	-	-	-	-	-	-	-	-	-	-	-	-	-	-	-	-	-	-	-	-	-	-	-	-	-	-	-	-	-	-	-	-	-	-	-	-	-	-	-	-	-	-	-	-	-	-	-	-	-	-	-	-	-	-	-	-	-	-	-	-	-	-	-	-	-	-	C	C	C	T	T	C	-	-	C	T	G	C	G	C	A	G	G	A	A	C	A	G	C	G	G	C	T	G	C	T	G	A	-	-	-	-	-	-	-	-	-	-	-	-	-	-	-	-	-	-	-	-	-	-	-	-	-	-	-	Chordata	Mammalia	Primates	Hylobatidae	Nomascus	12				diurnal						
homo_sapiens	-	-	-	-	-	-	-	-	-	-	-	-	-	-	-	-	-	-	-	-	-	-	-	-	-	-	-	-	-	-	-	-	-	-	-	-	-	-	-	-	-	-	-	-	-	-	-	-	-	-	-	-	-	-	-	-	-	-	-	-	-	-	-	-	-	-	-	-	-	-	-	-	-	-	-	-	-	-	-	-	-	-	-	-	A	T	G	G	A	G	C	C	A	C	A	G	T	C	T	A	T	G	A	A	G	G	G	-	-	-	-	-	-	-	-	A	C	A	G	A	A	G	A	G	G	C	C	T	T	T	T	G	G	G	G	G	A	C	C	C	T	G	G	A	G	G	-	-	-	T	T	G	A	-	-	-	-	-	-	-	-	-	-	-	-	-	-	-	-	-	-	-	-	-	-	-	-	-	-	-	-	-	-	-	-	-	-	-	-	-	-	-	-	-	-	-	-	-	-	-	-	-	-	-	-	-	-	-	-	-	-	-	-	-	-	-	-	-	-	-	-	-	-	-	-	-	-	-	-	-	-	-	-	-	-	-	-	-	-	-	-	-	-	-	-	-	-	-	-	-	-	-	-	-	-	-	-	-	-	-	-	-	-	-	-	-	-	-	-	-	-	-	-	-	-	-	-	-	-	-	-	-	-	-	-	-	-	-	-	-	-	-	-	-	-	-	-	-	-	-	-	-	-	-	-	-	-	-	-	-	-	-	-	-	-	-	-	-	-	-	-	-	-	-	-	-	-	-	-	-	-	-	-	-	-	-	-	-	-	-	-	-	-	-	-	-	-	-	-	-	-	-	-	-	-	-	-	-	-	-	-	-	-	-	-	-	-	-	-	-	-	-	-	-	-	-	-	-	-	-	-	-	-	-	-	-	-	-	-	-	-	-	-	-	-	-	-	-	-	-	-	-	-	-	-	-	-	-	-	-	-	-	A	G	G	T	G	C	T	G	G	G	A	G	G	C	C	C	T	C	C	T	T	G	G	C	T	-	-	-	T	A	G	G	A	G	G	A	C	A	C	T	T	C	C	A	A	A	G	C	T	G	G	G	-	-	-	G	C	G	C	C	C	C	A	A	G	G	A	G	G	C	A	C	C	A	G	T	G	G	C	C	A	G	A	A	T	G	T	C	C	A	C	G	C	A	G	-	-	-	A	G	C	A	C	C	-	-	-	C	A	C	C	C	C	C	T	G	A	A	-	-	A	C	C	T	G	A	G	G	C	C	C	C	A	C	G	T	C	T	G	C	C	A	C	C	T	G	G	G	A	T	C	C	C	C	G	A	G	T	C	C	-	C	C	G	A	G	C	T	G	T	C	A	G	C	G	G	C	G	C	C	A	C	A	C	A	C	T	C	C	C	T	G	C	C	A	G	T	G	A	G	T	T	T	C	G	C	T	G	C	C	T	C	A	C	C	C	C	G	G	A	G	G	A	C	G	C	T	G	T	C	A	G	C	G	C	C	T	T	T	G	A	G	A	T	C	G	A	G	C	G	T	G	-	-	-	-	-	-	A	A	G	C	C	T	T	C	A	T	C	T	C	C	G	T	C	T	T	G	G	G	C	G	T	C	T	G	C	C	C	C	C	T	G	T	A	C	C	T	G	G	A	T	G	A	G	A	T	C	C	G	G	C	A	C	T	T	C	C	T	G	A	C	C	C	T	A	T	G	T	C	C	A	G	A	G	C	T	G	T	C	C	C	T	G	G	G	C	T	G	G	T	T	C	G	A	G	G	A	G	G	G	C	T	G	C	C	T	T	G	T	G	G	C	C	T	T	C	A	T	C	A	T	C	G	G	C	T	C	G	C	T	C	T	G	G	G	A	C	A	A	G	G	A	G	A	G	A	C	T	C	A	T	G	C	A	G	G	A	G	T	C	A	C	T	G	A	C	G	C	T	G	C	A	C	A	G	G	T	C	T	G	G	G	G	G	C	C	A	C	A	T	A	G	C	C	C	A	C	C	T	G	C	A	T	G	T	G	-	-	-	-	-	-	C	T	G	G	C	C	G	T	G	C	A	C	C	G	C	G	C	C	T	T	C	C	G	G	-	-	-	-	-	-	C	A	G	C	A	G	G	G	C	A	G	G	G	G	C	C	C	C	A	T	C	C	T	G	C	T	G	T	G	G	C	G	C	T	A	C	C	T	G	C	A	C	C	A	C	C	T	G	G	G	C	A	G	C	C	A	G	C	C	G	G	C	C	G	T	G	C	G	C	C	G	G	G	-	-	-	-	-	-	-	-	-	C	C	G	C	G	C	T	C	A	T	G	T	G	C	G	A	G	G	A	C	G	C	G	C	T	G	G	T	A	C	C	C	T	T	C	T	A	T	G	A	G	-	-	-	-	-	-	A	G	G	T	T	C	-	-	-	-	-	-	-	-	-	A	G	C	T	T	C	C	A	C	G	C	C	G	T	G	G	G	C	C	C	C	T	G	C	G	C	C	A	T	C	A	C	C	G	T	G	G	G	C	T	C	C	C	T	C	A	C	C	T	T	C	A	T	G	G	A	G	C	T	C	C	A	C	T	G	C	T	C	C	C	T	G	C	G	G	G	G	C	C	A	C	-	-	-	-	-	-	-	-	-	-	-	-	-	-	-	-	-	-	-	-	-	-	-	-	-	-	-	-	-	-	-	-	-	-	-	-	-	-	-	-	-	-	-	-	-	-	-	-	-	-	-	-	-	-	-	-	-	-	-	-	-	-	-	-	-	-	-	-	-	-	-	-	-	-	-	-	-	-	-	-	-	-	-	-	-	-	-	-	-	-	-	-	-	-	-	-	-	-	-	-	-	-	-	-	-	-	-	-	-	-	-	-	-	-	-	-	-	-	-	-	-	-	-	-	-	-	-	-	-	-	-	-	-	-	-	-	-	-	-	C	C	C	T	T	C	-	-	C	T	G	C	G	C	A	G	G	A	A	C	A	G	C	G	G	C	T	G	C	T	G	A	-	-	-	-	-	-	-	-	-	-	-	-	-	-	-	-	-	-	-	-	-	-	-	-	-	-	-	Chordata	Mammalia	Primates	Hominidae	Homo	8	1.9	6.1	Monophasic	Cathemeral	62	1320	270	0.7625	0.2375	21.2903225806452
pan_troglodytes	-	-	-	-	-	-	-	-	-	-	-	-	-	-	-	-	-	-	-	-	-	-	-	-	-	-	-	-	-	-	-	-	-	-	-	-	-	-	-	-	-	-	-	-	-	-	-	-	-	-	-	-	-	-	-	-	-	-	-	-	-	-	-	-	-	-	-	-	-	-	-	-	-	-	-	-	-	-	-	-	-	-	-	-	-	-	-	-	-	-	-	-	-	-	-	-	-	-	-	-	-	-	-	-	-	-	-	-	-	-	-	-	-	-	-	-	-	-	-	-	-	-	-	-	-	-	-	-	-	-	-	-	-	-	-	-	-	-	-	-	-	-	-	-	-	-	-	-	-	-	-	-	-	-	-	-	-	-	-	-	-	-	-	-	-	-	-	-	-	-	-	-	-	-	-	-	-	-	-	-	-	-	-	-	-	-	-	-	-	-	-	-	-	-	-	-	-	-	-	-	-	-	-	-	-	-	-	-	-	-	-	-	-	-	-	-	-	-	-	-	-	-	-	-	-	-	-	-	-	-	-	-	-	-	-	-	-	-	-	-	-	-	-	-	-	-	-	-	-	-	-	-	-	-	-	-	-	-	-	-	-	-	-	-	-	-	-	-	-	-	-	-	-	-	-	-	-	-	-	-	-	-	-	-	-	-	-	-	-	-	-	-	-	-	-	-	-	-	-	-	-	-	-	-	-	-	-	-	-	-	-	-	-	-	-	-	-	-	-	-	-	-	-	-	-	-	-	-	-	-	-	-	-	-	-	-	-	-	-	-	-	-	-	-	-	-	-	-	-	-	-	-	-	-	-	-	-	-	-	-	-	-	-	-	-	-	-	-	-	-	-	-	-	-	-	-	-	-	-	-	-	-	-	-	-	-	-	-	-	-	-	-	-	-	-	-	-	-	-	-	-	-	-	-	-	-	-	-	-	-	-	-	-	-	-	-	-	-	-	-	-	-	-	-	-	-	-	-	-	-	-	-	-	-	-	-	-	-	-	-	-	-	-	-	-	-	-	-	-	-	-	-	-	-	-	-	-	-	-	-	-	-	-	-	-	-	-	-	-	-	-	-	-	-	-	-	-	-	-	-	-	-	-	-	-	-	-	-	-	-	-	-	-	-	-	A	T	G	T	C	C	A	T	G	C	A	G	-	-	-	A	G	C	A	C	C	-	-	-	C	A	C	C	C	C	C	C	G	A	A	-	-	A	C	C	T	G	A	G	G	C	C	C	C	A	C	G	T	C	T	G	C	C	A	C	C	T	G	G	G	A	T	C	C	C	C	G	A	G	T	C	C	-	C	C	G	A	G	C	T	G	T	C	A	G	C	G	G	C	G	C	C	A	C	A	C	A	C	T	C	C	C	C	G	C	C	A	G	C	G	A	G	T	T	T	C	G	C	T	G	C	C	T	C	A	C	C	C	C	A	G	A	G	G	A	C	G	C	T	G	T	C	A	G	C	G	C	C	T	T	T	G	A	G	A	T	C	G	A	G	C	G	T	G	-	-	-	-	-	-	A	A	G	C	C	T	T	C	A	T	C	T	C	C	G	T	C	T	T	G	G	G	C	G	T	C	T	G	C	C	C	C	C	T	G	G	A	C	C	T	G	G	A	T	G	A	G	A	T	C	C	G	G	C	A	C	T	T	C	C	T	G	A	C	C	C	T	A	T	G	T	C	C	A	G	A	G	C	T	G	T	C	C	C	T	G	G	G	C	T	G	G	T	T	C	G	A	G	G	A	G	G	G	C	T	G	T	C	T	T	G	T	G	G	C	C	T	T	C	A	T	C	A	T	C	G	G	C	T	C	G	C	T	C	T	G	G	G	A	C	A	A	G	G	A	G	A	G	A	C	T	C	A	T	G	C	A	G	G	A	G	T	C	A	C	T	G	A	C	G	C	T	G	C	A	C	A	G	G	T	C	T	G	G	G	G	G	C	C	A	C	A	T	A	G	C	C	C	A	C	C	T	G	C	A	T	G	T	G	-	-	-	-	-	-	C	T	G	G	C	C	G	T	G	C	A	C	C	G	C	G	C	C	T	T	C	C	G	G	-	-	-	-	-	-	C	A	G	C	A	G	G	G	C	A	G	G	G	G	C	C	C	C	A	T	C	C	T	G	C	T	G	T	G	G	C	G	C	T	A	C	C	T	G	C	A	C	C	A	C	C	T	G	G	G	C	A	G	C	C	A	G	C	C	G	G	C	C	G	T	G	C	G	C	C	G	G	G	-	-	-	-	-	-	-	-	-	C	C	G	C	G	C	T	C	A	T	G	T	G	T	G	A	G	G	A	C	G	C	G	C	T	G	G	T	A	C	C	C	T	T	C	T	A	T	G	A	G	-	-	-	-	-	-	A	G	G	T	T	C	-	-	-	-	-	-	-	-	-	A	G	C	T	T	C	C	A	C	G	C	C	G	T	G	G	G	C	C	C	C	T	G	C	G	C	C	A	T	C	A	C	C	G	T	G	G	G	C	T	C	C	C	T	C	A	C	C	T	T	C	A	C	G	G	A	G	C	T	C	C	A	C	T	G	C	T	C	C	C	T	G	C	G	G	G	A	C	C	A	C	-	-	-	-	-	-	-	-	-	-	-	-	-	-	-	-	-	-	-	-	-	-	-	-	-	-	-	-	-	-	-	-	-	-	-	-	-	-	-	-	-	-	-	-	-	-	-	-	-	-	-	-	-	-	-	-	-	-	-	-	-	-	-	-	-	-	-	-	-	-	-	-	-	-	-	-	-	-	-	-	-	-	-	-	-	-	-	-	-	-	-	-	-	-	-	-	-	-	-	-	-	-	-	-	-	-	-	-	-	-	-	-	-	-	-	-	-	-	-	-	-	-	-	-	-	-	-	-	-	-	-	-	-	-	-	-	-	-	-	C	C	C	T	T	C	-	-	C	T	G	C	G	C	A	G	G	A	A	C	A	G	C	G	G	C	T	G	C	T	G	A	-	-	-	-	-	-	-	-	-	-	-	-	-	-	-	-	-	-	-	-	-	-	-	-	-	-	-	Chordata	Mammalia	Primates	Hominidae	Pan	9.7	1.4	8.3	Monophasic	diurnal	52.2	440	223.8	0.855670103092784	0.144329896907217	8.42911877394636
cavia_porcellus	-	-	-	-	-	-	-	-	-	-	-	-	-	-	-	-	-	-	-	-	-	-	-	-	-	-	-	-	-	-	-	-	-	-	-	-	-	-	-	-	-	-	-	-	-	-	-	-	-	-	-	-	-	-	-	-	-	-	-	-	-	-	-	-	-	-	-	-	-	-	-	-	-	-	-	-	-	-	-	-	-	-	-	-	-	-	-	-	-	-	-	-	-	-	-	-	-	-	-	-	-	-	-	-	-	-	-	-	-	-	-	-	-	-	-	-	-	-	-	-	-	-	-	-	-	-	-	-	-	-	-	-	-	-	-	-	-	-	-	-	-	-	-	-	-	-	-	-	-	-	-	-	-	-	-	-	-	-	-	-	-	-	-	-	-	-	-	-	-	-	-	-	-	-	-	-	-	-	-	-	-	-	-	-	-	-	-	-	-	-	-	-	-	-	-	-	-	-	-	-	-	-	-	-	-	-	-	-	-	-	-	-	-	-	-	-	-	-	-	-	-	-	-	-	-	-	-	-	-	-	-	-	-	-	-	-	-	-	-	-	-	-	-	-	-	-	-	-	-	-	-	-	-	-	-	-	-	-	-	-	-	-	-	-	-	-	-	-	-	-	-	-	-	-	-	-	-	-	-	-	-	-	-	-	-	-	-	-	-	-	-	-	-	-	-	-	-	-	-	-	-	-	-	-	-	-	-	-	-	-	-	-	-	-	-	-	-	-	-	-	-	-	-	-	-	-	-	-	-	-	-	-	-	-	-	-	-	-	-	-	-	-	-	-	-	-	-	-	-	-	-	-	-	-	-	-	-	-	-	-	-	-	-	-	-	-	-	-	-	-	-	-	-	-	-	-	-	-	-	-	-	-	-	-	-	-	-	-	-	-	-	-	-	-	-	-	-	-	-	-	-	-	-	-	-	-	-	-	-	-	-	-	-	-	-	-	-	-	-	-	-	-	-	-	-	-	-	-	-	-	-	-	-	-	-	-	-	-	-	-	-	-	-	-	-	-	-	-	-	-	-	-	-	-	-	-	-	-	-	-	-	-	-	-	-	-	-	-	-	-	-	-	-	-	-	-	-	-	-	-	-	-	-	-	-	-	-	-	-	-	-	-	-	-	-	-	-	-	-	-	-	A	T	G	C	A	G	-	-	-	A	G	C	A	T	C	-	-	-	C	T	C	C	C	C	C	T	G	A	A	-	-	A	C	G	C	G	A	G	G	C	C	C	T	G	A	G	C	C	T	G	C	T	G	T	C	T	G	G	G	A	C	C	T	C	A	G	A	G	T	C	C	-	C	A	G	A	G	C	T	G	C	C	A	G	C	G	G	C	G	T	C	A	C	A	C	A	C	T	T	C	C	A	G	C	C	A	G	C	G	A	G	T	T	T	C	G	C	T	G	C	C	T	C	A	C	C	C	T	G	G	A	G	G	A	T	G	C	G	G	T	C	A	G	C	G	T	G	T	T	T	G	A	G	A	T	T	G	A	G	C	G	C	G	-	-	-	-	-	-	A	A	G	C	C	T	T	C	A	T	C	T	C	T	G	T	C	T	C	G	G	G	C	A	T	C	T	G	C	C	C	C	C	T	G	T	A	C	C	T	G	G	A	T	G	A	G	A	T	C	C	G	G	C	A	C	T	T	C	C	T	G	A	C	C	C	T	G	T	G	T	C	C	C	G	A	A	C	T	G	T	C	G	C	T	G	G	G	C	T	G	G	T	T	C	G	A	G	G	A	A	G	G	C	C	G	C	C	T	T	G	T	A	G	C	C	T	T	C	A	T	C	A	T	T	G	G	C	T	C	T	C	T	T	T	G	G	G	A	C	A	A	G	A	A	G	A	G	A	C	T	C	A	C	G	C	A	G	G	A	G	T	C	A	C	T	G	A	C	G	C	T	G	C	A	C	A	G	G	C	C	C	G	G	G	G	G	C	C	G	C	A	T	G	G	C	C	C	A	C	C	T	G	C	A	T	G	T	G	-	-	-	-	-	-	C	T	G	G	C	T	G	T	G	C	A	C	C	G	C	A	C	C	T	T	C	C	G	G	-	-	-	-	-	-	C	A	G	C	A	G	G	G	C	A	A	G	G	G	C	T	C	C	A	T	C	C	T	G	C	T	G	T	G	G	C	G	C	T	A	C	C	T	G	C	A	G	T	A	C	C	T	G	G	G	C	G	G	C	C	A	G	C	C	A	G	C	C	G	T	G	C	G	G	C	G	G	G	-	-	-	-	-	-	-	-	-	C	A	G	T	G	C	T	C	A	T	G	T	G	C	G	A	G	C	A	T	G	T	G	C	T	A	G	T	G	C	C	C	T	T	C	T	A	C	G	A	G	-	-	-	-	-	-	A	A	G	T	T	C	-	-	-	-	-	-	-	-	-	G	G	C	T	T	C	C	A	G	G	C	C	G	T	G	G	G	C	C	C	G	T	G	C	G	C	C	G	T	G	G	C	T	G	T	G	G	G	C	T	C	C	C	T	C	G	C	T	T	T	C	A	C	A	G	A	G	C	T	C	C	A	G	T	G	C	T	C	G	C	T	G	C	G	C	A	G	C	C	A	T	-	-	-	-	-	-	-	-	-	-	-	-	-	-	-	-	-	-	-	-	-	-	-	-	-	-	-	-	-	-	-	-	-	-	-	-	-	-	-	-	-	-	-	-	-	-	-	-	-	-	-	-	-	-	-	-	-	-	-	-	-	-	-	-	-	-	-	-	-	-	-	-	-	-	-	-	-	-	-	-	-	-	-	-	-	-	-	-	-	-	-	-	-	-	-	-	-	-	-	-	-	-	-	-	-	-	-	-	-	-	-	-	-	-	-	-	-	-	-	-	-	-	-	-	-	-	-	-	-	-	-	-	-	-	-	-	-	-	-	G	C	C	T	T	C	-	-	C	T	C	C	G	C	C	G	G	A	A	C	A	G	T	G	G	C	T	G	C	T	G	A	-	-	-	-	-	-	-	-	-	-	-	-	-	-	-	-	-	-	-	-	-	-	-	-	-	-	-	Chordata	Mammalia	Rodentia	Caviidae	Cavia	9.4	0.8	8.6	Polyphasic	diurnal	0.728	5.5	67.2	0.914893617021276	0.0851063829787234	7.55494505494506
chinchilla_lanigera	-	-	-	-	-	-	-	-	-	-	-	-	-	-	-	-	-	-	-	-	-	-	-	-	-	-	-	-	-	-	-	-	-	-	-	-	-	-	-	-	-	-	-	-	-	-	-	-	-	-	-	-	-	-	-	-	-	-	-	-	-	-	-	-	-	-	-	-	-	-	-	-	-	-	-	-	-	-	-	-	-	-	-	-	-	-	-	-	-	-	-	-	-	-	-	-	-	-	-	-	-	-	-	-	-	-	-	-	-	-	-	-	-	-	-	-	-	-	-	-	-	-	-	-	-	-	-	-	-	-	-	-	-	-	-	-	-	-	-	-	-	-	-	-	-	-	-	-	-	-	-	-	-	-	-	-	-	-	-	-	-	-	-	-	-	-	-	-	-	-	-	-	-	-	-	-	-	-	-	-	-	-	-	-	-	-	-	-	-	-	-	-	-	-	-	-	-	-	-	-	-	-	-	-	-	-	-	-	-	-	-	-	-	-	-	-	-	-	-	-	-	-	-	-	-	-	-	-	-	-	-	-	-	-	-	-	-	-	-	-	-	-	-	-	-	-	-	-	-	-	-	-	-	-	-	-	-	-	-	-	-	-	-	-	-	-	-	-	-	-	-	-	-	-	-	-	-	-	-	-	-	-	-	-	-	-	-	-	-	-	-	-	-	-	-	-	-	-	-	-	-	-	-	-	-	-	-	-	-	-	-	-	-	-	-	-	-	-	-	-	-	-	-	-	-	-	-	-	-	-	-	-	-	-	-	-	-	-	-	-	-	-	-	-	-	-	-	-	-	-	-	-	-	-	-	-	-	-	-	-	-	-	-	-	-	-	-	-	-	-	-	-	-	-	-	-	-	-	-	-	-	-	-	-	-	-	-	-	-	-	-	-	-	-	-	-	-	-	-	-	-	-	-	-	-	-	-	-	-	-	-	-	-	-	-	-	-	-	-	-	-	-	-	-	-	-	-	-	-	-	-	-	-	-	-	-	-	-	-	-	-	-	-	-	-	-	-	-	-	-	-	-	-	-	-	-	-	-	-	-	-	-	-	-	-	-	-	-	-	-	-	-	-	-	-	-	-	-	-	-	-	-	-	-	-	-	-	-	-	-	-	-	-	-	-	-	-	-	-	-	-	A	T	G	C	A	G	-	-	-	A	G	C	A	T	C	-	-	-	C	T	C	C	C	C	C	T	G	A	A	-	-	A	C	C	C	G	A	G	G	C	C	C	C	G	A	G	C	C	T	G	C	C	A	C	C	T	G	G	G	A	C	C	T	C	A	G	A	G	T	C	C	-	C	C	A	A	G	C	T	G	C	C	A	G	C	G	G	C	G	C	C	A	C	A	C	A	C	T	C	C	C	T	G	C	C	A	G	T	G	A	A	T	T	T	C	G	C	T	G	C	C	T	C	A	C	C	C	T	G	G	A	G	G	A	T	G	C	G	G	T	C	A	G	C	G	T	G	T	T	T	G	A	G	A	T	C	G	A	G	C	G	T	G	-	-	-	-	-	-	A	A	G	C	C	T	T	T	A	T	C	T	C	T	G	T	C	T	C	G	G	G	C	A	T	C	T	G	C	C	C	C	C	T	G	T	A	C	C	T	G	G	A	T	G	A	G	A	T	C	C	G	G	C	A	C	T	T	C	C	T	G	A	C	T	C	T	G	T	G	T	C	C	C	G	A	G	C	T	G	T	C	C	C	T	G	G	G	C	T	G	G	T	T	C	G	A	G	G	A	A	G	G	C	C	G	C	C	T	T	G	T	G	G	C	C	T	T	C	A	T	C	A	T	C	G	G	C	T	C	C	C	T	C	T	G	G	G	A	C	A	A	G	G	A	C	A	G	A	C	T	C	A	C	T	C	A	G	G	A	G	T	C	G	C	T	G	A	C	C	C	T	G	C	A	C	A	G	G	C	C	T	G	G	G	G	G	C	C	G	C	T	T	A	G	C	C	C	A	C	C	T	G	C	A	C	G	T	G	-	-	-	-	-	-	C	T	G	G	C	T	G	T	G	C	A	C	C	G	C	A	C	C	T	T	C	C	G	G	-	-	-	-	-	-	C	A	G	C	A	G	G	G	C	A	A	G	G	G	C	T	C	C	A	T	C	C	T	G	C	T	G	T	G	G	C	G	C	T	A	C	T	T	A	C	A	G	C	A	C	C	T	G	G	G	C	A	G	C	C	A	G	C	C	G	G	C	C	G	T	G	C	G	G	C	G	G	G	-	-	-	-	-	-	-	-	-	C	C	G	T	G	C	T	C	A	T	G	T	G	T	G	A	G	C	A	T	G	C	G	C	T	A	G	T	G	C	C	C	T	T	C	T	A	T	G	A	G	-	-	-	-	-	-	A	A	G	T	T	T	-	-	-	-	-	-	-	-	-	G	G	C	T	T	C	C	A	G	G	C	T	G	T	G	G	G	C	C	C	G	T	G	T	G	C	C	G	T	C	A	C	C	G	T	G	G	G	C	T	C	C	C	T	C	G	C	C	T	T	C	A	C	A	G	A	G	C	T	C	C	A	G	T	G	C	T	C	G	C	T	G	C	G	C	A	G	C	C	A	C	-	-	-	-	-	-	-	-	-	-	-	-	-	-	-	-	-	-	-	-	-	-	-	-	-	-	-	-	-	-	-	-	-	-	-	-	-	-	-	-	-	-	-	-	-	-	-	-	-	-	-	-	-	-	-	-	-	-	-	-	-	-	-	-	-	-	-	-	-	-	-	-	-	-	-	-	-	-	-	-	-	-	-	-	-	-	-	-	-	-	-	-	-	-	-	-	-	-	-	-	-	-	-	-	-	-	-	-	-	-	-	-	-	-	-	-	-	-	-	-	-	-	-	-	-	-	-	-	-	-	-	-	-	-	-	-	-	-	-	A	C	C	T	T	T	-	-	C	T	G	C	G	C	A	G	G	A	A	C	A	G	C	G	G	C	T	G	C	T	G	A	-	-	-	-	-	-	-	-	-	-	-	-	-	-	-	-	-	-	-	-	-	-	-	-	-	-	-	Chordata	Mammalia	Rodentia	Chinchillidae	Chinchilla	12.52	1.55	10.97	Polyphasic	nocturnal	0.45	6.4	110.8	0.876198083067093	0.123801916932907	14.2222222222222
octodon_degus	-	-	-	-	-	-	-	-	-	-	-	-	-	-	-	-	-	-	-	-	-	-	-	-	-	-	-	-	-	-	-	-	-	-	-	-	-	-	-	-	-	-	-	-	-	-	-	-	-	-	-	-	-	-	-	-	-	-	-	-	-	-	-	-	-	-	-	-	-	-	-	-	-	-	-	-	-	-	-	-	-	-	-	-	-	-	-	-	-	-	-	-	-	-	-	-	-	-	-	-	-	-	-	-	-	-	-	-	-	-	-	-	-	-	-	-	-	-	-	-	-	-	-	-	-	-	-	-	-	-	-	-	-	-	-	-	-	-	-	-	-	-	-	-	-	-	-	-	-	-	-	-	-	-	-	-	-	-	-	-	-	-	-	-	-	-	-	-	-	-	-	-	-	-	-	-	-	-	-	-	-	-	-	-	-	-	-	-	-	-	-	-	-	-	-	-	-	-	-	-	-	-	-	-	-	-	-	-	-	-	-	-	-	-	-	-	-	-	-	-	-	-	-	-	-	-	-	-	-	-	-	-	-	-	-	-	-	-	-	-	-	-	-	-	-	-	-	-	-	-	-	-	-	-	-	-	-	-	-	-	-	-	-	-	-	-	-	-	-	-	-	-	-	-	-	-	-	-	-	-	-	-	-	-	-	-	-	-	-	-	-	-	-	-	-	-	-	-	-	-	-	-	-	-	-	-	-	-	-	-	-	-	-	-	-	-	-	-	-	-	-	-	-	-	-	-	-	-	-	-	-	-	-	-	-	-	-	-	-	-	-	-	-	-	-	-	-	-	-	-	-	-	-	-	-	-	-	-	-	-	-	-	-	-	-	-	-	-	-	-	-	-	-	-	-	-	-	-	-	-	-	-	-	-	-	-	-	-	-	-	-	-	-	-	-	-	-	-	-	-	-	-	-	-	-	-	-	-	-	-	-	-	-	-	-	-	-	-	-	-	-	-	-	-	-	-	-	-	-	-	-	-	-	-	-	-	-	-	-	-	-	-	-	-	-	-	-	-	-	-	-	-	-	-	-	-	-	-	-	-	-	-	-	-	-	-	-	-	-	-	-	-	-	-	-	-	-	-	-	-	-	-	-	-	-	-	-	-	-	-	-	-	-	-	-	A	T	G	T	C	C	A	T	G	C	A	G	-	-	-	A	G	C	A	T	C	-	-	-	C	T	C	G	C	C	C	T	G	A	A	-	-	A	C	C	T	G	A	A	G	T	C	C	T	G	A	G	C	C	T	G	C	C	A	C	C	T	G	G	G	A	C	T	T	C	A	G	A	G	T	C	C	-	C	T	G	A	G	C	T	A	C	C	A	G	C	G	G	C	G	C	C	A	C	A	C	G	C	T	C	C	C	T	G	C	C	A	G	T	G	A	A	T	T	C	C	G	C	T	G	C	C	T	C	A	C	C	C	C	G	G	A	G	G	A	T	G	C	T	G	T	C	A	G	C	G	T	G	T	T	T	G	A	G	A	T	T	G	A	G	C	G	T	G	-	-	-	-	-	-	A	A	G	C	C	T	T	T	A	T	C	T	C	T	G	T	C	T	C	G	G	G	C	A	T	C	T	G	C	C	C	C	C	T	G	T	A	C	C	C	G	G	A	T	G	A	G	A	T	T	C	G	A	C	A	C	T	T	C	C	T	G	A	C	T	T	T	G	T	G	T	C	C	C	G	A	G	C	T	G	T	C	C	C	T	G	G	G	C	T	G	G	T	T	C	G	A	G	G	A	A	G	G	C	C	G	C	C	T	T	G	T	G	G	C	C	T	T	C	A	T	C	A	T	T	G	G	T	T	C	C	C	T	T	T	G	G	G	A	C	A	A	G	G	A	G	A	G	A	C	T	C	A	C	T	C	A	G	G	A	G	T	C	G	C	T	G	A	C	A	C	T	G	C	A	C	A	G	G	C	C	C	G	G	G	G	G	C	C	G	C	T	T	G	G	C	C	C	A	C	C	T	G	C	A	C	G	T	G	-	-	-	-	-	-	C	T	G	G	C	T	G	T	G	C	A	C	C	G	C	A	C	C	T	T	C	C	G	G	-	-	-	-	-	-	C	A	G	C	A	G	G	G	C	A	A	G	G	G	C	T	C	T	G	T	C	C	T	G	C	T	G	T	G	G	C	G	T	T	A	C	T	T	G	C	A	G	C	A	C	C	T	G	G	G	C	A	G	C	C	A	A	C	C	G	G	C	T	G	T	G	C	G	A	C	G	G	G	-	-	-	-	-	-	-	-	-	C	C	G	T	G	C	T	C	A	T	G	T	G	T	G	A	G	C	A	T	G	C	G	C	T	A	G	T	G	C	C	C	T	T	C	T	A	T	G	A	G	-	-	-	-	-	-	A	A	G	T	C	T	-	-	-	-	-	-	-	-	-	G	G	C	T	T	C	C	A	G	G	C	T	G	T	G	G	G	C	C	C	G	T	G	T	G	C	T	G	T	C	A	C	C	G	T	G	G	G	C	T	C	C	C	T	C	A	C	C	T	T	C	A	T	G	G	A	G	C	T	C	C	A	G	T	G	C	T	C	G	C	T	G	C	G	C	A	G	C	C	A	C	-	-	-	-	-	-	-	-	-	-	-	-	-	-	-	-	-	-	-	-	-	-	-	-	-	-	-	-	-	-	-	-	-	-	-	-	-	-	-	-	-	-	-	-	-	-	-	-	-	-	-	-	-	-	-	-	-	-	-	-	-	-	-	-	-	-	-	-	-	-	-	-	-	-	-	-	-	-	-	-	-	-	-	-	-	-	-	-	-	-	-	-	-	-	-	-	-	-	-	-	-	-	-	-	-	-	-	-	-	-	-	-	-	-	-	-	-	-	-	-	-	-	-	-	-	-	-	-	-	-	-	-	-	-	-	-	-	-	-	A	T	C	T	T	T	-	-	C	T	G	C	G	T	A	G	G	A	A	C	A	G	T	G	G	C	T	G	C	T	G	A	-	-	-	-	-	-	-	-	-	-	-	-	-	-	-	-	-	-	-	-	-	-	-	-	-	-	-	Chordata	Mammalia	Rodentia	Octodontidae	Octodon	7.7	0.9	6.8	Polyphasic	diurnal	0.21		89.3	0.883116883116883	0.116883116883117	
sus_scrofa	-	-	-	-	-	-	-	-	-	-	-	-	-	-	-	-	-	-	-	-	-	-	-	-	-	-	-	-	-	-	-	-	-	-	-	-	-	-	-	-	-	-	-	-	-	-	-	-	-	-	-	-	-	-	-	-	-	-	-	-	-	-	-	-	-	-	-	-	-	-	-	-	-	-	-	-	-	-	-	-	-	-	-	-	-	-	-	-	-	-	-	-	-	-	-	-	-	-	-	-	-	-	-	-	-	-	-	-	-	-	-	-	-	-	-	-	-	-	-	-	-	-	-	-	-	-	-	-	-	-	-	-	-	-	-	-	-	-	-	-	-	-	-	-	-	-	-	-	-	-	-	-	-	-	-	-	-	-	-	-	-	-	-	-	-	-	-	-	-	-	-	-	-	-	-	-	-	-	-	-	-	-	-	-	-	-	-	-	-	-	-	-	-	-	-	-	-	-	-	-	-	-	-	-	-	-	-	-	-	-	-	-	-	-	-	-	-	-	-	-	-	-	-	-	-	-	-	-	-	-	-	-	-	-	-	-	-	-	-	-	-	-	-	-	-	-	-	-	-	-	-	-	-	-	-	-	-	-	-	-	-	-	-	-	-	-	-	-	-	-	-	-	-	-	-	-	-	-	-	-	-	-	-	-	-	-	-	A	T	G	C	A	A	C	C	T	G	T	A	A	G	C	T	T	G	C	T	C	C	A	C	C	C	A	A	G	C	C	C	C	C	A	C	T	G	C	A	G	A	T	C	C	A	C	T	A	C	C	A	A	G	A	G	G	G	C	A	G	A	T	G	C	C	C	C	A	C	C	A	C	C	C	T	G	G	A	C	G	C	T	T	G	G	C	A	A	T	G	A	G	G	A	C	C	A	G	A	C	C	C	C	T	G	A	C	C	A	T	C	G	C	T	C	C	T	C	G	C	C	A	G	C	A	G	G	T	G	C	C	G	A	G	G	G	G	C	C	T	T	C	C	T	C	A	C	C	A	-	-	-	-	C	A	G	A	G	G	C	C	A	C	T	T	C	T	G	A	A	G	C	T	G	G	G	C	C	A	C	C	C	C	C	A	C	G	A	G	T	T	G	G	C	A	G	C	A	G	C	A	G	C	C	A	G	G	A	T	G	T	C	C	G	C	T	C	A	G	-	-	-	A	C	C	A	G	C	-	-	-	C	A	C	T	A	C	C	T	G	A	A	-	-	G	C	C	C	A	G	G	C	C	C	C	T	G	A	G	C	C	T	G	C	C	A	C	C	T	A	C	C	A	T	C	C	C	A	G	A	G	T	C	C	-	C	C	A	A	G	C	C	G	C	C	A	G	C	G	G	C	G	C	C	A	C	A	C	A	C	T	C	C	C	C	G	C	C	A	G	C	G	A	G	T	T	T	C	G	C	T	G	C	C	T	C	A	C	C	C	C	G	G	A	G	G	A	T	G	C	T	G	C	T	G	G	C	G	T	G	T	T	T	G	A	G	C	T	C	G	A	G	C	G	A	G	-	-	-	-	-	-	A	A	G	C	C	T	T	C	A	T	C	C	C	T	G	T	C	T	C	G	G	G	C	A	C	C	T	G	C	C	C	C	C	T	G	A	A	C	G	T	G	G	A	C	G	A	G	G	T	C	C	G	G	C	A	C	T	T	C	C	T	G	A	C	C	C	T	G	T	G	T	C	C	C	G	A	G	C	T	G	T	C	C	A	T	G	G	G	C	T	G	G	T	T	C	T	T	G	G	A	G	G	G	T	C	G	C	C	T	C	T	T	G	G	C	C	T	T	C	A	T	C	A	T	C	G	G	C	T	C	C	C	T	G	T	G	G	G	A	C	A	A	G	G	A	G	A	G	A	A	T	C	A	C	T	C	A	G	G	A	G	T	C	G	C	T	G	A	C	G	C	T	G	C	A	C	A	G	G	C	C	C	G	G	G	G	G	C	C	G	C	A	C	A	G	C	C	C	A	C	C	T	G	C	A	C	C	T	G	-	-	-	-	-	-	C	T	G	G	C	C	G	T	G	C	A	C	C	G	C	G	C	C	T	T	C	C	G	G	-	-	-	-	-	-	C	A	G	C	A	G	G	G	C	A	A	G	G	G	C	T	C	G	G	T	C	C	T	G	C	T	C	T	G	G	C	G	C	T	A	C	C	T	G	C	A	C	C	A	C	C	T	G	G	G	C	A	G	C	C	A	G	C	C	G	G	C	C	G	T	G	C	G	C	C	G	G	G	-	-	-	-	-	-	-	-	-	C	C	G	T	G	C	T	C	A	T	G	T	G	T	G	A	G	G	C	C	A	G	G	C	T	G	G	T	G	C	C	C	T	T	C	T	A	C	C	A	G	-	-	-	-	-	-	A	G	G	T	T	C	-	-	-	-	-	-	-	-	-	G	G	C	T	T	C	C	G	G	C	C	C	G	T	G	G	G	C	C	C	C	T	G	T	G	C	C	G	T	C	T	C	C	G	T	G	G	G	C	T	C	A	C	T	G	G	T	C	T	T	C	A	C	G	G	A	G	A	T	G	C	A	G	T	G	C	T	C	C	A	T	G	C	G	G	G	A	C	C	T	C	-	-	-	-	-	-	-	-	-	-	-	-	-	-	-	-	-	-	-	-	-	-	-	-	-	-	-	-	-	-	-	-	-	-	-	-	-	-	-	-	-	-	-	-	-	-	-	-	-	-	-	-	-	-	-	-	-	-	-	-	-	-	-	-	-	-	-	-	-	-	-	-	-	-	-	-	-	-	-	-	-	-	-	-	-	-	-	-	-	-	-	-	-	-	-	-	-	-	-	-	-	-	-	-	-	-	-	-	-	-	-	-	-	-	-	-	-	-	-	-	-	-	-	-	-	-	-	-	-	-	-	-	-	-	-	-	-	-	-	G	T	C	T	C	C	-	-	C	A	G	C	G	C	A	G	G	A	A	C	A	G	T	G	A	C	T	G	C	T	G	A	-	-	-	-	-	-	-	-	-	-	-	-	-	-	-	-	-	-	-	-	-	-	-	-	-	-	-	Chordata	Mammalia	Artiodactyla	Suidae	Sus	9.1	2.4	6.7	Polyphasic	nocturnal	86.25	180	117	0.736263736263736	0.263736263736264	2.08695652173913
equus_asinus	-	-	-	-	-	-	-	-	-	-	-	-	-	-	-	-	-	-	-	-	-	-	-	-	-	-	-	-	-	-	-	-	-	-	-	-	-	-	-	-	-	-	-	-	-	-	-	-	-	-	-	-	-	-	-	-	-	-	-	-	-	-	-	-	-	-	-	-	-	-	-	-	-	-	-	-	-	-	-	-	-	-	-	-	-	-	-	-	-	-	-	-	-	-	-	-	-	-	-	-	-	-	-	-	-	-	-	-	-	-	-	-	-	-	-	-	-	-	-	-	-	-	-	-	-	-	-	-	-	-	-	-	-	-	-	-	-	-	-	-	-	-	-	-	-	-	-	-	-	-	-	-	-	-	-	-	-	-	-	-	-	-	-	-	-	-	-	-	-	-	-	-	-	-	-	-	-	-	-	-	-	-	-	-	-	-	-	-	-	-	-	-	-	-	-	-	-	-	-	-	-	-	-	-	-	-	-	-	-	-	-	-	-	-	-	-	-	-	-	-	-	-	-	-	-	-	-	-	-	-	-	-	-	-	-	-	-	-	-	-	-	-	-	-	-	-	-	-	-	-	-	-	-	-	-	-	-	-	-	-	-	-	-	-	-	-	-	-	-	-	-	-	-	-	-	-	-	-	-	-	-	-	-	-	-	-	-	-	-	-	-	-	-	-	-	-	-	-	-	-	-	-	-	-	-	-	-	-	-	-	-	-	-	-	-	-	-	-	-	-	-	-	-	-	-	-	-	-	-	-	-	-	-	-	-	-	-	-	-	-	-	-	-	-	-	-	-	-	-	-	-	-	-	-	-	-	-	-	-	-	-	-	-	-	-	-	-	-	-	-	-	-	-	-	-	-	-	-	-	-	-	-	-	-	-	-	-	-	-	-	-	-	-	-	-	-	-	-	-	-	-	-	-	-	-	-	-	-	-	-	-	-	-	-	-	-	-	-	-	-	-	-	-	-	-	-	-	-	-	-	-	-	-	-	-	-	-	-	-	-	-	-	-	-	-	-	-	-	-	-	-	-	-	-	-	-	-	-	-	-	-	-	-	-	-	-	-	-	-	-	-	-	-	-	-	-	-	-	-	-	-	-	-	-	-	-	-	-	-	-	-	-	-	-	-	A	T	G	T	C	C	A	C	A	C	A	G	-	-	-	A	G	C	A	T	C	-	-	-	C	A	C	T	A	C	C	T	G	A	A	-	-	G	C	C	C	G	T	G	G	C	C	C	T	G	T	G	C	C	T	G	G	C	A	C	C	T	G	G	G	A	T	C	C	C	A	G	A	C	T	C	C	-	C	C	A	A	G	C	C	G	C	C	A	C	C	G	G	C	G	C	C	A	C	A	C	A	C	T	C	C	C	T	G	C	C	A	G	C	G	A	G	T	T	T	C	G	C	T	G	C	C	T	C	A	C	C	C	C	A	G	A	G	G	A	C	G	C	A	G	C	T	A	G	C	G	T	G	T	T	T	G	A	G	A	T	T	G	A	G	C	G	T	G	-	-	-	-	-	-	A	G	G	C	C	T	T	C	A	T	C	T	C	T	G	T	C	T	C	G	G	G	C	A	C	G	T	G	C	C	C	C	C	T	G	T	A	T	C	T	G	G	A	T	G	A	G	A	T	C	C	G	G	C	A	C	T	T	C	C	T	G	A	C	C	C	T	C	T	G	T	C	C	A	G	A	G	C	T	G	T	C	C	T	T	G	G	G	C	T	G	G	T	T	C	C	A	G	G	A	G	G	G	C	C	G	C	C	T	C	G	T	G	G	C	C	T	T	C	A	T	C	A	T	C	G	G	C	T	C	G	C	T	G	T	G	G	G	A	T	G	A	G	G	A	G	A	G	A	C	T	C	A	C	T	C	A	G	G	A	A	T	C	A	C	T	G	A	C	G	C	T	G	C	A	C	A	G	G	C	C	T	G	G	T	G	G	C	C	G	C	A	C	G	G	C	C	C	A	C	C	T	G	C	A	T	G	T	G	-	-	-	-	-	-	C	T	G	G	C	T	G	T	G	C	A	C	C	A	C	A	C	C	T	T	C	C	G	G	-	-	-	-	-	-	C	A	G	C	A	A	G	G	C	A	A	G	G	G	C	T	C	C	A	T	C	C	T	G	C	T	G	T	G	G	C	G	C	T	A	C	C	T	G	C	A	C	C	A	C	C	T	G	G	G	C	A	G	C	C	A	G	C	C	C	A	C	C	G	T	G	C	G	C	C	G	G	G	-	-	-	-	-	-	-	-	-	C	C	G	T	G	C	T	C	A	T	G	T	G	C	G	A	G	G	A	C	A	C	A	C	T	G	G	T	G	C	C	C	T	T	C	T	A	C	G	A	G	-	-	-	-	-	-	A	G	G	T	T	C	-	-	-	-	-	-	-	-	-	G	G	C	T	T	C	T	A	C	C	C	T	G	T	G	G	G	C	C	C	G	T	G	C	G	C	C	A	T	C	A	C	T	G	T	G	G	G	C	T	C	A	C	T	C	G	C	C	T	T	C	A	C	G	G	A	G	C	T	C	C	A	G	T	G	C	T	C	C	C	T	G	C	G	C	A	G	C	C	A	T	-	-	-	-	-	-	-	-	-	-	-	-	-	-	-	-	-	-	-	-	-	-	-	-	-	-	-	-	-	-	-	-	-	-	-	-	-	-	-	-	-	-	-	-	-	-	-	-	-	-	-	-	-	-	-	-	-	-	-	-	-	-	-	-	-	-	-	-	-	-	-	-	-	-	-	-	-	-	-	-	-	-	-	-	-	-	-	-	-	-	-	-	-	-	-	-	-	-	-	-	-	-	-	-	-	-	-	-	-	-	-	-	-	-	-	-	-	-	-	-	-	-	-	-	-	-	-	-	-	-	-	-	-	-	-	-	-	-	-	G	C	C	T	C	C	-	-	C	T	G	C	G	C	A	G	G	A	A	C	A	G	C	A	A	C	T	G	C	T	A	A	-	-	-	-	-	-	-	-	-	-	-	-	-	-	-	-	-	-	-	-	-	-	-	-	-	-	-	Chordata	Mammalia	Perissodactyla	Equidae	Equus	3.1	0.4	2.7	Monophasic		187	419		0.870967741935484	0.129032258064516	2.24064171122995
equus_caballus	-	-	-	-	-	-	-	-	-	-	-	-	-	-	-	-	-	-	-	-	-	-	-	-	-	-	-	-	-	-	-	-	-	-	-	-	-	-	-	-	-	-	-	-	-	-	-	-	-	-	-	-	-	-	-	-	-	-	-	-	-	-	-	-	-	-	-	-	-	-	-	-	-	-	-	-	-	-	-	-	-	-	-	-	-	-	-	-	-	-	-	-	-	-	-	-	-	-	-	-	-	-	-	-	-	-	-	-	-	-	-	-	-	-	-	-	-	-	-	-	-	-	-	-	-	-	-	-	-	-	-	-	-	-	-	-	-	-	-	-	-	-	-	-	-	-	-	-	-	-	-	-	-	-	-	-	-	-	-	-	-	-	-	-	-	-	-	-	-	-	-	-	-	-	-	-	-	-	-	-	-	-	-	-	-	-	-	-	-	-	-	-	-	-	-	-	-	-	-	-	-	-	-	-	-	-	-	-	-	-	-	-	-	-	-	-	-	-	-	-	-	-	-	-	-	-	-	-	-	-	-	-	-	-	-	-	-	-	-	-	-	-	-	-	-	-	-	-	-	-	-	-	-	-	-	-	-	-	-	-	-	-	-	-	-	-	-	-	-	-	-	-	-	-	-	-	-	-	-	-	-	-	-	-	-	-	-	A	T	G	C	T	G	C	C	T	G	G	C	C	A	C	A	T	C	T	G	C	T	G	T	G	C	A	C	C	C	A	G	A	T	C	T	T	C	C	T	T	G	T	T	C	C	T	G	T	G	C	C	T	G	T	G	G	A	G	G	G	-	-	-	-	-	-	-	-	-	T	C	C	C	T	G	G	G	G	T	G	A	C	C	G	G	C	T	C	T	G	G	C	G	T	G	G	G	A	A	C	A	T	T	G	G	G	G	C	C	C	T	C	G	C	C	C	C	A	C	A	G	T	C	C	T	G	G	T	G	C	T	C	C	G	G	G	G	C	C	T	T	C	C	T	T	G	G	C	T	G	T	C	G	T	G	G	A	G	G	C	T	A	C	T	T	C	T	G	A	A	G	C	T	G	G	G	-	-	-	C	A	C	C	C	C	A	-	A	G	G	T	G	G	C	A	C	C	A	G	C	A	G	C	C	A	G	G	A	T	G	T	C	C	A	C	A	C	A	G	-	-	-	A	G	C	A	T	C	-	-	-	C	A	C	T	A	C	C	T	G	A	A	-	-	G	C	C	C	G	T	G	G	C	C	C	T	G	T	G	C	C	T	G	G	C	A	C	C	T	G	G	G	A	T	C	C	C	A	G	A	G	T	C	C	-	C	C	A	A	G	C	C	G	C	C	A	C	C	G	G	C	G	C	C	A	C	A	C	A	C	T	C	C	C	T	G	C	C	A	G	C	G	A	G	T	T	T	C	G	C	T	G	C	C	T	C	A	C	C	C	C	A	G	A	G	G	A	C	G	C	A	G	C	T	A	G	C	G	T	G	T	T	T	G	A	G	A	T	T	G	A	G	C	G	T	G	-	-	-	-	-	-	A	G	G	C	C	T	T	C	A	T	C	T	C	T	G	T	C	T	C	G	G	G	C	A	C	G	T	G	C	C	C	C	C	T	G	T	A	T	C	T	G	G	A	T	G	A	G	A	T	C	C	G	G	C	A	C	T	T	C	C	T	G	A	C	C	C	T	C	T	G	T	C	C	A	G	A	G	C	T	G	T	C	C	C	T	G	G	G	C	T	G	G	T	T	C	C	A	G	G	A	G	G	G	C	C	G	C	C	T	C	G	T	G	G	C	C	T	T	C	A	T	C	A	T	C	G	G	C	T	C	G	C	T	G	T	G	G	G	A	T	G	A	G	G	A	G	A	G	A	C	T	C	A	C	T	C	A	G	G	A	G	T	C	A	C	T	G	A	C	G	T	T	G	C	A	C	A	G	G	C	C	T	G	G	T	G	G	C	C	G	C	A	C	G	G	C	C	C	A	C	C	T	G	C	A	T	G	T	G	-	-	-	-	-	-	C	T	G	G	C	T	G	T	G	C	A	C	C	A	C	A	C	C	T	T	C	C	G	G	-	-	-	-	-	-	C	A	G	C	A	A	G	G	C	A	A	G	G	G	C	T	C	C	A	T	C	C	T	G	C	T	G	T	G	G	C	G	C	T	A	C	C	T	G	C	A	C	C	A	C	C	T	G	G	G	C	A	G	C	C	A	G	C	C	C	A	C	C	G	T	G	C	G	C	C	G	G	G	-	-	-	-	-	-	-	-	-	C	C	G	T	G	C	T	C	A	T	G	T	G	C	G	A	G	G	A	C	A	C	A	C	T	G	G	T	G	C	C	C	T	T	C	T	A	C	G	A	G	-	-	-	-	-	-	A	G	G	T	T	C	-	-	-	-	-	-	-	-	-	G	G	C	T	T	C	T	A	C	C	C	T	G	T	G	G	G	C	C	C	A	T	G	C	G	C	C	A	T	C	A	C	T	G	T	G	G	G	C	T	C	A	C	T	C	G	C	C	T	T	C	A	C	G	G	A	G	C	T	C	C	A	G	T	G	C	T	C	C	C	T	G	C	G	C	A	G	C	C	A	T	-	-	-	-	-	-	-	-	-	-	-	-	-	-	-	-	-	-	-	-	-	-	-	-	-	-	-	-	-	-	-	-	-	-	-	-	-	-	-	-	-	-	-	-	-	-	-	-	-	-	-	-	-	-	-	-	-	-	-	-	-	-	-	-	-	-	-	-	-	-	-	-	-	-	-	-	-	-	-	-	-	-	-	-	-	-	-	-	-	-	-	-	-	-	-	-	-	-	-	-	-	-	-	-	-	-	-	-	-	-	-	-	-	-	-	-	-	-	-	-	-	-	-	-	-	-	-	-	-	-	-	-	-	-	-	-	-	-	-	G	C	C	T	C	C	-	-	C	T	G	C	G	C	A	G	G	A	A	C	A	G	C	A	A	C	T	G	C	T	A	A	-	-	-	-	-	-	-	-	-	-	-	-	-	-	-	-	-	-	-	-	-	-	-	-	-	-	-	Chordata	Mammalia	Perissodactyla	Equidae	Equus	2.9	0.6	2.3	Monophasic	nocturnal	521	655	337	0.793103448275862	0.206896551724138	1.25719769673704
camelus_dromedarius	-	-	-	-	-	-	-	-	-	-	-	-	-	-	-	-	-	-	-	-	-	-	-	-	-	-	-	-	-	-	-	-	-	-	-	-	-	-	-	-	-	-	-	-	-	-	-	-	-	-	-	-	-	-	-	-	-	-	-	-	-	-	-	-	-	-	-	-	-	-	-	-	-	-	-	-	-	-	-	-	-	-	-	-	-	-	-	-	-	-	-	-	-	-	-	-	-	-	-	-	-	-	-	-	-	-	-	-	-	-	-	-	-	-	-	-	-	-	-	-	-	-	-	-	-	-	-	-	-	-	-	-	-	-	-	-	-	-	-	-	-	-	-	-	-	-	-	-	-	-	-	-	-	-	-	-	-	-	-	-	-	-	-	-	-	-	-	-	-	-	-	-	-	-	-	-	-	-	-	-	-	-	-	-	-	-	-	-	-	-	-	-	-	-	-	-	-	-	-	-	-	-	-	-	-	-	-	-	-	-	-	-	-	-	-	-	-	-	-	-	-	-	-	-	-	-	-	-	-	-	-	-	-	-	-	-	-	-	-	-	-	-	-	-	-	-	-	-	-	-	-	-	-	-	-	-	-	-	-	-	-	-	-	-	-	-	-	-	-	-	-	-	-	-	-	-	-	-	-	-	-	-	-	-	-	-	-	-	-	-	-	-	-	-	-	-	-	-	-	-	-	-	-	-	-	-	-	-	-	-	-	-	-	-	-	-	-	-	-	-	-	-	-	-	-	-	-	-	-	-	-	-	-	-	-	-	-	-	-	-	-	-	-	-	-	-	-	-	-	-	-	-	-	-	-	-	-	-	-	-	-	-	-	-	-	-	-	-	-	-	-	-	-	-	-	-	-	-	-	-	-	-	-	-	-	-	-	-	-	-	-	-	-	-	-	-	-	-	-	-	-	-	-	-	-	-	-	-	-	-	-	-	-	-	G	T	G	C	T	G	A	G	G	G	G	T	C	C	T	C	C	T	T	A	T	C	C	-	-	-	-	-	-	C	A	G	G	C	C	A	C	T	T	C	T	G	A	A	G	C	T	G	G	G	-	-	-	G	C	C	C	C	C	A	G	A	G	G	T	G	G	A	G	G	T	A	G	C	A	G	C	C	A	G	G	A	T	G	T	C	C	A	C	T	C	A	G	-	-	-	A	G	C	A	T	C	-	-	-	T	A	C	T	A	C	C	T	A	A	A	-	-	G	C	C	C	G	T	G	A	C	T	C	T	G	C	A	C	C	T	G	C	C	C	C	C	T	G	G	G	A	T	C	C	C	C	G	A	G	T	C	C	-	C	C	G	A	G	T	C	G	C	C	A	G	C	G	G	C	G	C	C	A	C	A	C	A	C	T	C	C	C	T	G	C	C	A	G	T	G	A	G	T	T	T	C	G	C	T	G	C	C	T	C	A	C	C	C	C	A	G	A	G	G	A	T	G	C	T	G	C	C	G	G	G	G	T	G	T	T	T	G	A	G	A	T	T	G	A	G	C	G	T	G	-	-	-	-	-	-	A	A	G	C	C	T	T	C	A	T	C	T	C	T	G	T	C	T	C	G	G	G	C	A	T	C	T	G	C	C	C	C	C	T	G	A	A	T	C	T	G	G	A	C	G	A	G	G	T	C	C	G	G	C	A	C	T	T	C	C	T	G	A	C	C	C	T	C	T	G	T	C	C	T	G	A	G	C	T	G	T	C	C	C	T	G	G	G	C	T	G	G	T	T	C	G	T	G	G	A	G	G	G	C	C	G	C	C	T	T	G	T	G	G	C	C	T	T	C	A	T	C	A	T	T	G	G	C	T	C	C	C	T	G	T	G	G	G	A	C	A	A	G	G	A	G	A	G	A	C	T	C	A	C	T	C	A	G	G	A	G	T	C	G	C	T	G	A	C	G	C	T	G	C	A	C	A	G	G	C	C	C	G	G	G	G	G	C	C	G	C	A	C	A	G	C	G	C	A	C	C	T	G	C	A	C	G	T	G	-	-	-	-	-	-	C	T	G	G	C	C	G	T	G	C	A	C	C	G	C	A	C	C	T	T	C	C	G	G	-	-	-	-	-	-	C	A	G	C	A	G	G	G	C	A	A	G	G	G	C	T	C	C	A	T	C	C	T	G	C	T	C	T	G	G	C	G	C	T	A	C	C	T	G	C	A	C	C	A	C	C	T	G	G	G	C	G	G	C	C	A	G	C	C	A	G	C	T	G	T	G	C	G	C	C	G	G	G	-	-	-	-	-	-	-	-	-	C	C	G	T	G	C	T	C	A	T	G	T	G	C	G	A	G	G	A	C	C	C	A	C	T	G	G	T	G	C	C	C	T	T	C	T	A	C	G	A	G	-	-	-	-	-	-	A	G	G	T	T	C	-	-	-	-	-	-	-	-	-	G	G	T	T	T	C	C	A	C	C	C	C	G	T	G	G	G	C	C	C	G	T	G	C	G	A	T	G	T	C	A	C	C	G	T	G	G	G	C	T	C	A	C	T	G	G	C	C	T	T	C	A	C	G	G	A	G	C	T	C	C	A	G	T	G	T	T	C	C	C	T	G	T	G	G	G	G	C	C	A	C	-	-	-	-	-	-	-	-	-	-	-	-	-	-	-	-	-	-	-	-	-	-	-	-	-	-	-	-	-	-	-	-	-	-	-	-	-	-	-	-	-	-	-	-	-	-	-	-	-	-	-	-	-	-	-	-	-	-	-	-	-	-	-	-	-	-	-	-	-	-	-	-	-	-	-	-	-	-	-	-	-	-	-	-	-	-	-	-	-	-	-	-	-	-	-	-	-	-	-	-	-	-	-	-	-	-	-	-	-	-	-	-	-	-	-	-	-	-	-	-	-	-	-	-	-	-	-	-	-	-	-	-	-	-	-	-	-	-	-	A	C	C	T	C	C	-	-	C	T	G	C	G	C	A	G	G	A	A	C	A	G	T	G	A	C	T	G	C	T	G	A	-	-	-	-	-	-	-	-	-	-	-	-	-	-	-	-	-	-	-	-	-	-	-	-	-	-	-	Chordata	Mammalia	Artiodactyla	Camelidae	Camelus	1.7	0.5	1.2	Polyphasic	diurnal	467			0.705882352941177	0.294117647058824	
delphinapterus_leucas	-	-	-	-	-	-	-	-	-	-	-	-	-	-	-	-	-	-	-	-	-	-	-	-	-	-	-	-	-	-	-	-	-	-	-	-	-	-	-	-	-	-	-	-	-	-	-	-	-	-	-	-	-	-	-	-	-	-	-	-	-	-	-	-	-	-	-	-	-	-	-	-	-	-	-	-	-	-	-	-	-	-	-	-	-	-	-	-	-	-	-	-	-	-	-	-	-	-	-	-	-	-	-	-	-	-	-	-	-	-	-	-	-	-	-	-	-	-	-	-	-	-	-	-	-	-	-	-	-	-	-	-	-	-	-	-	-	-	-	-	-	-	-	-	-	-	-	-	-	-	-	-	-	-	-	-	-	-	-	-	-	-	-	-	-	-	-	-	-	-	-	-	-	-	-	-	-	-	-	-	-	-	-	-	-	-	-	-	-	-	-	-	-	-	-	-	-	-	-	-	-	-	-	-	-	-	-	-	-	-	-	-	-	-	-	-	-	-	-	-	-	-	-	-	-	-	-	-	-	-	-	-	-	-	-	-	-	-	-	-	-	-	-	-	-	-	-	-	-	-	-	-	-	-	-	-	-	-	-	-	-	-	-	-	-	-	-	-	-	-	-	-	-	-	-	-	-	-	-	-	-	-	-	-	-	-	-	-	-	-	-	-	-	-	-	-	-	-	-	-	-	-	-	-	-	-	-	-	-	-	-	-	-	-	-	-	-	-	-	-	-	-	-	-	-	-	-	-	-	-	-	-	-	-	-	-	-	-	-	-	-	-	-	-	-	-	-	-	-	-	-	-	-	-	-	-	-	-	-	-	-	-	-	-	-	-	-	-	-	-	-	-	-	-	-	-	-	-	-	-	-	-	-	-	-	-	-	-	-	-	-	-	-	-	-	-	-	-	-	-	-	-	-	-	-	-	-	-	-	-	-	-	-	-	-	-	-	-	-	-	-	-	-	-	-	-	-	-	-	-	-	-	-	-	-	-	-	-	-	-	-	-	-	-	-	-	-	-	-	-	-	-	-	-	-	-	-	-	-	-	-	-	-	-	-	-	-	-	-	-	-	-	-	-	-	-	-	-	-	-	-	-	-	-	-	-	-	-	-	-	-	-	-	-	-	A	G	G	T	C	C	A	C	T	C	A	G	-	-	-	A	G	C	A	T	C	-	-	-	C	A	C	T	A	C	C	T	G	A	A	-	-	G	C	C	T	G	T	G	G	C	T	C	T	G	C	G	C	C	T	G	C	C	A	C	C	T	G	G	G	A	T	C	C	C	A	G	A	G	T	C	C	-	C	C	A	A	G	T	C	A	C	C	A	G	C	G	G	C	G	C	C	A	C	A	C	A	C	T	C	C	C	C	A	C	C	-	-	-	G	A	G	T	T	T	T	G	C	T	G	C	C	T	C	A	C	C	C	C	A	G	A	G	G	A	T	G	C	T	C	C	T	G	G	C	A	T	G	T	C	T	G	A	G	A	T	T	G	A	G	G	C	C	G	G	C	T	C	C	A	C	A	G	C	C	T	T	G	A	T	C	T	C	T	G	T	C	T	C	G	G	G	C	A	T	C	T	G	C	C	C	C	C	T	G	A	A	C	C	T	G	G	A	C	C	A	G	G	T	C	C	G	G	C	A	C	T	T	C	C	T	G	G	C	C	C	T	G	T	G	T	C	C	T	G	A	G	C	T	G	T	C	C	C	T	G	G	A	C	T	G	G	T	T	C	G	T	G	G	A	G	G	G	C	C	G	C	C	T	C	G	T	G	G	C	C	T	T	C	A	T	C	G	T	C	G	G	C	T	C	C	C	T	G	T	G	G	G	C	T	G	A	G	G	A	G	A	G	A	C	T	C	A	C	T	C	T	G	G	-	-	-	-	-	-	T	G	A	-	-	-	-	G	G	A	A	G	G	G	G	C	T	G	G	G	G	G	C	A	G	A	G	A	T	G	C	C	C	A	G	C	C	C	C	A	G	G	A	G	G	G	C	C	T	C	C	G	G	G	G	G	A	G	A	G	G	C	-	-	C	A	C	T	G	C	C	C	G	A	T	G	G	C	G	C	C	A	G	C	A	G	G	G	C	A	A	G	G	G	C	T	C	C	G	T	C	C	T	G	C	T	C	C	G	G	C	G	C	C	A	C	C	T	G	C	A	C	C	A	C	C	T	G	G	G	C	G	G	C	C	A	T	C	C	G	G	G	C	A	T	G	C	A	C	C	T	G	G	-	-	-	-	-	-	-	-	-	C	C	A	T	G	C	T	C	A	C	G	T	G	C	G	A	G	G	A	C	A	G	G	C	T	G	G	T	G	C	C	C	T	T	C	T	A	C	C	A	G	-	-	-	-	-	-	A	G	G	T	T	T	-	-	-	-	-	-	-	-	-	G	G	C	T	T	C	C	A	C	C	C	C	G	T	G	G	G	C	C	C	G	T	G	T	T	-	-	-	-	-	-	C	T	G	T	G	G	G	C	T	C	A	C	T	C	G	C	C	T	T	C	G	-	G	G	A	G	A	T	G	C	A	G	T	G	C	T	C	C	C	T	G	C	G	G	G	G	C	C	A	C	C	G	T	C	C	T	C	A	C	C	A	A	A	G	G	A	G	C	C	G	G	G	T	G	C	C	C	A	G	G	G	G	G	C	C	C	T	T	A	T	T	C	C	C	C	C	A	G	G	C	C	C	A	G	G	G	C	T	G	C	C	C	C	T	T	C	C	C	A	T	C	C	T	C	A	T	C	C	C	T	G	G	A	A	T	G	G	A	G	G	C	A	G	C	C	G	G	G	A	G	C	A	G	G	G	A	A	G	G	G	C	A	G	G	G	G	C	C	A	C	C	T	C	C	C	A	G	C	T	C	C	C	C	C	A	C	C	C	A	C	C	C	A	C	C	-	-	C	T	G	G	G	C	A	C	C	C	A	C	G	G	T	T	A	C	T	G	T	G	G	G	T	C	C	T	C	T	G	T	C	C	C	A	C	G	G	G	G	T	G	T	G	G	G	A	T	G	A	Chordata	Mammalia	Artiodactyla	Monodontidae	Delphinapterus	8				diurnal						
tursiops_truncatus	-	-	-	-	-	-	-	-	-	-	-	-	-	-	-	-	-	-	-	-	-	-	-	-	-	-	-	-	-	-	-	-	-	-	-	-	-	-	-	-	-	-	-	-	-	-	-	-	-	-	-	-	-	-	-	-	-	-	-	-	-	-	-	-	-	-	-	-	-	-	-	-	-	-	-	-	-	-	-	-	-	-	-	-	-	-	-	-	-	-	-	-	-	-	-	-	-	-	-	-	-	-	-	-	-	-	-	-	-	-	-	-	-	-	-	-	-	-	-	-	-	-	-	-	-	-	-	-	-	-	-	-	-	-	-	-	-	-	-	-	-	-	-	-	-	-	-	-	-	-	-	-	-	-	-	-	-	-	-	-	-	-	-	-	-	-	-	-	-	-	-	-	-	-	-	-	-	-	-	-	-	-	-	-	-	-	-	-	-	-	-	-	-	-	-	-	-	-	-	-	-	-	-	-	-	-	-	-	-	-	-	-	-	-	-	-	-	-	-	-	-	-	-	-	-	-	-	-	-	-	-	-	-	-	-	-	-	-	-	-	-	-	-	-	-	-	-	-	-	-	-	-	-	-	-	-	-	-	-	-	-	-	-	-	-	-	-	-	-	-	-	-	-	-	-	-	-	-	-	-	-	-	-	-	-	-	-	-	-	-	-	-	-	-	-	-	-	-	-	-	-	-	-	-	-	-	-	-	-	-	-	-	-	-	-	-	-	-	-	-	-	-	-	-	-	-	-	-	-	-	-	-	-	-	-	-	-	-	-	-	-	-	-	-	-	-	-	-	-	-	-	-	-	-	-	-	-	-	-	-	-	-	-	-	-	-	-	-	-	-	-	-	-	-	-	-	-	-	-	-	-	-	-	-	-	-	-	-	-	-	-	-	-	-	-	-	-	-	-	-	-	-	-	-	-	-	-	-	-	-	-	-	-	-	-	-	-	-	-	-	-	-	-	-	-	-	-	-	-	-	-	-	-	-	-	-	-	-	-	-	-	-	-	-	-	-	-	-	-	-	-	-	-	-	-	-	-	-	-	-	-	-	-	-	-	-	-	-	-	-	-	-	-	-	-	-	-	-	-	-	-	-	-	-	-	-	-	-	-	-	-	-	-	-	-	A	G	G	T	C	C	A	C	T	C	A	G	-	-	-	A	G	C	A	T	C	-	-	-	C	A	C	T	A	C	C	T	A	A	A	-	-	G	C	C	T	G	T	G	G	C	T	C	T	G	C	G	C	C	T	G	C	C	A	C	C	T	G	G	G	A	T	C	C	C	A	G	A	G	T	C	C	-	C	C	A	A	G	T	C	A	C	C	A	G	C	G	G	C	G	C	C	A	C	A	C	A	C	T	C	C	C	C	A	C	C	-	-	-	G	A	G	T	T	T	T	G	C	T	G	C	C	T	C	A	C	C	C	C	A	G	A	G	G	A	T	G	C	T	C	C	T	G	G	C	G	T	G	A	C	T	G	A	G	A	T	T	G	A	G	G	-	-	-	-	-	-	-	-	-	A	G	G	C	C	T	T	C	A	T	C	T	C	T	G	T	C	T	C	G	G	G	C	A	T	C	T	G	C	C	C	C	C	T	G	A	A	C	C	T	G	G	A	C	C	A	G	G	T	C	C	G	G	C	A	C	T	T	C	C	T	G	G	C	C	C	T	G	T	G	T	C	C	T	G	A	G	C	T	G	T	C	C	C	T	G	G	A	C	T	G	G	T	T	C	G	T	G	G	A	G	G	G	C	C	G	C	C	T	C	G	T	G	G	C	C	T	T	C	A	T	C	G	T	C	G	G	C	T	C	C	C	T	G	T	G	G	G	C	T	G	A	G	G	A	G	A	G	A	C	T	C	A	C	T	C	T	G	G	A	G	T	C	G	C	T	G	A	C	A	C	T	G	C	A	C	A	G	G	C	C	C	G	G	G	G	G	C	C	G	C	A	C	A	G	C	C	C	A	C	C	T	G	C	A	C	G	T	G	-	-	-	-	-	-	C	T	G	G	C	C	G	T	G	C	A	C	-	-	C	A	C	C	T	C	C	G	G	A	-	-	-	-	-	-	-	G	G	C	A	G	G	G	C	A	A	G	G	G	C	T	C	C	A	T	C	C	T	G	C	T	C	C	G	G	C	G	C	C	A	C	C	T	G	C	A	C	C	A	C	C	T	G	G	G	C	G	G	C	C	A	T	C	C	A	G	G	C	G	T	G	C	A	C	C	T	G	G	-	-	-	-	-	-	-	-	-	C	T	G	T	G	C	T	C	A	C	A	T	T	C	-	-	-	G	A	C	A	G	G	C	T	G	G	T	G	C	C	C	-	-	-	-	-	-	-	-	-	-	-	-	-	-	-	-	-	-	-	-	-	-	-	-	-	-	-	-	-	-	-	-	-	-	-	-	-	-	-	-	-	-	-	-	-	-	-	-	-	-	-	-	-	-	-	-	-	-	-	-	-	-	-	-	-	-	-	-	-	-	-	-	-	-	-	-	-	-	-	-	-	-	-	-	-	-	-	-	-	-	-	-	-	-	-	-	-	-	-	-	-	-	-	-	-	-	-	-	-	-	-	-	-	-	-	-	-	-	-	-	-	-	-	-	-	-	-	-	-	-	-	-	-	-	-	-	-	-	-	-	-	-	-	-	-	-	-	-	-	-	-	-	-	-	-	-	-	-	-	-	-	-	-	-	-	-	-	-	-	-	-	-	-	-	-	-	-	-	-	-	-	-	-	-	-	-	-	-	-	-	-	-	-	-	-	-	-	-	-	-	-	-	-	-	-	-	-	-	-	-	-	-	-	-	-	-	-	-	-	-	-	-	-	-	-	-	-	-	-	-	-	-	-	-	-	-	-	-	-	-	-	-	-	-	-	-	-	-	-	-	-	-	-	-	-	-	-	-	-	-	-	-	-	-	-	-	-	-	-	-	-	-	-	-	-	-	-	-	-	-	-	-	-	-	-	-	-	-	-	-	-	-	-	-	-	-	-	-	-	-	-	-	-	-	-	-	-	-	-	Chordata	Mammalia	Artiodactyla	Delphinidae	Tursiops	10.4				diurnal	400					
