	V1	V2	V3	V4	V5	V6	V7	V8	V9	V10	V11	V12	V13	V14	V15	V16	V17	V18	V19	V20	V21	V22	V23	V24	V25	V26	V27	V28	V29	V30	V31	V32	V33	V34	V35	V36	V37	V38	V39	V40	V41	V42	V43	V44	V45	V46	V47	V48	V49	V50	V51	V52	V53	V54	V55	V56	V57	V58	V59	V60	V61	V62	V63	V64	V65	V66	V67	V68	V69	V70	V71	V72	V73	V74	V75	V76	V77	V78	V79	V80	V81	V82	V83	V84	V85	V86	V87	V88	V89	V90	V91	V92	V93	V94	V95	V96	V97	V98	V99	V100	V101	V102	V103	V104	V105	V106	V107	V108	V109	V110	V111	V112	V113	V114	V115	V116	V117	V118	V119	V120	V121	V122	V123	V124	V125	V126	V127	V128	V129	V130	V131	V132	V133	V134	V135	V136	V137	V138	V139	V140	V141	V142	V143	V144	V145	V146	V147	V148	V149	V150	V151	V152	V153	V154	V155	V156	V157	V158	V159	V160	V161	V162	V163	V164	V165	V166	V167	V168	V169	V170	V171	V172	V173	V174	V175	V176	V177	V178	V179	V180	V181	V182	V183	V184	V185	V186	V187	V188	V189	V190	V191	V192	V193	V194	V195	V196	V197	V198	V199	V200	V201	V202	V203	V204	V205	V206	V207	V208	V209	V210	V211	V212	V213	V214	V215	V216	V217	V218	V219	V220	V221	V222	V223	V224	V225	V226	V227	V228	V229	V230	V231	V232	V233	V234	V235	V236	V237	V238	V239	V240	V241	V242	V243	V244	V245	V246	V247	V248	V249	V250	V251	V252	V253	V254	V255	V256	V257	V258	V259	V260	V261	V262	V263	V264	V265	V266	V267	V268	V269	V270	V271	V272	V273	V274	V275	V276	V277	V278	V279	V280	V281	V282	V283	V284	V285	V286	V287	V288	V289	V290	V291	V292	V293	V294	V295	V296	V297	V298	V299	V300	V301	V302	V303	V304	V305	V306	V307	V308	V309	V310	V311	V312	V313	V314	V315	V316	V317	V318	V319	V320	V321	V322	V323	V324	V325	V326	V327	V328	V329	V330	V331	V332	V333	V334	V335	V336	V337	V338	V339	V340	V341	V342	V343	V344	V345	V346	V347	V348	V349	V350	V351	V352	V353	V354	V355	V356	V357	V358	V359	V360	V361	V362	V363	V364	V365	V366	V367	V368	V369	V370	V371	V372	V373	V374	V375	V376	V377	V378	V379	V380	V381	V382	V383	V384	V385	V386	V387	V388	V389	V390	V391	V392	V393	V394	V395	V396	V397	V398	V399	V400	V401	V402	V403	V404	V405	V406	V407	V408	V409	V410	V411	V412	V413	V414	V415	V416	V417	V418	V419	V420	V421	V422	V423	V424	V425	V426	V427	V428	V429	V430	V431	V432	V433	V434	V435	V436	V437	V438	V439	V440	V441	V442	V443	V444	V445	V446	V447	V448	V449	V450	V451	V452	V453	V454	V455	V456	V457	V458	V459	V460	V461	V462	V463	V464	V465	V466	V467	V468	V469	V470	V471	V472	V473	V474	V475	V476	V477	V478	V479	V480	V481	V482	V483	V484	V485	V486	V487	V488	V489	V490	V491	V492	V493	V494	V495	V496	V497	V498	V499	V500	V501	V502	V503	V504	V505	V506	V507	V508	V509	V510	V511	V512	V513	V514	V515	V516	V517	V518	V519	V520	V521	V522	V523	V524	V525	V526	CDS_23559127	CDS_23559128	CDS_23559129	CDS_23559130	CDS_23559131	CDS_23559132	CDS_23559133	CDS_23559134	CDS_23559135	CDS_23559136	CDS_23559137	CDS_23559138	CDS_23559139	CDS_23559140	CDS_23559141	CDS_23559142	CDS_23559143	CDS_23559144	CDS_23559145	CDS_23559146	CDS_23559147	CDS_23559148	CDS_23559149	CDS_23559150	V551	V552	V553	V554	V555	V556	V557	V558	V559	CDS_23559151	CDS_23559152	CDS_23559153	CDS_23559154	CDS_23559155	CDS_23559156	CDS_23559157	CDS_23559158	CDS_23559159	CDS_23559160	CDS_23559161	CDS_23559162	CDS_23559163	CDS_23559164	CDS_23559165	CDS_23559166	CDS_23559167	CDS_23559168	CDS_23559169	CDS_23559170	CDS_23559171	CDS_23559172	CDS_23559173	CDS_23559174	CDS_23559175	CDS_23559176	CDS_23559177	CDS_23559178	CDS_23559179	CDS_23559180	CDS_23559181	CDS_23559182	CDS_23559183	CDS_23559184	CDS_23559185	CDS_23559186	CDS_23559187	CDS_23559188	CDS_23559189	CDS_23559190	CDS_23559191	V601	V602	V603	V604	CDS_23559192	CDS_23559193	CDS_23559194	CDS_23559195	CDS_23559196	CDS_23559197	CDS_23559198	CDS_23559199	CDS_23559200	CDS_23559201	CDS_23559202	CDS_23559203	CDS_23559204	CDS_23559205	CDS_23559206	CDS_23559207	CDS_23559208	CDS_23559209	CDS_23559210	V624	V625	V626	CDS_23559211	CDS_23559212	CDS_23559213	CDS_23559214	CDS_23559215	CDS_23559216	CDS_23559217	CDS_23559218	CDS_23559219	CDS_23559220	CDS_23559221	CDS_23559222	CDS_23559223	CDS_23559224	CDS_23559225	CDS_23559226	CDS_23559227	CDS_23559228	CDS_23559229	CDS_23559230	CDS_23559231	CDS_23559232	CDS_23559233	CDS_23559234	CDS_23559235	CDS_23559236	CDS_23559237	CDS_23559238	CDS_23559239	CDS_23559240	CDS_23559241	CDS_23559242	CDS_23559243	CDS_23559244	CDS_23559245	CDS_23559246	CDS_23559247	CDS_23559248	CDS_23559249	CDS_23559250	CDS_23559251	CDS_23559252	CDS_23559253	CDS_23559254	CDS_23559255	CDS_23559256	CDS_23559257	CDS_23559258	CDS_23559259	CDS_23559260	CDS_23559261	CDS_23559262	CDS_23559263	CDS_23559264	CDS_23559265	CDS_23559266	CDS_23559267	CDS_23559268	CDS_23559269	CDS_23559270	CDS_23559271	CDS_23559272	CDS_23559273	CDS_23559274	CDS_23559275	CDS_23559276	CDS_23559277	CDS_23559278	CDS_23559279	CDS_23559280	CDS_23559281	CDS_23559282	CDS_23559283	CDS_23559284	CDS_23559285	CDS_23559286	CDS_23559287	CDS_23559288	CDS_23559289	CDS_23559290	CDS_23559291	CDS_23559292	CDS_23559293	CDS_23559294	CDS_23559295	CDS_23559296	CDS_23559297	CDS_23559298	CDS_23559299	CDS_23559300	CDS_23559301	CDS_23559302	CDS_23559303	CDS_23559304	CDS_23559305	CDS_23559306	CDS_23559307	CDS_23559308	CDS_23559309	CDS_23559310	CDS_23559311	CDS_23559312	CDS_23559313	CDS_23559314	CDS_23559315	CDS_23559316	CDS_23559317	CDS_23559318	CDS_23559319	CDS_23559320	CDS_23559321	CDS_23559322	CDS_23559323	CDS_23559324	CDS_23559325	CDS_23559326	CDS_23559327	CDS_23559328	CDS_23559329	CDS_23559330	CDS_23559331	CDS_23559332	CDS_23559333	CDS_23559334	CDS_23559335	CDS_23559336	CDS_23559337	CDS_23559338	CDS_23559339	CDS_23559340	CDS_23559341	CDS_23559342	CDS_23559343	CDS_23559344	CDS_23559345	CDS_23559346	CDS_23559347	CDS_23559348	CDS_23559349	CDS_23559350	CDS_23559351	CDS_23559352	CDS_23559353	CDS_23559354	CDS_23559355	CDS_23559356	CDS_23559357	CDS_23559358	CDS_23559359	CDS_23559360	CDS_23559361	CDS_23559362	CDS_23559363	CDS_23559364	CDS_23559365	CDS_23559366	CDS_23559367	CDS_23559368	CDS_23559369	CDS_23559370	CDS_23559371	CDS_23559372	CDS_23559373	CDS_23559374	CDS_23559375	CDS_23559376	CDS_23559377	V794	V795	V796	CDS_23559378	V798	V799	V800	V801	V802	V803	V804	V805	V806	V807	V808	V809	V810	V811	V812	V813	V814	V815	V816	V817	V818	V819	V820	V821	V822	V823	V824	V825	V826	V827	V828	V829	V830	V831	V832	V833	V834	V835	V836	V837	V838	V839	V840	V841	V842	V843	V844	V845	V846	V847	V848	V849	V850	V851	V852	V853	V854	V855	V856	V857	V858	V859	V860	V861	V862	V863	V864	V865	V866	V867	V868	V869	V870	V871	V872	V873	V874	V875	V876	V877	V878	V879	V880	V881	V882	V883	V884	V885	V886	V887	V888	V889	V890	V891	V892	V893	CDS_23559379	CDS_23559380	CDS_23559381	CDS_23559382	CDS_23559383	CDS_23559384	V900	V901	V902	V903	V904	V905	V906	V907	V908	V909	V910	V911	V912	V913	V914	V915	V916	V917	V918	V919	V920	V921	V922	V923	V924	V925	V926	V927	V928	V929	V930	V931	CDS_23559385	CDS_23559386	CDS_23559387	CDS_23559388	CDS_23559389	V937	V938	V939	CDS_23559390	CDS_23559391	CDS_23559392	CDS_23559393	CDS_23559394	CDS_23559395	CDS_23559396	CDS_23559397	V948	V949	V950	V951	V952	V953	V954	V955	V956	CDS_23559398	CDS_23559399	CDS_23559400	CDS_23559401	CDS_23559402	CDS_23559403	CDS_23559404	V964	V965	V966	V967	V968	V969	V970	V971	V972	V973	V974	V975	V976	CDS_23559405	CDS_23559406	CDS_23559407	CDS_23559408	CDS_23559409	CDS_23559410	CDS_23559411	CDS_23559412	CDS_23559413	CDS_23559414	CDS_23559415	CDS_23559416	CDS_23559417	CDS_23559418	CDS_23559419	CDS_23559420	CDS_23559421	CDS_23559422	CDS_23559423	V996	V997	V998	V999	V1000	V1001	V1002	V1003	V1004	V1005	V1006	V1007	V1008	V1009	V1010	V1011	V1012	V1013	V1014	V1015	V1016	V1017	V1018	V1019	V1020	V1021	V1022	V1023	V1024	V1025	V1026	V1027	V1028	V1029	V1030	V1031	V1032	V1033	V1034	V1035	V1036	V1037	V1038	V1039	V1040	V1041	V1042	V1043	V1044	V1045	V1046	V1047	V1048	V1049	V1050	V1051	V1052	V1053	V1054	V1055	V1056	V1057	V1058	V1059	V1060	V1061	V1062	V1063	V1064	V1065	V1066	V1067	V1068	V1069	V1070	V1071	V1072	V1073	V1074	V1075	V1076	V1077	V1078	V1079	V1080	V1081	V1082	V1083	V1084	V1085	V1086	V1087	V1088	V1089	V1090	V1091	V1092	V1093	V1094	V1095	V1096	V1097	V1098	V1099	V1100	V1101	V1102	V1103	V1104	V1105	V1106	V1107	V1108	V1109	V1110	V1111	V1112	CDS_23559424	CDS_23559425	CDS_23559426	V1116	V1117	CDS_23558960	V1119	V1120	V1121	V1122	V1123	V1124	V1125	V1126	V1127	V1128	V1129	V1130	V1131	V1132	CDS_23558961	CDS_23558962	CDS_23558963	CDS_23558964	CDS_23558965	V1138	V1139	V1140	V1141	V1142	V1143	V1144	V1145	V1146	V1147	V1148	V1149	V1150	V1151	V1152	V1153	V1154	V1155	CDS_23558966	CDS_23558967	CDS_23558968	CDS_23558969	CDS_23558970	CDS_23558971	CDS_23558972	V1163	V1164	V1165	V1166	V1167	V1168	CDS_23558973	CDS_23558974	CDS_23558975	CDS_23558976	CDS_23558977	CDS_23558978	CDS_23558979	CDS_23558980	V1177	V1178	V1179	V1180	V1181	V1182	V1183	V1184	V1185	V1186	V1187	V1188	V1189	V1190	V1191	V1192	CDS_23558981	CDS_23558982	CDS_23558983	CDS_23558984	V1197	V1198	V1199	V1200	V1201	V1202	V1203	V1204	CDS_23558985	CDS_23558986	CDS_23558987	CDS_23558988	CDS_23558989	CDS_23558990	CDS_23558991	CDS_23558992	CDS_23558993	CDS_23558994	CDS_23558995	CDS_23558996	CDS_23558997	CDS_23558998	CDS_23558999	CDS_23559000	CDS_23559001	CDS_23559002	CDS_23559003	CDS_23559004	CDS_23559005	CDS_23559006	CDS_23559007	V1228	V1229	V1230	V1231	V1232	V1233	CDS_23559008	CDS_23559009	CDS_23559010	V1237	V1238	V1239	V1240	V1241	V1242	V1243	V1244	V1245	V1246	V1247	V1248	V1249	V1250	V1251	CDS_23559011	CDS_23559012	V1254	V1255	CDS_23559013	CDS_23559014	CDS_23559015	CDS_23559016	CDS_23559017	CDS_23559018	CDS_23559019	V1263	V1264	V1265	V1266	V1267	V1268	V1269	V1270	V1271	V1272	V1273	V1274	V1275	V1276	V1277	V1278	V1279	V1280	V1281	V1282	V1283	V1284	V1285	V1286	V1287	V1288	V1289	V1290	V1291	V1292	V1293	V1294	V1295	V1296	V1297	V1298	V1299	V1300	V1301	V1302	V1303	V1304	V1305	V1306	V1307	V1308	V1309	V1310	V1311	V1312	V1313	V1314	V1315	V1316	V1317	V1318	V1319	V1320	V1321	V1322	V1323	V1324	V1325	V1326	V1327	V1328	V1329	V1330	V1331	V1332	V1333	V1334	V1335	V1336	V1337	V1338	V1339	V1340	V1341	V1342	V1343	V1344	V1345	V1346	V1347	V1348	V1349	V1350	phylum	class	order	family	genus	Total_sleep	REM	NREM	phase_of_sleep	activity_pattern	body_mass	brain_mass	gestation	NREM_ratio	REM_ratio	weight_ratio
drosophila_melanogaster	-	-	-	-	-	-	-	-	-	-	-	-	-	-	-	-	-	-	-	-	-	-	-	-	-	-	-	-	-	-	-	-	-	-	-	-	-	-	-	-	-	-	-	-	-	-	-	-	-	-	-	-	-	-	-	-	-	-	-	-	-	-	-	-	-	-	-	-	-	-	-	-	-	-	-	-	-	-	-	-	-	-	-	-	-	-	-	-	-	-	-	-	-	-	-	-	-	-	-	-	-	-	-	-	-	-	-	-	-	-	-	-	-	-	-	-	-	-	-	-	-	-	-	-	-	-	-	-	-	-	-	-	-	-	-	-	-	-	-	-	-	-	-	-	-	-	-	-	-	-	-	-	-	-	-	-	-	-	-	-	-	-	-	-	-	-	-	-	-	-	-	-	-	-	-	-	-	-	-	-	-	-	-	-	-	-	-	-	-	-	-	-	-	-	-	-	-	-	-	-	-	-	-	-	-	-	-	-	-	-	-	-	-	-	-	-	-	-	-	-	-	-	-	-	-	-	-	-	-	-	-	-	-	-	-	-	-	-	-	-	-	-	-	-	-	-	-	-	-	-	-	-	-	-	-	-	-	-	-	-	-	-	-	-	-	-	-	-	-	-	-	-	-	-	-	-	-	-	-	-	-	-	-	-	-	-	-	-	-	-	-	-	-	-	-	-	-	-	-	-	-	-	-	-	-	-	-	-	-	-	-	-	-	-	-	-	-	-	-	-	-	-	-	-	-	-	-	-	-	-	-	-	-	-	-	-	-	-	-	-	-	-	-	-	-	-	-	-	-	-	-	-	-	-	-	-	-	-	-	-	-	-	-	-	-	-	-	-	-	-	-	-	-	-	-	-	-	-	-	-	-	-	-	-	-	-	-	-	-	-	-	-	-	-	-	-	-	-	-	-	-	-	-	-	-	-	-	-	-	-	-	-	-	-	-	-	-	-	-	-	-	-	-	-	-	-	-	-	-	-	-	-	-	-	-	-	-	-	-	-	-	-	-	-	-	-	-	-	-	-	-	-	-	-	-	-	-	-	-	-	-	-	-	-	-	-	-	-	-	-	-	-	-	-	-	-	-	-	-	-	-	-	-	-	-	-	-	-	-	-	-	-	-	-	-	-	-	-	-	-	-	-	-	-	-	-	-	-	-	-	-	-	-	-	-	-	-	-	-	-	-	-	-	-	-	-	A	T	G	A	A	G	T	C	C	C	T	G	A	C	G	G	C	C	G	T	C	T	G	C	-	-	-	-	-	-	-	-	-	-	-	-	-	-	-	-	-	-	-	-	-	-	C	A	G	A	C	A	G	G	T	G	C	C	T	C	C	G	G	A	A	T	G	C	C	G	G	C	C	T	T	G	A	A	T	G	C	C	A	G	C	G	G	G	C	G	C	A	T	C	C	-	-	-	-	-	A	G	C	G	C	C	A	T	C	C	C	A	C	G	C	A	C	C	G	C	G	G	C	G	A	C	G	G	G	G	A	G	A	A	C	G	C	-	-	-	-	C	G	A	G	A	T	G	A	A	G	A	T	G	T	A	T	C	T	G	T	C	C	A	A	A	C	T	G	A	A	G	G	A	C	C	T	C	G	T	T	C	C	G	T	T	C	A	T	G	C	C	C	A	A	G	A	A	C	A	G	G	A	A	G	C	T	C	A	C	C	A	A	G	C	T	G	G	A	G	A	T	C	A	T	C	C	A	G	C	A	C	G	T	C	A	T	C	G	A	C	T	A	C	A	T	C	T	G	C	G	A	C	C	T	G	C	A	G	A	C	C	G	A	G	C	T	G	G	A	G	A	C	G	C	A	C	C	C	C	G	A	G	A	T	G	G	G	C	A	A	C	T	T	C	G	A	T	G	C	G	G	C	A	G	C	C	G	C	T	C	T	G	A	C	G	G	C	G	G	T	G	A	A	C	G	G	A	C	T	C	C	A	C	G	A	G	G	A	C	G	A	G	G	A	C	A	G	C	G	A	C	A	T	G	G	A	G	G	A	T	G	C	G	G	A	T	G	C	C	G	A	G	G	C	A	G	A	A	G	C	G	G	A	A	G	T	C	G	A	T	C	C	A	G	A	T	A	T	C	C	T	C	G	C	C	C	A	G	C	-	-	-	G	C	C	T	G	A	A	T	G	C	C	G	A	G	C	A	G	C	C	G	G	C	G	A	A	A	G	T	C	T	C	T	A	G	T	C	C	C	G	C	C	G	C	C	C	G	T	C	T	C	C	C	G	C	T	T	-	-	-	-	-	-	-	-	-	-	-	-	-	-	-	-	-	-	-	-	-	-	-	-	-	-	-	-	-	-	-	-	-	-	-	-	-	-	-	-	-	-	-	-	-	-	-	-	-	-	-	-	-	-	-	-	-	-	-	-	-	-	-	A	C	C	G	A	T	C	G	C	C	A	A	A	C	G	C	C	C	A	A	C	A	C	T	C	T	T	G	T	G	G	C	G	C	C	C	G	C	C	C	A	T	C	C	G	C	A	G	C	A	G	C	A	T	C	A	G	C	A	G	-	-	-	-	-	-	-	-	-	-	-	-	-	-	C	A	G	C	A	-	-	-	-	-	-	-	-	-	-	-	-	-	-	-	-	-	-	G	C	A	A	C	T	G	C	A	A	C	T	G	C	A	G	C	A	G	C	A	-	-	-	-	-	-	-	-	-	-	-	-	-	-	-	-	-	-	-	-	-	-	-	-	-	-	-	-	A	C	A	A	C	T	G	C	A	A	T	C	A	C	A	G	C	A	G	C	A	A	C	-	-	-	-	-	-	T	G	T	C	C	A	A	C	A	G	T	T	T	A	G	C	A	A	C	G	-	-	C	C	A	C	A	G	A	A	T	G	C	G	G	A	G	A	A	A	G	A	C	A	G	C	A	G	A	C	A	G	T	C	G	T	A	A	-	-	-	-	-	-	-	-	-	-	-	-	-	-	-	-	-	-	-	-	-	-	-	-	-	-	-	-	-	-	-	-	-	-	-	-	-	-	-	-	-	-	-	-	-	-	-	-	-	-	-	-	-	-	-	-	-	-	-	Arthropoda	Insecta	Diptera	Drosophilidae	Drosophila	13			Biphasic	diurnal						
danio_rerio	-	-	-	-	-	-	-	-	-	-	-	-	-	-	-	-	-	-	-	-	-	-	-	-	-	-	-	-	-	-	-	-	-	-	-	-	-	-	-	-	-	-	-	-	-	-	-	-	-	-	-	-	-	-	-	-	-	-	-	-	-	-	-	-	-	-	-	-	-	-	-	-	-	-	-	-	-	-	-	-	-	-	-	-	-	-	-	-	-	-	-	-	-	-	-	-	-	-	-	-	-	-	-	-	-	-	-	-	-	-	-	-	-	-	-	-	-	-	-	-	-	-	-	-	-	-	-	-	-	-	-	-	-	-	-	-	-	-	-	-	-	-	-	-	-	-	-	-	-	-	-	-	-	-	-	-	-	-	-	-	-	-	-	-	-	-	-	-	-	-	-	-	-	-	-	-	-	-	-	-	-	-	-	-	-	-	-	-	-	-	-	-	-	-	-	-	-	-	-	-	-	-	-	-	-	-	-	-	-	-	-	-	-	-	-	-	-	-	-	-	-	-	-	-	-	-	-	-	-	-	-	-	-	-	-	-	-	-	-	-	-	-	-	-	-	-	-	-	-	-	-	-	-	-	-	-	-	-	-	-	-	-	-	-	-	-	-	-	-	-	-	-	-	-	-	-	-	-	-	-	-	-	-	-	-	-	-	-	-	-	-	-	-	-	-	-	-	-	-	-	-	-	-	-	-	-	-	-	-	-	-	-	-	-	-	-	-	-	-	-	-	-	-	-	-	-	-	-	-	-	-	-	-	-	-	-	-	-	-	-	-	-	-	-	-	-	-	-	-	-	-	-	-	-	-	-	-	-	-	-	-	-	-	-	-	-	-	-	-	-	-	-	-	-	-	-	-	-	-	-	-	-	-	-	-	-	-	-	-	-	-	-	-	-	-	-	-	-	-	-	-	-	-	-	-	-	-	-	-	-	-	-	-	-	-	-	-	-	-	-	-	-	-	-	-	-	-	-	-	-	-	-	-	-	-	-	-	-	-	-	-	-	-	-	-	-	-	-	-	-	-	-	-	-	-	-	-	-	-	-	-	-	-	-	-	-	-	-	-	-	-	-	-	-	-	-	-	-	-	-	-	-	-	-	-	-	-	-	-	-	-	-	-	-	-	-	-	-	-	-	-	-	-	-	-	-	-	-	-	-	-	-	-	-	-	-	-	-	-	-	-	-	-	-	-	-	A	T	G	A	A	G	G	C	G	A	T	C	A	G	T	C	C	C	G	T	T	C	G	C	T	C	T	G	T	C	A	G	A	A	G	C	T	G	C	T	A	T	G	A	A	G	C	G	G	T	G	T	G	C	T	G	T	A	T	C	T	C	G	G	A	G	C	A	G	A	G	C	C	T	-	-	-	-	C	G	C	G	A	T	C	-	-	-	-	-	-	A	G	C	C	G	C	-	-	-	T	G	C	A	A	G	A	G	T	C	C	T	T	C	-	-	-	C	G	A	G	G	A	G	C	T	G	T	C	C	G	A	C	A	T	G	-	-	-	-	-	-	A	A	T	A	T	G	A	A	T	G	A	C	T	G	T	T	A	C	T	C	C	A	A	A	C	T	C	A	A	A	G	A	G	C	T	G	G	T	G	C	C	C	A	G	C	A	T	C	C	C	G	C	A	G	A	A	C	A	A	G	T	C	C	G	T	G	A	G	C	C	A	A	G	T	G	G	A	G	A	T	T	C	T	C	C	A	A	C	A	T	G	T	C	A	T	C	G	A	C	T	A	C	A	T	C	T	T	C	G	A	C	T	T	A	C	A	G	A	T	A	G	C	G	C	T	G	G	A	A	-	-	-	-	-	-	-	-	-	-	-	-	-	-	-	-	-	-	-	-	-	-	-	-	-	-	-	-	-	-	-	-	-	-	-	-	-	-	-	-	-	-	-	-	-	-	-	-	-	-	-	-	-	-	-	-	-	-	-	-	-	-	-	-	-	-	-	-	-	-	-	-	-	-	-	-	-	-	-	-	-	-	-	-	-	-	-	-	-	-	-	-	-	-	-	-	A	A	C	G	A	G	-	-	-	-	-	-	-	-	-	-	-	-	-	-	-	-	-	-	-	-	-	-	-	-	-	-	-	-	-	-	-	-	A	C	A	G	A	-	C	A	C	A	C	A	A	A	A	C	-	-	-	-	-	-	-	-	-	-	-	-	-	-	-	A	-	-	-	-	-	-	-	-	-	-	-	-	-	C	G	C	C	T	G	A	C	A	T	T	T	T	C	C	T	G	T	C	-	-	-	-	-	-	-	-	-	-	-	-	-	-	-	-	-	-	-	-	-	-	-	-	-	-	-	-	-	-	-	-	-	-	-	-	-	-	-	-	-	-	-	-	-	-	-	-	-	-	-	-	-	-	-	-	-	-	-	-	-	-	-	-	-	-	-	-	-	-	-	-	-	-	-	-	-	-	-	-	-	-	-	-	-	-	-	-	-	-	-	-	-	-	-	-	-	-	-	-	-	-	-	-	-	-	-	-	-	-	-	-	-	-	-	-	-	A	A	T	G	A	A	-	-	-	-	-	-	-	-	-	-	-	-	-	-	-	-	-	-	-	-	-	-	-	-	-	-	-	-	-	-	-	-	-	-	-	-	-	G	A	A	C	T	C	A	G	A	G	A	T	G	A	G	C	C	G	T	A	A	-	-	-	-	-	-	-	-	-	-	-	-	-	-	-	-	-	-	-	-	-	-	-	-	-	-	-	-	-	T	T	T	C	T	C	C	A	A	A	G	A	A	G	A	T	G	G	A	G	C	T	-	-	-	-	-	-	A	T	G	-	-	-	-	-	-	-	-	-	-	-	-	-	-	-	T	G	-	-	C	C	A	T	T	A	G	-	-	-	-	-	-	-	-	-	-	-	-	-	-	-	-	-	-	-	-	-	-	-	-	-	-	-	-	-	-	-	-	-	-	-	-	-	-	-	-	-	-	-	-	-	-	-	-	-	-	-	-	-	-	-	-	-	-	-	-	-	-	-	-	-	-	-	-	-	-	-	-	-	-	-	-	-	-	-	-	-	-	-	-	-	-	-	-	Chordata	Actinopteri	Cypriniformes	Danionidae	Danio	10			Biphasic	diurnal						
monodelphis_domestica	-	-	-	-	-	-	-	-	-	-	-	-	-	-	-	-	-	-	-	-	-	-	-	-	-	-	-	-	-	-	-	-	-	-	-	-	-	-	-	-	-	-	-	-	-	-	-	-	-	-	-	-	-	-	-	-	-	-	-	-	-	-	-	-	-	-	-	-	-	-	-	-	-	-	-	-	-	-	-	-	-	-	-	-	-	-	-	-	-	-	-	-	-	-	-	-	-	-	-	-	-	-	-	-	-	-	-	-	-	-	-	-	-	-	-	-	-	-	-	-	-	-	-	-	-	-	-	-	-	-	-	-	-	-	-	-	-	-	-	-	-	-	-	-	-	-	-	-	-	-	-	-	-	-	-	-	-	-	-	-	-	-	-	-	-	-	-	-	-	-	-	-	-	-	-	-	-	-	-	-	-	-	-	-	-	-	-	-	-	-	-	-	-	-	-	-	-	-	-	-	-	-	-	-	-	-	-	-	-	-	-	-	-	-	-	-	-	-	-	-	-	-	-	-	-	-	-	-	-	-	-	-	-	-	-	-	-	-	-	-	-	-	-	-	-	-	-	-	-	-	-	-	-	-	-	-	-	-	-	-	-	-	-	-	-	-	-	-	-	-	-	-	-	-	-	-	-	-	-	-	-	-	-	-	-	-	-	-	-	-	-	-	-	-	-	-	-	-	-	-	-	-	-	-	-	-	-	-	-	-	-	-	-	-	-	-	-	-	-	-	-	-	-	-	-	-	-	-	-	-	-	-	-	-	-	-	-	-	-	-	-	-	-	-	-	-	-	-	-	-	-	-	-	-	-	-	-	-	-	-	-	-	-	-	-	-	-	-	-	-	-	-	-	-	-	-	-	-	-	-	-	-	-	-	-	-	-	-	-	-	-	-	-	-	-	-	-	-	-	-	-	-	-	-	-	-	-	-	-	-	-	-	-	-	-	-	-	-	-	-	-	-	-	-	-	-	-	-	-	-	-	-	-	-	-	-	-	-	-	-	-	-	-	-	-	-	-	-	-	-	-	-	-	-	-	-	-	-	-	-	-	-	-	-	-	-	-	-	-	-	-	-	-	-	-	-	-	-	-	-	-	-	-	-	-	-	-	-	-	-	-	-	-	-	-	-	-	-	-	-	-	-	-	-	-	-	-	-	-	-	-	-	-	-	-	-	-	-	-	-	-	-	-	-	-	-	A	T	G	A	A	G	G	C	G	C	T	G	A	G	T	C	C	A	G	C	C	C	G	T	-	-	-	-	-	-	-	-	-	G	G	C	T	G	C	T	A	C	G	A	A	G	C	A	G	T	G	T	G	C	T	G	T	C	T	A	T	C	A	G	A	A	C	G	C	A	G	C	C	T	-	-	-	-	C	G	C	T	A	T	C	G	C	G	C	G	T	G	G	C	C	G	T	-	-	-	G	G	G	A	A	G	A	G	C	C	C	A	G	C	A	G	C	T	G	A	G	G	A	G	C	C	G	C	T	G	A	G	C	C	T	G	C	T	C	T	A	T	G	A	T	A	T	G	A	A	T	G	A	C	T	G	C	T	A	T	T	C	G	C	G	C	C	T	C	C	G	G	G	A	G	C	T	G	G	T	C	C	C	G	G	G	T	G	T	C	C	C	G	C	G	G	G	G	C	A	C	G	G	A	G	C	T	C	A	G	C	C	A	G	G	T	G	G	A	G	A	T	C	C	T	G	C	A	G	C	G	T	G	T	C	A	T	A	G	A	C	T	A	C	A	T	C	C	T	G	G	A	C	C	T	G	C	A	G	G	T	G	G	T	G	T	T	-	-	-	G	-	-	-	-	-	-	-	-	-	-	-	-	-	-	-	-	-	-	-	-	-	-	-	-	-	-	-	-	-	-	-	-	-	-	-	-	-	-	-	-	-	-	-	-	-	-	-	-	-	-	-	-	-	-	-	-	-	-	-	-	-	-	-	-	-	-	-	-	-	-	-	-	-	-	-	-	-	-	-	-	-	-	-	-	-	-	-	-	-	-	-	-	-	-	-	-	G	C	C	G	A	A	-	-	-	-	-	-	-	-	-	-	-	-	-	-	-	-	-	-	-	-	-	-	-	-	-	-	-	-	-	-	-	-	C	C	C	G	C	-	-	-	C	C	C	G	G	G	G	G	-	-	-	-	-	-	-	-	-	C	C	C	C	C	G	A	-	-	-	-	-	-	-	-	-	-	-	-	-	C	G	G	G	C	C	G	C	A	T	C	T	C	G	G	C	A	T	C	-	-	-	-	-	-	-	-	-	-	-	-	-	-	-	-	-	-	-	-	-	-	-	-	-	-	-	-	-	-	-	-	-	-	-	-	-	-	-	-	-	-	-	-	-	-	-	-	-	-	-	-	-	-	-	-	-	-	-	-	-	-	-	-	-	-	-	-	-	-	-	-	-	-	-	-	-	-	-	-	-	-	-	-	-	-	-	-	-	-	-	-	-	-	-	-	-	-	-	-	-	-	-	-	-	-	-	-	-	-	-	-	-	-	-	-	-	C	A	G	-	-	A	-	-	-	-	-	-	-	-	-	-	-	-	-	-	C	A	G	C	C	-	-	-	-	-	-	-	-	-	-	-	-	-	-	-	-	-	-	G	A	T	C	T	G	A	-	-	-	-	-	-	C	G	T	C	T	G	A	A	-	-	-	-	-	-	-	-	-	-	-	-	-	-	-	-	C	-	-	-	-	-	-	-	-	-	-	-	T	C	T	A	C	C	C	A	A	A	A	G	A	T	G	A	G	A	G	G	A	G	T	-	-	-	-	-	-	C	T	C	-	-	-	-	-	-	-	-	-	-	-	-	-	-	-	T	G	-	-	C	C	A	C	T	G	A	-	-	-	-	-	-	-	-	-	-	-	-	-	-	-	-	-	-	-	-	-	-	-	-	-	-	-	-	-	-	-	-	-	-	-	-	-	-	-	-	-	-	-	-	-	-	-	-	-	-	-	-	-	-	-	-	-	-	-	-	-	-	-	-	-	-	-	-	-	-	-	-	-	-	-	-	-	-	-	-	-	-	-	-	-	-	-	-	Chordata	Mammalia	Didelphimorphia	Didelphidae	Monodelphis	19.4	5.65	13.75		nocturnal	4			0.708762886597938	0.291237113402062	
phascolarctos_cinereus	-	-	-	-	-	-	-	-	-	-	-	-	-	-	-	-	-	-	-	-	-	-	-	-	-	-	-	-	-	-	-	-	-	-	-	-	-	-	-	-	-	-	-	-	-	-	-	-	-	-	-	-	-	-	-	-	-	-	-	-	-	-	-	-	-	-	-	-	-	-	-	-	-	-	-	-	-	-	-	-	-	-	-	-	-	-	-	-	-	-	-	-	-	-	-	-	-	-	-	-	-	-	-	-	-	-	-	-	-	-	-	-	-	-	-	-	-	-	-	-	-	-	-	-	-	-	-	-	-	-	-	-	-	-	-	-	-	-	-	-	-	-	-	-	-	-	-	-	-	-	-	-	-	-	-	-	-	-	-	-	-	-	-	-	-	-	-	-	-	-	-	-	-	-	-	-	-	-	-	-	-	-	-	-	-	-	-	-	-	-	-	-	-	-	-	-	-	-	-	-	-	-	-	-	-	-	-	-	-	-	-	-	-	-	-	-	-	-	-	-	-	-	-	-	-	-	-	-	-	-	-	-	-	-	-	-	-	-	-	-	-	-	-	-	-	-	-	-	-	-	-	-	-	-	-	-	-	-	-	-	-	-	-	-	-	-	-	-	-	-	-	-	-	-	-	-	-	-	-	-	-	-	-	-	-	-	-	-	-	-	-	-	-	-	-	-	-	-	-	-	-	-	-	-	-	-	-	-	-	-	-	-	-	-	-	-	-	-	-	-	-	-	-	-	-	-	-	-	-	-	-	-	-	-	-	-	-	-	-	-	-	-	-	-	-	-	-	-	-	-	-	-	-	-	-	-	-	-	-	-	-	-	-	-	-	-	-	-	-	-	-	-	-	-	-	-	-	-	-	-	-	-	-	-	-	-	-	-	-	-	-	-	-	-	-	-	-	-	-	-	-	-	-	-	-	-	-	-	-	-	-	-	-	-	-	-	-	-	-	-	-	-	-	-	-	-	-	-	-	-	-	-	-	-	-	-	-	-	-	-	-	-	-	-	-	-	-	-	-	-	-	-	-	-	-	-	-	-	-	-	-	-	-	-	-	-	-	-	-	-	-	-	-	-	-	-	-	-	-	-	-	-	-	-	-	-	-	-	-	-	-	-	-	-	-	-	-	-	-	-	-	-	-	-	-	-	-	-	-	-	-	-	-	-	-	-	-	-	-	-	-	-	-	-	-	-	A	T	G	A	A	G	G	C	T	C	T	G	A	G	C	C	C	A	G	C	C	C	G	A	-	-	-	-	-	-	-	-	-	G	G	C	T	G	C	T	A	C	G	A	A	G	C	C	G	T	G	T	G	C	T	G	C	C	T	G	T	C	G	G	A	G	C	G	C	A	G	C	C	T	-	-	-	-	C	G	C	C	A	T	C	G	C	G	C	G	T	G	G	C	C	G	T	-	-	-	G	G	A	A	A	G	A	G	T	C	C	C	G	C	A	G	C	C	G	A	G	G	A	G	C	C	G	C	T	G	A	G	C	C	T	G	C	T	T	T	A	T	G	A	T	A	T	G	A	A	T	G	A	C	T	G	C	T	A	T	T	C	G	C	G	C	C	T	G	C	G	G	G	A	G	C	T	G	G	T	G	C	C	G	G	G	C	G	T	C	C	C	G	C	G	G	G	G	C	A	C	G	G	A	G	C	T	C	A	G	C	C	A	G	G	T	G	G	A	G	A	T	C	C	T	G	C	A	G	C	G	T	G	T	C	A	T	A	G	A	C	T	A	C	A	T	C	C	T	G	G	A	T	C	T	G	C	A	G	G	T	G	G	T	G	C	T	-	-	-	G	-	-	-	-	-	-	-	-	-	-	-	-	-	-	-	-	-	-	-	-	-	-	-	-	-	-	-	-	-	-	-	-	-	-	-	-	-	-	-	-	-	-	-	-	-	-	-	-	-	-	-	-	-	-	-	-	-	-	-	-	-	-	-	-	-	-	-	-	-	-	-	-	-	-	-	-	-	-	-	-	-	-	-	-	-	-	-	-	-	-	-	-	-	-	-	-	G	C	C	G	A	G	-	-	-	-	-	-	-	-	-	-	-	-	-	-	-	-	-	-	-	-	-	-	-	-	-	-	-	-	-	-	-	-	C	C	C	G	C	-	-	-	C	C	C	G	G	G	G	G	-	-	-	-	-	-	-	-	-	C	C	C	C	A	A	A	-	-	-	-	-	-	-	-	-	-	-	-	-	C	G	G	G	C	C	C	C	A	T	C	T	C	G	G	C	A	T	C	-	-	-	-	-	-	-	-	-	-	-	-	-	-	-	-	-	-	-	-	-	-	-	-	-	-	-	-	-	-	-	-	-	-	-	-	-	-	-	-	-	-	-	-	-	-	-	-	-	-	-	-	-	-	-	-	-	-	-	-	-	-	-	-	-	-	-	-	-	-	-	-	-	-	-	-	-	-	-	-	-	-	-	-	-	-	-	-	-	-	-	-	-	-	-	-	-	-	-	-	-	-	-	-	-	-	-	-	-	-	-	-	-	-	-	-	-	C	A	G	-	-	A	-	-	-	-	-	-	-	-	-	-	-	-	-	-	C	A	T	C	C	-	-	-	-	-	-	-	-	-	-	-	-	-	-	-	-	-	-	G	A	A	C	T	G	A	-	-	-	-	-	-	C	G	T	C	T	G	A	A	-	-	-	-	-	-	-	-	-	-	-	-	-	-	-	-	C	-	-	-	-	-	-	-	-	-	-	-	T	C	T	A	C	T	C	A	A	A	A	G	A	T	G	A	G	A	G	C	A	G	T	-	-	-	-	-	-	C	T	T	-	-	-	-	-	-	-	-	-	-	-	-	-	-	-	T	G	-	-	C	C	A	C	T	G	A	-	-	-	-	-	-	-	-	-	-	-	-	-	-	-	-	-	-	-	-	-	-	-	-	-	-	-	-	-	-	-	-	-	-	-	-	-	-	-	-	-	-	-	-	-	-	-	-	-	-	-	-	-	-	-	-	-	-	-	-	-	-	-	-	-	-	-	-	-	-	-	-	-	-	-	-	-	-	-	-	-	-	-	-	-	-	-	-	Chordata	Mammalia	Diprotodontia	Phascolarctidae	Phascolarctos	21.5				nocturnal						
salvator_merianae	-	-	-	-	-	-	-	-	-	-	-	-	-	-	-	-	-	-	-	-	-	-	-	-	-	-	-	-	-	-	-	-	-	-	-	-	-	-	-	-	-	-	-	-	-	-	-	-	-	-	-	-	-	-	-	-	-	-	-	-	-	-	-	-	-	-	-	-	-	-	-	-	-	-	-	-	-	-	-	-	-	-	-	-	-	-	-	-	-	-	-	-	-	-	-	-	-	-	-	-	-	-	-	-	-	-	-	-	-	-	-	-	-	-	-	-	-	-	-	-	-	-	-	-	-	-	-	-	-	-	-	-	-	-	-	-	-	-	-	-	-	-	-	-	-	-	-	-	-	-	-	-	-	-	-	-	-	-	-	-	-	-	-	-	-	-	-	-	-	-	-	-	-	-	-	-	-	-	-	-	-	-	-	-	-	-	-	-	-	-	-	-	-	-	-	-	-	-	-	-	-	-	-	-	-	-	-	-	-	-	-	-	-	-	-	-	-	-	-	-	-	-	-	-	-	-	-	-	-	-	-	-	-	-	-	-	-	-	-	-	-	-	-	-	-	-	-	-	-	-	-	-	-	-	-	-	-	-	-	-	-	-	-	-	-	-	-	-	-	-	-	-	-	-	-	-	-	-	-	-	-	-	-	-	-	-	-	-	-	-	-	-	-	-	-	-	-	-	-	-	-	-	-	-	-	-	-	-	-	-	-	-	-	-	-	-	-	-	-	-	-	-	-	-	-	-	-	-	-	-	-	-	-	-	-	-	-	-	-	-	-	-	-	-	-	-	-	-	-	-	-	-	-	-	-	-	-	-	-	-	-	-	-	-	-	-	-	-	-	-	-	-	-	-	-	-	-	-	-	-	-	-	-	-	-	-	-	-	-	-	-	-	-	-	-	-	-	-	-	-	-	-	-	-	-	-	-	-	-	-	-	-	-	-	-	-	-	-	-	-	-	-	-	-	-	-	-	-	-	-	-	-	-	-	-	-	-	-	-	-	-	-	-	-	-	-	-	-	-	-	-	-	-	-	-	-	-	-	-	-	-	-	-	-	-	-	-	-	-	-	-	-	-	-	-	-	-	-	-	-	-	-	-	-	-	-	-	-	-	-	-	-	-	-	-	-	-	-	-	-	-	-	-	-	-	-	-	-	-	-	-	-	-	-	-	-	-	-	-	-	-	-	-	-	-	-	A	T	G	A	A	G	G	C	C	A	T	C	A	G	C	C	C	G	G	T	G	C	G	A	T	C	C	G	T	G	A	G	G	A	G	C	T	G	C	T	A	C	G	A	A	G	C	C	G	T	G	T	G	T	T	G	C	T	T	G	T	C	G	G	A	T	C	A	G	A	G	C	T	T	-	-	-	-	T	G	C	C	A	T	C	A	C	C	C	G	G	G	G	A	A	G	C	A	G	C	A	A	C	A	A	G	A	G	C	C	C	G	C	C	C	C	T	G	G	A	G	G	A	G	C	C	C	A	T	G	A	G	C	C	T	C	C	T	T	T	A	C	G	A	C	A	T	G	A	A	C	G	A	C	T	G	C	T	A	C	T	C	C	A	A	G	C	T	C	C	G	G	G	A	G	C	T	G	G	T	G	C	C	G	G	G	G	A	T	C	C	C	G	C	A	A	G	G	C	A	C	C	A	A	A	G	T	C	A	G	C	C	A	A	G	T	G	G	A	G	A	T	T	C	T	C	C	A	G	C	A	C	G	T	C	A	T	A	G	A	C	T	A	T	A	T	T	T	T	C	G	A	C	C	T	C	C	A	G	A	T	C	G	T	G	C	T	-	-	-	G	-	-	-	-	-	-	-	-	-	-	-	-	-	-	-	-	-	-	-	-	-	-	-	-	-	-	-	-	-	-	-	-	-	-	-	-	-	-	-	-	-	-	-	-	-	-	-	-	-	-	-	-	-	-	-	-	-	-	-	-	-	-	-	-	-	-	-	-	-	-	-	-	-	-	-	-	-	-	-	-	-	-	-	-	-	-	-	-	-	-	-	-	-	-	-	-	G	A	G	G	A	G	-	-	-	-	-	-	-	-	-	-	-	-	-	-	-	-	-	-	-	-	-	-	-	-	-	-	-	-	-	-	-	-	C	A	A	G	C	G	A	A	G	A	A	G	G	G	G	C	A	G	G	A	G	C	C	C	C	C	G	T	C	G	G	A	-	-	-	-	-	-	-	-	-	-	-	-	-	G	A	C	T	T	C	C	C	T	A	C	T	T	T	C	G	T	T	A	-	-	-	-	-	-	-	-	-	-	-	-	-	-	-	-	-	-	-	-	-	-	-	-	-	-	-	-	-	-	-	-	-	-	-	-	-	-	-	-	-	-	-	-	-	-	-	-	-	-	-	-	-	-	-	-	-	-	-	-	-	-	-	-	-	-	-	-	-	-	-	-	-	-	-	-	-	-	-	-	-	-	-	-	-	-	-	-	-	-	-	-	-	-	-	-	-	-	-	-	-	-	-	-	-	-	-	-	-	-	-	-	-	-	-	-	-	A	A	A	-	-	G	-	-	-	-	-	-	-	-	-	-	-	-	-	-	C	G	G	C	A	-	-	-	-	-	-	-	-	-	-	-	-	-	-	-	-	-	-	G	A	G	T	T	G	G	-	-	-	-	-	-	C	G	T	C	A	G	A	A	-	-	-	-	-	-	-	-	-	-	-	-	-	-	-	-	C	-	-	-	-	-	-	-	-	-	-	-	T	T	T	G	C	T	C	A	A	A	A	G	A	A	G	A	G	A	G	G	A	A	C	-	-	-	-	-	-	G	T	T	-	-	-	-	-	-	-	-	-	-	-	-	-	-	-	T	G	-	-	C	C	A	C	T	A	A	-	-	-	-	-	-	-	-	-	-	-	-	-	-	-	-	-	-	-	-	-	-	-	-	-	-	-	-	-	-	-	-	-	-	-	-	-	-	-	-	-	-	-	-	-	-	-	-	-	-	-	-	-	-	-	-	-	-	-	-	-	-	-	-	-	-	-	-	-	-	-	-	-	-	-	-	-	-	-	-	-	-	-	-	-	-	-	-	Chordata	Lepidosauria	Squamata	Teiidae	Salvator	16			Monophasic	diurnal						
astyanax_mexicanus	-	-	-	-	-	-	-	-	-	-	-	-	-	-	-	-	-	-	-	-	-	-	-	-	-	-	-	-	-	-	-	-	-	-	-	-	-	-	-	-	-	-	-	-	-	-	-	-	-	-	-	-	-	-	-	-	-	-	-	-	-	-	-	-	-	-	-	-	-	-	-	-	-	-	-	-	-	-	-	-	-	-	-	-	-	-	-	-	-	-	-	-	-	-	-	-	-	-	-	-	-	-	-	-	-	-	-	-	-	-	-	-	-	-	-	-	-	-	-	-	-	-	-	-	-	-	-	-	-	-	-	-	-	-	-	-	-	-	-	-	-	-	-	-	-	-	-	-	-	-	-	-	-	-	-	-	-	-	-	-	-	-	-	-	-	-	-	-	-	-	-	-	-	-	-	-	-	-	-	-	-	-	-	-	-	-	-	-	-	-	-	-	-	-	-	-	-	-	-	-	-	-	-	-	-	-	-	-	-	-	-	-	-	-	-	-	-	-	-	-	-	-	-	-	-	-	-	-	-	-	-	-	-	-	-	-	-	-	-	-	-	-	-	-	-	-	-	-	-	-	-	-	-	-	-	-	-	-	-	-	-	-	-	-	-	-	-	-	-	-	-	-	-	-	-	-	-	-	-	-	-	-	-	-	-	-	-	-	-	-	-	-	-	-	-	-	-	-	-	-	-	-	-	-	-	-	-	-	-	-	-	-	-	-	-	-	-	-	-	-	-	-	-	-	-	-	-	-	-	-	-	-	-	-	-	-	-	-	-	-	-	-	-	-	-	-	-	-	-	-	-	-	-	-	-	-	-	-	-	-	-	-	-	-	-	-	-	-	-	-	-	-	-	-	-	-	-	-	-	-	-	-	-	-	-	-	-	-	-	-	-	-	-	-	-	-	-	-	-	-	-	-	-	-	-	-	-	-	-	-	-	-	-	-	-	-	-	-	-	-	-	-	-	-	-	-	-	-	-	-	-	-	-	-	-	-	-	-	-	-	-	-	-	-	-	-	-	-	-	-	-	-	-	-	-	-	-	-	-	-	-	-	-	-	-	-	-	-	-	-	-	-	-	-	-	-	-	-	-	-	-	-	-	-	-	-	-	-	-	-	-	-	-	-	-	-	-	-	-	-	-	-	-	-	-	-	-	-	-	-	-	-	-	-	-	-	-	-	-	-	-	-	-	-	-	-	A	T	G	A	A	G	G	C	T	A	T	C	A	G	T	C	C	G	G	T	C	C	G	C	G	C	C	G	T	C	A	G	A	G	G	C	T	G	T	T	A	C	G	A	G	G	C	G	G	T	T	T	G	C	T	G	C	G	T	T	T	C	C	G	A	G	C	A	G	A	G	C	C	T	-	-	-	-	G	T	C	C	A	T	C	-	-	-	-	-	-	A	G	C	C	G	C	-	-	-	A	G	C	C	G	G	A	G	C	C	C	G	G	C	-	-	-	-	-	-	G	G	A	G	C	-	-	-	-	-	-	-	-	-	-	-	-	T	G	T	C	C	G	A	C	A	T	G	A	A	C	G	A	C	T	G	C	T	A	C	T	C	C	A	G	G	C	T	G	A	A	G	G	A	G	C	T	G	G	T	G	C	C	C	A	G	C	A	T	C	C	C	G	C	A	G	G	A	C	C	G	G	T	C	G	G	T	C	A	G	T	C	A	G	G	T	G	G	A	G	A	T	C	C	T	C	C	A	G	C	A	T	G	T	G	A	T	C	G	A	C	T	A	T	A	T	C	T	T	C	G	A	C	C	T	A	C	A	G	A	T	C	G	C	G	C	T	G	G	A	G	-	-	-	-	-	-	-	-	-	-	-	-	-	-	-	-	-	-	-	-	-	-	-	-	-	-	-	-	-	-	-	-	-	-	-	-	-	-	-	-	-	-	-	-	-	-	-	-	-	-	-	-	-	-	-	-	-	-	-	-	-	-	-	-	-	-	-	-	-	-	-	-	-	-	-	-	-	-	-	-	-	-	-	-	-	-	-	-	-	-	-	-	-	-	-	-	G	A	C	G	A	G	-	-	-	-	-	-	-	-	-	-	-	-	-	-	-	-	-	-	-	-	-	-	-	-	-	-	-	-	-	-	-	-	G	C	G	G	A	-	-	-	C	C	G	G	G	T	C	C	A	G	A	A	C	T	-	-	-	C	G	G	C	G	G	A	-	-	-	-	-	-	-	-	-	-	-	-	-	C	G	T	G	C	T	-	-	-	-	-	-	-	-	-	-	-	-	-	-	-	-	-	-	-	-	-	-	-	-	-	-	-	-	-	-	-	-	-	-	-	-	-	-	-	-	-	-	-	-	-	-	-	-	-	-	-	-	-	-	-	-	-	-	-	-	-	-	-	-	-	-	-	-	-	-	-	-	-	-	-	-	-	-	-	-	-	-	-	-	-	-	-	-	-	-	-	-	-	-	-	-	-	-	-	-	-	-	-	-	-	-	-	-	-	-	-	-	-	-	-	-	-	-	-	-	-	-	-	-	-	-	-	-	-	-	G	A	G	-	-	A	-	-	-	-	-	-	-	-	-	-	-	G	C	G	C	T	G	C	A	-	-	-	-	-	-	-	-	-	-	-	-	-	-	-	-	-	-	G	A	G	C	T	C	A	-	-	-	-	-	-	-	-	-	-	-	G	A	A	-	-	-	-	-	-	-	-	-	-	-	-	-	-	-	-	A	T	C	T	-	-	-	-	-	-	-	-	C	A	T	T	C	C	C	C	A	A	A	G	A	A	G	A	T	G	C	A	G	C	T	-	-	-	-	-	-	C	T	C	-	-	-	-	-	-	-	-	-	-	-	-	-	-	-	T	G	-	-	T	C	A	C	T	A	A	-	-	-	-	-	-	-	-	-	-	-	-	-	-	-	-	-	-	-	-	-	-	-	-	-	-	-	-	-	-	-	-	-	-	-	-	-	-	-	-	-	-	-	-	-	-	-	-	-	-	-	-	-	-	-	-	-	-	-	-	-	-	-	-	-	-	-	-	-	-	-	-	-	-	-	-	-	-	-	-	-	-	-	-	-	-	-	-	Chordata	Actinopteri	Characiformes	Characidae	Astyanax	8										
poecilia_reticulata	-	-	-	-	-	-	-	-	-	-	-	-	-	-	-	-	-	-	-	-	-	-	-	-	-	-	-	-	-	-	-	-	-	-	-	-	-	-	-	-	-	-	-	-	-	-	-	-	-	-	-	-	-	-	-	-	-	-	-	-	-	-	-	-	-	-	-	-	-	-	-	-	-	-	-	-	-	-	-	-	-	-	-	-	-	-	-	-	-	-	-	-	-	-	-	-	-	-	-	-	-	-	-	-	-	-	-	-	-	-	-	-	-	-	-	-	-	-	-	-	-	-	-	-	-	-	-	-	-	-	-	-	-	-	-	-	-	-	-	-	-	-	-	-	-	-	-	-	-	-	-	-	-	-	-	-	-	-	-	-	-	-	-	-	-	-	-	-	-	-	-	-	-	-	-	-	-	-	-	-	-	-	-	-	-	-	-	-	-	-	-	-	-	-	-	-	-	-	-	-	-	-	-	-	-	-	-	-	-	-	-	-	-	-	-	-	-	-	-	-	-	-	-	-	-	-	-	-	-	-	-	-	-	-	-	-	-	-	-	-	-	-	-	-	-	-	-	-	-	-	-	-	-	-	-	-	-	-	-	-	-	-	-	-	-	-	-	-	-	-	-	-	-	-	-	-	-	-	-	-	-	-	-	-	-	-	-	-	-	-	-	-	-	-	-	-	-	-	-	-	-	-	-	-	-	-	-	-	-	-	-	-	-	-	-	-	-	-	-	-	-	-	-	-	-	-	-	-	-	-	-	-	-	-	-	-	-	-	-	-	-	-	-	-	-	-	-	-	-	-	-	-	-	-	-	-	-	-	-	-	-	-	-	-	-	-	-	-	-	-	-	-	-	-	-	-	-	-	-	-	-	-	-	-	-	-	-	-	-	-	-	-	-	-	-	-	-	-	-	-	-	-	-	-	-	-	-	-	-	-	-	-	-	-	-	-	-	-	-	-	-	-	-	-	-	-	-	-	-	-	-	-	-	-	-	-	-	-	-	-	-	-	-	-	-	-	-	-	-	-	-	-	-	-	-	-	-	-	-	-	-	-	-	-	-	-	-	-	-	-	-	-	-	-	-	-	-	-	-	-	-	-	-	-	-	-	-	-	-	-	-	-	-	-	-	-	-	-	-	-	-	-	-	-	-	-	-	-	-	-	-	-	-	-	-	-	-	-	-	-	-	-	-	-	-	-	A	T	G	A	A	G	G	C	C	A	T	C	A	G	T	C	C	C	G	T	C	C	G	C	T	C	G	G	T	G	A	G	G	A	G	C	T	G	C	T	A	C	A	A	G	G	C	C	G	T	G	T	G	C	T	G	C	A	T	C	T	C	G	G	A	G	C	A	G	A	G	C	C	T	-	-	-	-	G	G	C	C	A	T	C	G	G	C	C	G	G	-	-	-	-	-	-	-	-	-	A	A	T	A	A	A	C	A	C	C	C	G	T	G	C	G	T	G	G	A	T	G	A	G	T	C	T	G	T	G	A	G	C	G	C	G	C	T	G	T	G	C	G	A	C	A	T	G	A	A	C	G	A	C	T	G	C	T	A	C	T	C	C	A	A	G	C	T	G	A	A	G	G	A	G	C	T	G	G	T	G	T	-	-	-	G	C	A	T	C	C	C	G	C	A	G	A	A	C	A	A	G	T	C	G	G	T	G	A	G	C	C	A	G	G	T	G	G	A	G	A	T	C	C	T	C	C	A	G	C	A	C	G	T	C	A	T	C	G	A	C	T	A	C	A	T	C	T	T	C	G	A	C	C	T	G	C	A	G	A	T	C	G	C	G	C	T	G	G	A	G	-	-	-	-	-	-	-	-	-	-	-	-	-	-	-	-	-	-	-	-	-	-	-	-	-	-	-	-	-	-	-	-	-	-	-	-	-	-	-	-	-	-	-	-	-	-	-	-	-	-	-	-	-	-	-	-	-	-	-	-	-	-	-	-	-	-	-	-	-	-	-	-	-	-	-	-	-	-	-	-	-	-	-	-	-	-	-	-	-	-	-	-	-	-	-	-	G	C	G	G	A	G	-	-	-	-	-	-	-	-	-	-	-	-	-	-	-	-	-	-	-	-	-	-	-	-	-	-	-	-	-	-	-	-	G	A	C	G	C	-	-	-	G	T	C	T	G	C	G	-	-	-	-	-	-	-	-	-	-	C	C	G	G	A	G	A	-	-	-	-	-	-	-	-	-	-	-	-	-	T	G	G	T	-	-	-	-	-	T	T	T	A	T	C	C	A	T	A	-	-	-	-	-	-	-	-	-	-	-	-	-	-	-	-	-	-	-	-	-	-	-	-	-	-	-	-	-	-	-	-	-	-	-	-	-	-	-	-	-	-	-	-	-	-	-	-	-	-	-	-	-	-	-	-	-	-	-	-	-	-	-	-	-	-	-	-	-	-	-	-	-	-	-	-	-	-	-	-	-	-	-	-	-	-	-	-	-	-	-	-	-	-	-	-	-	-	-	-	-	-	-	-	-	-	-	-	-	-	-	-	-	-	-	-	-	A	A	G	-	-	G	-	-	-	-	-	-	-	-	-	-	-	-	-	-	C	T	G	C	G	-	-	-	-	-	-	-	-	-	-	-	-	-	-	-	-	-	-	G	A	C	A	T	C	A	-	-	-	-	-	-	C	T	C	G	C	A	A	T	-	-	-	-	-	-	-	-	-	-	-	-	-	-	-	-	-	-	-	-	-	-	-	-	-	-	-	-	-	-	T	T	C	T	C	C	A	A	A	G	A	A	G	A	A	G	A	A	C	G	A	-	-	-	-	-	-	T	T	G	-	-	-	-	-	-	-	-	-	-	-	-	-	-	-	T	G	-	-	C	C	A	T	T	A	G	-	-	-	-	-	-	-	-	-	-	-	-	-	-	-	-	-	-	-	-	-	-	-	-	-	-	-	-	-	-	-	-	-	-	-	-	-	-	-	-	-	-	-	-	-	-	-	-	-	-	-	-	-	-	-	-	-	-	-	-	-	-	-	-	-	-	-	-	-	-	-	-	-	-	-	-	-	-	-	-	-	-	-	-	-	-	-	-	Chordata	Actinopteri	Cyprinodontiformes	Poeciliidae	Poecilia	7										
procavia_capensis	-	-	-	-	-	-	-	-	-	-	-	-	-	-	-	-	-	-	-	-	-	-	-	-	-	-	-	-	-	-	-	-	-	-	-	-	-	-	-	-	-	-	-	-	-	-	-	-	-	-	-	-	-	-	-	-	-	-	-	-	-	-	-	-	-	-	-	-	-	-	-	-	-	-	-	-	-	-	-	-	-	-	-	-	-	-	-	-	-	-	-	-	-	-	-	-	-	-	-	-	-	-	-	-	-	-	-	-	-	-	-	-	-	-	-	-	-	-	-	-	-	-	-	-	-	-	-	-	-	-	-	-	-	-	-	-	-	-	-	-	-	-	-	-	-	-	-	-	-	-	-	-	-	-	-	-	-	-	-	-	-	-	-	-	-	-	-	-	-	-	-	-	-	-	-	-	-	-	-	-	-	-	-	-	-	-	-	-	-	-	-	-	-	-	-	-	-	-	-	-	-	-	-	-	-	-	-	-	-	-	-	-	-	-	-	-	-	-	-	-	-	-	-	-	-	-	-	-	-	-	-	-	-	-	-	-	-	-	-	-	-	-	-	-	-	-	-	-	-	-	-	-	-	-	-	-	-	-	-	-	-	-	-	-	-	-	-	-	-	-	-	-	-	-	-	-	-	-	-	-	-	-	-	-	-	-	-	-	-	-	-	-	-	-	-	-	-	-	-	-	-	-	-	-	-	-	-	-	-	-	-	-	-	-	-	-	-	-	-	-	-	-	-	-	-	-	-	-	-	-	-	-	-	-	-	-	-	-	-	-	-	-	-	-	-	-	-	-	-	-	-	-	-	-	-	-	-	-	-	-	-	-	-	-	-	-	-	-	-	-	-	-	-	-	-	-	-	-	-	-	-	-	-	-	-	-	-	-	-	-	-	-	-	-	-	-	-	-	-	-	-	-	-	-	-	-	-	-	-	-	-	-	-	-	-	-	-	-	-	-	-	-	-	-	-	-	-	-	-	-	-	-	-	-	-	-	-	-	-	-	-	-	-	-	-	-	-	-	-	-	-	-	-	-	-	-	-	-	-	-	-	-	-	-	-	-	-	-	-	-	-	-	-	-	-	-	-	-	-	-	-	-	-	-	-	-	-	-	-	-	-	-	-	-	-	-	-	-	-	-	-	-	-	-	-	-	-	-	-	-	-	-	-	-	-	-	-	-	-	-	-	-	-	-	-	-	A	T	G	A	A	G	G	C	A	C	T	A	A	G	C	C	C	G	G	T	G	C	G	C	-	-	-	-	-	-	-	-	-	G	G	T	T	G	T	T	A	C	G	A	G	G	C	G	G	T	G	T	G	C	T	G	T	C	T	G	T	C	A	G	A	G	C	G	C	A	G	C	C	T	-	-	-	-	G	G	C	C	A	T	C	G	C	T	C	G	A	G	G	C	C	G	A	-	-	-	G	G	T	A	A	G	G	G	T	C	C	G	A	C	A	G	C	C	G	A	G	G	A	G	C	C	G	C	T	G	A	A	T	C	T	C	C	T	G	G	A	C	G	A	C	A	T	G	A	A	C	C	A	C	T	G	C	T	A	C	T	C	G	C	G	C	C	T	T	C	G	G	G	A	A	C	T	G	G	T	A	C	C	C	G	G	A	G	T	C	C	C	G	C	G	A	G	G	C	A	C	T	C	A	G	C	T	T	A	G	C	C	A	G	G	T	G	G	A	A	A	T	C	C	T	G	C	A	G	C	G	C	G	T	C	A	T	C	G	A	C	T	A	C	A	T	T	C	T	C	G	A	T	C	T	G	C	A	G	G	T	G	G	T	A	C	T	-	-	-	T	-	-	-	-	-	-	-	-	-	-	-	-	-	-	-	-	-	-	-	-	-	-	-	-	-	-	-	-	-	-	-	-	-	-	-	-	-	-	-	-	-	-	-	-	-	-	-	-	-	-	-	-	-	-	-	-	-	-	-	-	-	-	-	-	-	-	-	-	-	-	-	-	-	-	-	-	-	-	-	-	-	-	-	-	-	-	-	-	-	-	-	-	-	-	-	-	G	C	C	G	A	G	-	-	-	-	-	-	-	-	-	-	-	-	-	-	-	-	-	-	-	-	-	-	-	-	-	-	-	-	-	-	-	-	C	C	G	G	C	-	-	-	C	C	C	T	G	G	A	C	-	-	-	-	-	-	-	-	-	C	C	C	C	C	G	G	-	-	-	-	-	-	-	-	-	-	-	-	-	C	G	G	T	C	C	G	C	A	T	C	T	C	G	C	T	A	T	C	-	-	-	-	-	-	-	-	-	-	-	-	-	-	-	-	-	-	-	-	-	-	-	-	-	-	-	-	-	-	-	-	-	-	-	-	-	-	-	-	-	-	-	-	-	-	-	-	-	-	-	-	-	-	-	-	-	-	-	-	-	-	-	-	-	-	-	-	-	-	-	-	-	-	-	-	-	-	-	-	-	-	-	-	-	-	-	-	-	-	-	-	-	-	-	-	-	-	-	-	-	-	-	-	-	-	-	-	-	-	-	-	-	-	-	-	-	C	A	G	-	-	A	-	-	-	-	-	-	-	-	-	-	-	-	-	-	C	A	G	C	G	-	-	-	-	-	-	-	-	-	-	-	-	-	-	-	-	-	-	G	A	G	C	T	C	A	-	-	-	-	-	-	C	T	C	C	A	G	A	G	-	-	-	-	-	-	-	-	-	-	-	-	-	-	-	-	C	T	T	G	-	-	-	-	-	-	-	-	T	G	A	T	C	T	C	C	A	T	C	G	A	C	-	-	-	A	G	A	A	G	C	-	-	-	-	-	-	T	T	C	-	-	-	-	-	-	-	-	-	-	-	-	-	-	-	T	G	-	-	T	C	A	C	T	G	A	-	-	-	-	-	-	-	-	-	-	-	-	-	-	-	-	-	-	-	-	-	-	-	-	-	-	-	-	-	-	-	-	-	-	-	-	-	-	-	-	-	-	-	-	-	-	-	-	-	-	-	-	-	-	-	-	-	-	-	-	-	-	-	-	-	-	-	-	-	-	-	-	-	-	-	-	-	-	-	-	-	-	-	-	-	-	-	-	Chordata	Mammalia	Hyracoidea	Procaviidae	Procavia	5.4	0.5	4.9	Polyphasic	diurnal	3.273406949		222.4	0.907407407407407	0.0925925925925926	
dipodomys_ordii	-	-	-	-	-	-	-	-	-	-	-	-	-	-	-	-	-	-	-	-	-	-	-	-	-	-	-	-	-	-	-	-	-	-	-	-	-	-	-	-	-	-	-	-	-	-	-	-	-	-	-	-	-	-	-	-	-	-	-	-	-	-	-	-	-	-	-	-	-	-	-	-	-	-	-	-	-	-	-	-	-	-	-	-	-	-	-	-	-	-	-	-	-	-	-	-	-	-	-	-	-	-	-	-	-	-	-	-	-	-	-	-	-	-	-	-	-	-	-	-	-	-	-	-	-	-	-	-	-	-	-	-	-	-	-	-	-	-	-	-	-	-	-	-	-	-	-	-	-	-	-	-	-	-	-	-	-	-	-	-	-	-	-	-	-	-	-	-	-	-	-	-	-	-	-	-	-	-	-	-	-	-	-	-	-	-	-	-	-	-	-	-	-	-	-	-	-	-	-	-	-	-	-	-	-	-	-	-	-	-	-	-	-	-	-	-	-	-	-	-	-	-	-	-	-	-	-	-	-	-	-	-	-	-	-	-	-	-	-	-	-	-	-	-	-	-	-	-	-	-	-	-	-	-	-	-	-	-	-	-	-	-	-	-	-	-	-	-	-	-	-	-	-	-	-	-	-	-	-	-	-	-	-	-	-	-	-	-	-	-	-	-	-	-	-	-	-	-	-	-	-	-	-	-	-	-	-	-	-	-	-	-	-	-	-	-	-	-	-	-	-	-	-	-	-	-	-	-	-	-	-	-	-	-	-	-	-	-	-	-	-	-	-	-	-	-	-	-	-	-	-	-	-	-	-	-	-	-	-	-	-	-	-	-	-	-	-	-	-	-	-	-	-	-	-	-	-	-	-	-	-	-	-	-	-	-	-	-	-	-	-	-	-	-	-	-	-	-	-	-	-	-	-	-	-	-	-	-	-	-	-	-	-	-	-	-	-	-	-	-	-	-	-	-	-	-	-	-	-	-	-	-	-	-	-	-	-	-	-	-	-	-	-	-	-	-	-	-	-	-	-	-	-	-	-	-	-	-	-	-	-	-	-	-	-	-	-	-	-	-	-	-	-	-	-	-	-	-	-	-	-	-	-	-	-	-	-	-	-	-	-	-	-	-	-	-	-	-	-	-	-	-	-	-	-	-	-	-	-	-	-	-	-	-	-	-	-	-	-	-	-	-	-	-	-	-	A	T	G	A	A	G	G	C	G	T	T	G	A	G	C	C	C	G	G	T	C	C	G	C	-	-	-	-	-	-	-	-	-	G	G	C	T	G	C	T	A	C	G	A	G	G	C	G	G	T	G	T	G	C	T	G	C	T	T	G	T	C	A	G	A	A	A	G	G	A	G	T	C	T	-	-	-	-	G	G	C	C	A	T	C	G	C	G	C	G	G	G	G	C	C	G	C	-	-	-	G	G	C	A	A	G	A	G	C	C	C	T	G	C	G	G	C	C	G	A	G	G	A	G	C	C	C	C	T	G	A	G	T	C	T	C	C	T	G	G	A	C	G	A	C	A	T	G	A	A	T	C	A	C	T	G	C	T	A	C	T	C	G	C	G	C	C	T	C	A	G	G	G	A	A	C	T	G	G	T	G	C	C	C	G	G	A	G	T	C	C	C	G	C	G	A	G	G	C	A	C	T	C	A	G	C	T	T	A	G	C	C	A	G	G	T	G	G	A	A	A	T	C	C	T	G	C	A	G	C	G	C	G	T	C	A	T	C	G	A	C	T	A	C	A	T	C	C	T	C	G	A	C	C	T	C	C	A	G	G	T	G	G	T	C	C	T	-	-	-	C	-	-	-	-	-	-	-	-	-	-	-	-	-	-	-	-	-	-	-	-	-	-	-	-	-	-	-	-	-	-	-	-	-	-	-	-	-	-	-	-	-	-	-	-	-	-	-	-	-	-	-	-	-	-	-	-	-	-	-	-	-	-	-	-	-	-	-	-	-	-	-	-	-	-	-	-	-	-	-	-	-	-	-	-	-	-	-	-	-	-	-	-	-	-	-	-	G	C	C	G	A	G	-	-	-	-	-	-	-	-	-	-	-	-	-	-	-	-	-	-	-	-	-	-	-	-	-	-	-	-	-	-	-	-	C	C	G	G	C	-	-	-	C	C	C	G	G	G	A	C	-	-	-	-	-	-	-	-	-	C	C	C	C	G	G	A	-	-	-	-	-	-	-	-	-	-	-	-	-	C	G	G	G	C	C	C	C	A	T	C	T	C	C	C	C	A	T	C	-	-	-	-	-	-	-	-	-	-	-	-	-	-	-	-	-	-	-	-	-	-	-	-	-	-	-	-	-	-	-	-	-	-	-	-	-	-	-	-	-	-	-	-	-	-	-	-	-	-	-	-	-	-	-	-	-	-	-	-	-	-	-	-	-	-	-	-	-	-	-	-	-	-	-	-	-	-	-	-	-	-	-	-	-	-	-	-	-	-	-	-	-	-	-	-	-	-	-	-	-	-	-	-	-	-	-	-	-	-	-	-	-	-	-	-	-	C	A	G	-	-	A	-	-	-	-	-	-	-	-	-	-	-	-	-	-	C	A	G	C	T	-	-	-	-	-	-	-	-	-	-	-	-	-	-	-	-	-	-	G	A	G	C	T	A	A	-	-	-	-	-	-	C	G	C	C	A	G	A	A	-	-	-	-	-	-	-	-	-	-	-	-	-	-	-	-	C	T	G	G	-	-	-	-	-	-	-	-	T	G	A	T	T	T	C	C	A	A	C	G	A	C	A	A	G	A	G	G	A	G	C	-	-	-	-	-	-	T	T	C	-	-	-	-	-	-	-	-	-	-	-	-	-	-	-	T	G	-	-	C	C	A	C	T	G	A	-	-	-	-	-	-	-	-	-	-	-	-	-	-	-	-	-	-	-	-	-	-	-	-	-	-	-	-	-	-	-	-	-	-	-	-	-	-	-	-	-	-	-	-	-	-	-	-	-	-	-	-	-	-	-	-	-	-	-	-	-	-	-	-	-	-	-	-	-	-	-	-	-	-	-	-	-	-	-	-	-	-	-	-	-	-	-	-	Chordata	Mammalia	Rodentia	Heteromyidae	Dipodomys	16	2.72	13.28		nocturnal	0.12		30.7	0.83	0.17	
ictidomys_tridecemlineatus	-	-	-	-	-	-	-	-	-	-	-	-	-	-	-	-	-	-	-	-	-	-	-	-	-	-	-	-	-	-	-	-	-	-	-	-	-	-	-	-	-	-	-	-	-	-	-	-	-	-	-	-	-	-	-	-	-	-	-	-	-	-	-	-	-	-	-	-	-	-	-	-	-	-	-	-	-	-	-	-	-	-	-	-	-	-	-	-	-	-	-	-	-	-	-	-	-	-	-	-	-	-	-	-	-	-	-	-	-	-	-	-	-	-	-	-	-	-	-	-	-	-	-	-	-	-	-	-	-	-	-	-	-	-	-	-	-	-	-	-	-	-	-	-	-	-	-	-	-	-	-	-	-	-	-	-	-	-	-	-	-	-	-	-	-	-	-	-	-	-	-	-	-	-	-	-	-	-	-	-	-	-	-	-	-	-	-	-	-	-	-	-	-	-	-	-	-	-	-	-	-	-	-	-	-	-	-	-	-	-	-	-	-	-	-	-	-	-	-	-	-	-	-	-	-	-	-	-	-	-	-	-	-	-	-	-	-	-	-	-	-	-	-	-	-	-	-	-	-	-	-	-	-	-	-	-	-	-	-	-	-	-	-	-	-	-	-	-	-	-	-	-	-	-	-	-	-	-	-	-	-	-	-	-	-	-	-	-	-	-	-	-	-	-	-	-	-	-	-	-	-	-	-	-	-	-	-	-	-	-	-	-	-	-	-	-	-	-	-	-	-	-	-	-	-	-	-	-	-	-	-	-	-	-	-	-	-	-	-	-	-	-	-	-	-	-	-	-	-	-	-	-	-	-	-	-	-	-	-	-	-	-	-	-	-	-	-	-	-	-	-	-	-	-	-	-	-	-	-	-	-	-	-	-	-	-	-	-	-	-	-	-	-	-	-	-	-	-	-	-	-	-	-	-	-	-	-	-	-	-	-	-	-	-	-	-	-	-	-	-	-	-	-	-	-	-	-	-	-	-	-	-	-	-	-	-	-	-	-	-	-	-	-	-	-	-	-	-	-	-	-	-	-	-	-	-	-	-	-	-	-	-	-	-	-	-	-	-	-	-	-	-	-	-	-	-	-	-	-	-	-	-	-	-	-	-	-	-	-	-	-	-	-	-	-	-	-	-	-	-	-	-	-	-	-	-	-	-	-	-	-	-	-	-	-	-	-	-	-	-	-	-	-	-	-	-	A	T	G	A	A	G	G	C	G	C	T	G	A	G	T	C	C	T	G	T	G	C	G	C	-	-	-	-	-	-	-	-	-	G	G	C	T	G	C	T	A	C	G	A	G	G	C	G	G	T	T	T	G	C	T	G	C	C	T	A	T	C	G	G	A	A	C	G	C	A	G	T	C	T	-	-	-	-	G	G	C	T	A	T	C	G	C	G	C	G	G	G	G	C	C	G	C	-	-	-	G	G	C	A	A	G	A	G	C	C	C	A	G	C	G	G	C	G	G	A	G	G	A	G	C	C	G	C	T	G	A	G	C	C	T	C	C	T	A	G	A	C	G	A	C	A	T	G	A	A	C	C	A	C	T	G	C	T	A	C	T	C	G	C	G	C	C	T	G	C	G	A	G	A	A	C	T	G	G	T	G	C	C	T	G	G	C	G	T	C	C	C	G	A	G	G	G	G	C	A	C	T	C	A	G	C	T	T	A	G	C	C	A	G	G	T	G	G	A	A	A	T	C	C	T	G	C	A	G	C	G	C	G	T	C	A	T	C	G	A	C	T	A	T	A	T	C	C	T	T	G	A	C	C	T	C	C	A	G	G	T	G	G	T	T	C	T	-	-	-	G	-	-	-	-	-	-	-	-	-	-	-	-	-	-	-	-	-	-	-	-	-	-	-	-	-	-	-	-	-	-	-	-	-	-	-	-	-	-	-	-	-	-	-	-	-	-	-	-	-	-	-	-	-	-	-	-	-	-	-	-	-	-	-	-	-	-	-	-	-	-	-	-	-	-	-	-	-	-	-	-	-	-	-	-	-	-	-	-	-	-	-	-	-	-	-	-	G	C	C	G	A	G	-	-	-	-	-	-	-	-	-	-	-	-	-	-	-	-	-	-	-	-	-	-	-	-	-	-	-	-	-	-	-	-	C	C	G	G	C	-	-	-	T	C	C	T	G	G	G	C	-	-	-	-	-	-	-	-	-	C	T	C	C	A	G	A	-	-	-	-	-	-	-	-	-	-	-	-	-	C	G	G	T	C	C	T	C	A	T	C	T	C	C	C	C	A	T	C	-	-	-	-	-	-	-	-	-	-	-	-	-	-	-	-	-	-	-	-	-	-	-	-	-	-	-	-	-	-	-	-	-	-	-	-	-	-	-	-	-	-	-	-	-	-	-	-	-	-	-	-	-	-	-	-	-	-	-	-	-	-	-	-	-	-	-	-	-	-	-	-	-	-	-	-	-	-	-	-	-	-	-	-	-	-	-	-	-	-	-	-	-	-	-	-	-	-	-	-	-	-	-	-	-	-	-	-	-	-	-	-	-	-	-	-	-	C	A	G	-	-	A	-	-	-	-	-	-	-	-	-	-	-	-	-	-	C	A	G	C	T	-	-	-	-	-	-	-	-	-	-	-	-	-	-	-	-	-	-	G	A	G	C	T	T	G	-	-	-	-	-	-	C	T	C	C	G	G	A	A	-	-	-	-	-	-	-	-	-	-	-	-	-	-	-	-	C	T	T	G	-	-	-	-	-	-	-	-	T	G	A	T	C	T	C	C	A	A	C	G	A	C	A	A	G	A	G	G	A	G	C	-	-	-	-	-	-	T	T	C	-	-	-	-	-	-	-	-	-	-	-	-	-	-	-	T	G	-	-	C	C	A	C	T	G	A	-	-	-	-	-	-	-	-	-	-	-	-	-	-	-	-	-	-	-	-	-	-	-	-	-	-	-	-	-	-	-	-	-	-	-	-	-	-	-	-	-	-	-	-	-	-	-	-	-	-	-	-	-	-	-	-	-	-	-	-	-	-	-	-	-	-	-	-	-	-	-	-	-	-	-	-	-	-	-	-	-	-	-	-	-	-	-	-	Chordata	Mammalia	Rodentia	Sciuridae	Ictidomys	13.8	3.41	10.39		diurnal	0.19		27.5	0.752898550724638	0.247101449275362	
urocitellus_parryii	-	-	-	-	-	-	-	-	-	-	-	-	-	-	-	-	-	-	-	-	-	-	-	-	-	-	-	-	-	-	-	-	-	-	-	-	-	-	-	-	-	-	-	-	-	-	-	-	-	-	-	-	-	-	-	-	-	-	-	-	-	-	-	-	-	-	-	-	-	-	-	-	-	-	-	-	-	-	-	-	-	-	-	-	-	-	-	-	-	-	-	-	-	-	-	-	-	-	-	-	-	-	-	-	-	-	-	-	-	-	-	-	-	-	-	-	-	-	-	-	-	-	-	-	-	-	-	-	-	-	-	-	-	-	-	-	-	-	-	-	-	-	-	-	-	-	-	-	-	-	-	-	-	-	-	-	-	-	-	-	-	-	-	-	-	-	-	-	-	-	-	-	-	-	-	-	-	-	-	-	-	-	-	-	-	-	-	-	-	-	-	-	-	-	-	-	-	-	-	-	-	-	-	-	-	-	-	-	-	-	-	-	-	-	-	-	-	-	-	-	-	-	-	-	-	-	-	-	-	-	-	-	-	-	-	-	-	-	-	-	-	-	-	-	-	-	-	-	-	-	-	-	-	-	-	-	-	-	-	-	-	-	-	-	-	-	-	-	-	-	-	-	-	-	-	-	-	-	-	-	-	-	-	-	-	-	-	-	-	-	-	-	-	-	-	-	-	-	-	-	-	-	-	-	-	-	-	-	-	-	-	-	-	-	-	-	-	-	-	-	-	-	-	-	-	-	-	-	-	-	-	-	-	-	-	-	-	-	-	-	-	-	-	-	-	-	-	-	-	-	-	-	-	-	-	-	-	-	-	-	-	-	-	-	-	-	-	-	-	-	-	-	-	-	-	-	-	-	-	-	-	-	-	-	-	-	-	-	-	-	-	-	-	-	-	-	-	-	-	-	-	-	-	-	-	-	-	-	-	-	-	-	-	-	-	-	-	-	-	-	-	-	-	-	-	-	-	-	-	-	-	-	-	-	-	-	-	-	-	-	-	-	-	-	-	-	-	-	-	-	-	-	-	-	-	-	-	-	-	-	-	-	-	-	-	-	-	-	-	-	-	-	-	-	-	-	-	-	-	-	-	-	-	-	-	-	-	-	-	-	-	-	-	-	-	-	-	-	-	-	-	-	-	-	-	-	-	-	-	-	-	-	-	-	-	-	-	-	-	-	-	-	-	-	-	-	A	T	G	A	A	G	G	C	G	C	T	G	A	G	T	C	C	T	G	T	G	C	G	C	-	-	-	-	-	-	-	-	-	G	G	C	T	G	C	T	A	C	G	A	G	G	C	G	G	T	T	T	G	C	T	G	C	C	T	A	T	C	G	G	A	A	C	G	C	A	G	T	C	T	-	-	-	-	G	G	C	T	A	T	C	G	C	A	A	G	G	G	G	C	C	G	C	-	-	-	G	G	C	A	A	G	A	G	C	C	C	A	G	C	G	G	C	G	G	A	G	G	A	G	C	C	G	C	T	G	A	G	C	C	T	C	C	T	A	G	A	C	G	A	C	A	T	G	A	A	C	C	A	C	T	G	C	T	A	C	T	C	G	C	G	C	C	T	G	C	G	A	G	A	A	C	T	G	G	T	G	C	C	T	G	G	C	G	T	C	C	C	G	A	G	G	G	G	C	A	C	T	C	A	G	C	T	T	A	G	C	C	A	G	G	T	G	G	A	A	A	T	C	C	T	G	C	A	G	C	G	C	G	T	C	A	T	C	G	A	C	T	A	T	A	T	C	C	T	T	G	A	C	C	T	C	C	A	G	G	T	G	G	T	C	C	T	-	-	-	G	-	-	-	-	-	-	-	-	-	-	-	-	-	-	-	-	-	-	-	-	-	-	-	-	-	-	-	-	-	-	-	-	-	-	-	-	-	-	-	-	-	-	-	-	-	-	-	-	-	-	-	-	-	-	-	-	-	-	-	-	-	-	-	-	-	-	-	-	-	-	-	-	-	-	-	-	-	-	-	-	-	-	-	-	-	-	-	-	-	-	-	-	-	-	-	-	G	C	C	G	A	G	-	-	-	-	-	-	-	-	-	-	-	-	-	-	-	-	-	-	-	-	-	-	-	-	-	-	-	-	-	-	-	-	C	C	G	G	C	-	-	-	T	C	C	T	G	G	G	C	-	-	-	-	-	-	-	-	-	C	C	C	C	A	G	A	-	-	-	-	-	-	-	-	-	-	-	-	-	C	G	G	T	C	C	T	C	A	T	C	T	C	C	C	C	A	T	C	-	-	-	-	-	-	-	-	-	-	-	-	-	-	-	-	-	-	-	-	-	-	-	-	-	-	-	-	-	-	-	-	-	-	-	-	-	-	-	-	-	-	-	-	-	-	-	-	-	-	-	-	-	-	-	-	-	-	-	-	-	-	-	-	-	-	-	-	-	-	-	-	-	-	-	-	-	-	-	-	-	-	-	-	-	-	-	-	-	-	-	-	-	-	-	-	-	-	-	-	-	-	-	-	-	-	-	-	-	-	-	-	-	-	-	-	-	C	A	G	-	-	A	-	-	-	-	-	-	-	-	-	-	-	-	-	-	C	A	G	C	T	-	-	-	-	-	-	-	-	-	-	-	-	-	-	-	-	-	-	G	A	G	C	T	T	G	-	-	-	-	-	-	C	T	C	C	G	G	A	A	-	-	-	-	-	-	-	-	-	-	-	-	-	-	-	-	C	T	T	G	-	-	-	-	-	-	-	-	T	G	A	T	C	T	C	C	A	A	C	G	A	C	A	A	G	A	G	G	A	G	C	-	-	-	-	-	-	T	T	C	-	-	-	-	-	-	-	-	-	-	-	-	-	-	-	T	G	-	-	C	C	A	C	T	G	A	-	-	-	-	-	-	-	-	-	-	-	-	-	-	-	-	-	-	-	-	-	-	-	-	-	-	-	-	-	-	-	-	-	-	-	-	-	-	-	-	-	-	-	-	-	-	-	-	-	-	-	-	-	-	-	-	-	-	-	-	-	-	-	-	-	-	-	-	-	-	-	-	-	-	-	-	-	-	-	-	-	-	-	-	-	-	-	-	Chordata	Mammalia	Rodentia	Sciuridae	Urocitellus	16.08	3.3768	12.703	Polyphasic		0.83945999		25	0.789987562189055	0.21	
octodon_degus	-	-	-	-	-	-	-	-	-	-	-	-	-	-	-	-	-	-	-	-	-	-	-	-	-	-	-	-	-	-	-	-	-	-	-	-	-	-	-	-	-	-	-	-	-	-	-	-	-	-	-	-	-	-	-	-	-	-	-	-	-	-	-	-	-	-	-	-	-	-	-	-	-	-	-	-	-	-	-	-	-	-	-	-	-	-	-	-	-	-	-	-	-	-	-	-	-	-	-	-	-	-	-	-	-	-	-	-	-	-	-	-	-	-	-	-	-	-	-	-	-	-	-	-	-	-	-	-	-	-	-	-	-	-	-	-	-	-	-	-	-	-	-	-	-	-	-	-	-	-	-	-	-	-	-	-	-	-	-	-	-	-	-	-	-	-	-	-	-	-	-	-	-	-	-	-	-	-	-	-	-	-	-	-	-	-	-	-	-	-	-	-	-	-	-	-	-	-	-	-	-	-	-	-	-	-	-	-	-	-	-	-	-	-	-	-	-	-	-	-	-	-	-	-	-	-	-	-	-	-	-	-	-	-	-	-	-	-	-	-	-	-	-	-	-	-	-	-	-	-	-	-	-	-	-	-	-	-	-	-	-	-	-	-	-	-	-	-	-	-	-	-	-	-	-	-	-	-	-	-	-	-	-	-	-	-	-	-	-	-	-	-	-	-	-	-	-	-	-	-	-	-	-	-	-	-	-	-	-	-	-	-	-	-	-	-	-	-	-	-	-	-	-	-	-	-	-	-	-	-	-	-	-	-	-	-	-	-	-	-	-	-	-	-	-	-	-	-	-	-	-	-	-	-	-	-	-	-	-	-	-	-	-	-	-	-	-	-	-	-	-	-	-	-	-	-	-	-	-	-	-	-	-	-	-	-	-	-	-	-	-	-	-	-	-	-	-	-	-	-	-	-	-	-	-	-	-	-	-	-	-	-	-	-	-	-	-	-	-	-	-	-	-	-	-	-	-	-	-	-	-	-	-	-	-	-	-	-	-	-	-	-	-	-	-	-	-	-	-	-	-	-	-	-	-	-	-	-	-	-	-	-	-	-	-	-	-	-	-	-	-	-	-	-	-	-	-	-	-	-	-	-	-	-	-	-	-	-	-	-	-	-	-	-	-	-	-	-	-	-	-	-	-	-	-	-	-	-	-	-	-	-	-	-	-	-	-	-	-	-	-	-	-	-	-	-	A	T	G	A	A	A	G	C	G	C	T	G	A	G	C	C	C	G	G	T	G	C	G	C	-	-	-	-	-	-	-	-	-	G	G	C	T	G	C	T	A	C	G	A	G	G	C	T	G	T	G	T	G	C	T	G	C	C	T	G	T	C	G	G	A	A	C	G	C	A	G	T	C	T	-	-	-	-	A	G	C	C	A	T	C	G	C	G	C	G	G	G	G	C	C	G	C	-	-	-	G	G	T	A	A	G	A	G	T	C	C	A	G	C	T	G	C	C	G	A	G	G	A	G	C	C	G	C	T	G	A	G	C	C	T	C	C	T	G	G	A	T	G	A	C	A	T	G	A	A	C	C	A	C	T	G	C	T	A	C	T	C	A	C	G	C	C	T	G	C	G	G	G	A	A	C	T	G	G	T	G	C	C	C	G	G	A	G	T	T	C	C	G	C	G	A	G	G	C	A	C	T	C	A	G	C	T	T	A	G	C	C	A	G	G	T	G	G	A	A	A	T	C	C	T	G	C	A	G	C	G	C	G	T	C	A	T	C	G	A	C	T	A	C	A	T	C	C	T	C	G	A	C	C	T	G	C	A	G	G	T	G	G	T	T	C	T	-	-	-	A	-	-	-	-	-	-	-	-	-	-	-	-	-	-	-	-	-	-	-	-	-	-	-	-	-	-	-	-	-	-	-	-	-	-	-	-	-	-	-	-	-	-	-	-	-	-	-	-	-	-	-	-	-	-	-	-	-	-	-	-	-	-	-	-	-	-	-	-	-	-	-	-	-	-	-	-	-	-	-	-	-	-	-	-	-	-	-	-	-	-	-	-	-	-	-	-	G	C	C	G	A	G	-	-	-	-	-	-	-	-	-	-	-	-	-	-	-	-	-	-	-	-	-	-	-	-	-	-	-	-	-	-	-	-	C	C	G	G	C	-	-	-	T	C	C	T	G	G	A	C	-	-	-	-	-	-	-	-	-	C	C	C	C	A	G	A	-	-	-	-	-	-	-	-	-	-	-	-	-	C	G	G	T	C	C	G	C	A	T	C	T	C	C	C	C	A	T	C	-	-	-	-	-	-	-	-	-	-	-	-	-	-	-	-	-	-	-	-	-	-	-	-	-	-	-	-	-	-	-	-	-	-	-	-	-	-	-	-	-	-	-	-	-	-	-	-	-	-	-	-	-	-	-	-	-	-	-	-	-	-	-	-	-	-	-	-	-	-	-	-	-	-	-	-	-	-	-	-	-	-	-	-	-	-	-	-	-	-	-	-	-	-	-	-	-	-	-	-	-	-	-	-	-	-	-	-	-	-	-	-	-	-	-	-	-	C	A	G	-	-	A	-	-	-	-	-	-	-	-	-	-	-	-	-	-	C	A	T	C	T	-	-	-	-	-	-	-	-	-	-	-	-	-	-	-	-	-	-	G	A	G	C	T	G	G	-	-	-	-	-	-	C	T	C	C	G	G	A	G	-	-	-	-	-	-	-	-	-	-	-	-	-	-	-	-	C	T	T	G	-	-	-	-	-	-	-	-	T	G	A	T	C	T	C	C	A	A	C	G	A	C	A	A	G	A	G	G	A	G	T	-	-	-	-	-	-	T	T	C	-	-	-	-	-	-	-	-	-	-	-	-	-	-	-	T	G	-	-	C	C	A	C	T	G	A	-	-	-	-	-	-	-	-	-	-	-	-	-	-	-	-	-	-	-	-	-	-	-	-	-	-	-	-	-	-	-	-	-	-	-	-	-	-	-	-	-	-	-	-	-	-	-	-	-	-	-	-	-	-	-	-	-	-	-	-	-	-	-	-	-	-	-	-	-	-	-	-	-	-	-	-	-	-	-	-	-	-	-	-	-	-	-	-	Chordata	Mammalia	Rodentia	Octodontidae	Octodon	7.7	0.9	6.8	Polyphasic	diurnal	0.21		89.3	0.883116883116883	0.116883116883117	
cavia_porcellus	-	-	-	-	-	-	-	-	-	-	-	-	-	-	-	-	-	-	-	-	-	-	-	-	-	-	-	-	-	-	-	-	-	-	-	-	-	-	-	-	-	-	-	-	-	-	-	-	-	-	-	-	-	-	-	-	-	-	-	-	-	-	-	-	-	-	-	-	-	-	-	-	-	-	-	-	-	-	-	-	-	-	-	-	-	-	-	-	-	-	-	-	-	-	-	-	-	-	-	-	-	-	-	-	-	-	-	-	-	-	-	-	-	-	-	-	-	-	-	-	-	-	-	-	-	-	-	-	-	-	-	-	-	-	-	-	-	-	-	-	-	-	-	-	-	-	-	-	-	-	-	-	-	-	-	-	-	-	-	-	-	-	-	-	-	-	-	-	-	-	-	-	-	-	-	-	-	-	-	-	-	-	-	-	-	-	-	-	-	-	-	-	-	-	-	-	-	-	-	-	-	-	-	-	-	-	-	-	-	-	-	-	-	-	-	-	-	-	-	-	-	-	-	-	-	-	-	-	-	-	-	-	-	-	-	-	-	-	-	-	-	-	-	-	-	-	-	-	-	-	-	-	-	-	-	-	-	-	-	-	-	-	-	-	-	-	-	-	-	-	-	-	-	-	-	-	-	-	-	-	-	-	-	-	-	-	-	-	-	-	-	-	-	-	-	-	-	-	-	-	-	-	-	-	-	-	-	-	-	-	-	-	-	-	-	-	-	-	-	-	-	-	-	-	-	-	-	-	-	-	-	-	-	-	-	-	-	-	-	-	-	-	-	-	-	-	-	-	-	-	-	-	-	-	-	-	-	-	-	-	-	-	-	-	-	-	-	-	-	-	-	-	-	-	-	-	-	-	-	-	-	-	-	-	-	-	-	-	-	-	-	-	-	-	-	-	-	-	-	-	-	-	-	-	-	-	-	-	-	-	-	-	-	-	-	-	-	-	-	-	-	-	-	-	-	-	-	-	-	-	-	-	-	-	-	-	-	-	-	-	-	-	-	-	-	-	-	-	-	-	-	-	-	-	-	-	-	-	-	-	-	-	-	-	-	-	-	-	-	-	-	-	-	-	-	-	-	-	-	-	-	-	-	-	-	-	-	-	-	-	-	-	-	-	-	-	-	-	-	-	-	-	-	-	-	-	-	-	-	-	-	-	-	-	-	-	-	-	-	-	-	-	-	-	-	-	A	T	G	A	A	G	G	C	G	C	T	G	A	G	T	C	C	G	G	T	G	C	G	C	-	-	-	-	-	-	-	-	-	G	G	C	T	G	C	T	A	C	G	A	G	G	C	A	G	T	A	T	G	C	T	G	C	C	T	G	T	C	G	G	A	A	C	G	C	A	G	T	C	T	-	-	-	-	C	T	C	C	A	T	C	G	C	G	C	G	T	G	G	C	C	G	T	-	-	-	G	G	G	A	A	G	A	G	C	C	C	C	G	C	T	G	C	A	G	A	G	G	A	G	C	C	A	C	T	G	A	G	C	C	T	C	C	T	G	G	A	C	G	A	C	A	T	G	A	A	C	C	A	C	T	G	C	T	A	C	T	C	G	C	G	C	C	T	G	C	G	G	G	A	A	C	T	G	G	T	G	C	C	C	G	G	A	G	T	C	C	C	G	C	G	A	G	G	C	A	C	T	C	A	G	C	T	T	A	G	C	C	A	G	G	T	G	G	A	A	A	T	C	C	T	G	C	A	G	C	G	C	G	T	C	A	T	C	G	A	C	T	A	C	A	T	C	C	T	C	G	A	C	C	T	G	C	A	G	G	T	G	G	T	C	C	T	-	-	-	G	-	-	-	-	-	-	-	-	-	-	-	-	-	-	-	-	-	-	-	-	-	-	-	-	-	-	-	-	-	-	-	-	-	-	-	-	-	-	-	-	-	-	-	-	-	-	-	-	-	-	-	-	-	-	-	-	-	-	-	-	-	-	-	-	-	-	-	-	-	-	-	-	-	-	-	-	-	-	-	-	-	-	-	-	-	-	-	-	-	-	-	-	-	-	-	-	G	C	C	G	A	G	-	-	-	-	-	-	-	-	-	-	-	-	-	-	-	-	-	-	-	-	-	-	-	-	-	-	-	-	-	-	-	-	C	C	G	G	C	-	-	-	C	C	C	T	G	G	A	C	-	-	-	-	-	-	-	-	-	C	C	C	C	A	G	A	-	-	-	-	-	-	-	-	-	-	-	-	-	C	G	G	G	C	C	G	C	A	T	C	T	C	C	C	C	A	T	C	-	-	-	-	-	-	-	-	-	-	-	-	-	-	-	-	-	-	-	-	-	-	-	-	-	-	-	-	-	-	-	-	-	-	-	-	-	-	-	-	-	-	-	-	-	-	-	-	-	-	-	-	-	-	-	-	-	-	-	-	-	-	-	-	-	-	-	-	-	-	-	-	-	-	-	-	-	-	-	-	-	-	-	-	-	-	-	-	-	-	-	-	-	-	-	-	-	-	-	-	-	-	-	-	-	-	-	-	-	-	-	-	-	-	-	-	-	C	A	G	-	-	A	-	-	-	-	-	-	-	-	-	-	-	-	-	-	C	A	T	C	T	-	-	-	-	-	-	-	-	-	-	-	-	-	-	-	-	-	-	G	A	G	C	T	T	G	-	-	-	-	-	-	C	T	C	C	G	G	A	G	-	-	-	-	-	-	-	-	-	-	-	-	-	-	-	-	C	T	T	G	-	-	-	-	-	-	-	-	T	G	A	T	C	T	C	C	A	A	C	G	A	C	A	A	G	A	G	G	A	G	C	-	-	-	-	-	-	T	T	A	-	-	-	-	-	-	-	-	-	-	-	-	-	-	-	T	G	-	-	C	C	A	C	T	G	A	-	-	-	-	-	-	-	-	-	-	-	-	-	-	-	-	-	-	-	-	-	-	-	-	-	-	-	-	-	-	-	-	-	-	-	-	-	-	-	-	-	-	-	-	-	-	-	-	-	-	-	-	-	-	-	-	-	-	-	-	-	-	-	-	-	-	-	-	-	-	-	-	-	-	-	-	-	-	-	-	-	-	-	-	-	-	-	-	Chordata	Mammalia	Rodentia	Caviidae	Cavia	9.4	0.8	8.6	Polyphasic	diurnal	0.728	5.5	67.2	0.914893617021276	0.0851063829787234	7.55494505494506
chinchilla_lanigera	-	-	-	-	-	-	-	-	-	-	-	-	-	-	-	-	-	-	-	-	-	-	-	-	-	-	-	-	-	-	-	-	-	-	-	-	-	-	-	-	-	-	-	-	-	-	-	-	-	-	-	-	-	-	-	-	-	-	-	-	-	-	-	-	-	-	-	-	-	-	-	-	-	-	-	-	-	-	-	-	-	-	-	-	-	-	-	-	-	-	-	-	-	-	-	-	-	-	-	-	-	-	-	-	-	-	-	-	-	-	-	-	-	-	-	-	-	-	-	-	-	-	-	-	-	-	-	-	-	-	-	-	-	-	-	-	-	-	-	-	-	-	-	-	-	-	-	-	-	-	-	-	-	-	-	-	-	-	-	-	-	-	-	-	-	-	-	-	-	-	-	-	-	-	-	-	-	-	-	-	-	-	-	-	-	-	-	-	-	-	-	-	-	-	-	-	-	-	-	-	-	-	-	-	-	-	-	-	-	-	-	-	-	-	-	-	-	-	-	-	-	-	-	-	-	-	-	-	-	-	-	-	-	-	-	-	-	-	-	-	-	-	-	-	-	-	-	-	-	-	-	-	-	-	-	-	-	-	-	-	-	-	-	-	-	-	-	-	-	-	-	-	-	-	-	-	-	-	-	-	-	-	-	-	-	-	-	-	-	-	-	-	-	-	-	-	-	-	-	-	-	-	-	-	-	-	-	-	-	-	-	-	-	-	-	-	-	-	-	-	-	-	-	-	-	-	-	-	-	-	-	-	-	-	-	-	-	-	-	-	-	-	-	-	-	-	-	-	-	-	-	-	-	-	-	-	-	-	-	-	-	-	-	-	-	-	-	-	-	-	-	-	-	-	-	-	-	-	-	-	-	-	-	-	-	-	-	-	-	-	-	-	-	-	-	-	-	-	-	-	-	-	-	-	-	-	-	-	-	-	-	-	-	-	-	-	-	-	-	-	-	-	-	-	-	-	-	-	-	-	-	-	-	-	-	-	-	-	-	-	-	-	-	-	-	-	-	-	-	-	-	-	-	-	-	-	-	-	-	-	-	-	-	-	-	-	-	-	-	-	-	-	-	-	-	-	-	-	-	-	-	-	-	-	-	-	-	-	-	-	-	-	-	-	-	-	-	-	-	-	-	-	-	-	-	-	-	-	-	-	-	-	-	-	-	-	-	-	-	-	-	-	-	-	-	-	A	T	G	A	A	G	G	C	G	C	T	G	A	G	C	C	C	C	G	T	G	C	G	C	-	-	-	-	-	-	-	-	-	G	G	C	T	G	C	T	A	C	G	A	G	G	C	G	G	T	G	T	G	C	T	G	C	C	T	G	T	C	G	G	A	A	C	G	C	A	G	T	C	T	-	-	-	-	G	G	C	C	A	T	C	G	C	G	C	G	G	G	G	C	C	G	T	-	-	-	G	G	T	A	A	G	A	G	C	C	C	A	G	C	T	G	C	C	G	A	G	G	A	G	C	C	A	C	T	G	A	G	C	C	T	C	C	T	G	G	A	C	G	A	C	A	T	G	A	A	C	C	A	C	T	G	C	T	A	C	T	C	G	C	G	C	C	T	G	C	G	G	G	A	A	C	T	G	G	T	G	C	C	C	G	G	G	G	T	C	C	C	G	C	G	A	G	G	C	A	C	C	C	A	G	C	T	T	A	G	C	C	A	G	G	T	G	G	A	A	A	T	C	C	T	G	C	A	G	C	G	C	G	T	C	A	T	C	G	A	C	T	A	C	A	T	C	C	T	C	G	A	C	C	T	G	C	A	G	G	T	G	G	T	C	C	T	-	-	-	G	-	-	-	-	-	-	-	-	-	-	-	-	-	-	-	-	-	-	-	-	-	-	-	-	-	-	-	-	-	-	-	-	-	-	-	-	-	-	-	-	-	-	-	-	-	-	-	-	-	-	-	-	-	-	-	-	-	-	-	-	-	-	-	-	-	-	-	-	-	-	-	-	-	-	-	-	-	-	-	-	-	-	-	-	-	-	-	-	-	-	-	-	-	-	-	-	G	C	T	G	A	G	-	-	-	-	-	-	-	-	-	-	-	-	-	-	-	-	-	-	-	-	-	-	-	-	-	-	-	-	-	-	-	-	C	C	G	G	C	-	-	-	C	C	C	T	G	G	A	C	-	-	-	-	-	-	-	-	-	C	C	C	C	A	G	A	-	-	-	-	-	-	-	-	-	-	-	-	-	C	G	G	T	C	C	G	C	A	T	C	T	C	C	C	C	A	T	C	-	-	-	-	-	-	-	-	-	-	-	-	-	-	-	-	-	-	-	-	-	-	-	-	-	-	-	-	-	-	-	-	-	-	-	-	-	-	-	-	-	-	-	-	-	-	-	-	-	-	-	-	-	-	-	-	-	-	-	-	-	-	-	-	-	-	-	-	-	-	-	-	-	-	-	-	-	-	-	-	-	-	-	-	-	-	-	-	-	-	-	-	-	-	-	-	-	-	-	-	-	-	-	-	-	-	-	-	-	-	-	-	-	-	-	-	-	C	A	G	-	-	A	-	-	-	-	-	-	-	-	-	-	-	-	-	-	C	C	T	C	T	-	-	-	-	-	-	-	-	-	-	-	-	-	-	-	-	-	-	G	A	G	C	T	T	G	-	-	-	-	-	-	C	T	C	C	G	G	A	G	-	-	-	-	-	-	-	-	-	-	-	-	-	-	-	-	C	T	T	G	-	-	-	-	-	-	-	-	T	G	A	T	C	T	C	C	A	A	C	G	A	C	A	A	G	A	G	G	A	G	C	-	-	-	-	-	-	T	T	C	-	-	-	-	-	-	-	-	-	-	-	-	-	-	-	T	G	-	-	C	C	A	C	T	G	A	-	-	-	-	-	-	-	-	-	-	-	-	-	-	-	-	-	-	-	-	-	-	-	-	-	-	-	-	-	-	-	-	-	-	-	-	-	-	-	-	-	-	-	-	-	-	-	-	-	-	-	-	-	-	-	-	-	-	-	-	-	-	-	-	-	-	-	-	-	-	-	-	-	-	-	-	-	-	-	-	-	-	-	-	-	-	-	-	Chordata	Mammalia	Rodentia	Chinchillidae	Chinchilla	12.52	1.55	10.97	Polyphasic	nocturnal	0.45	6.4	110.8	0.876198083067093	0.123801916932907	14.2222222222222
erinaceus_europaeus	-	-	-	-	-	-	-	-	-	-	-	-	-	-	-	-	-	-	-	-	-	-	-	-	-	-	-	-	-	-	-	-	-	-	-	-	-	-	-	-	-	-	-	-	-	-	-	-	-	-	-	-	-	-	-	-	-	-	-	-	-	-	-	-	-	-	-	-	-	-	-	-	-	-	-	-	-	-	-	-	-	-	-	-	-	-	-	-	-	-	-	-	-	-	-	-	-	-	-	-	-	-	-	-	-	-	-	-	-	-	-	-	-	-	-	-	-	-	-	-	-	-	-	-	-	-	-	-	-	-	-	-	-	-	-	-	-	-	-	-	-	-	-	-	-	-	-	-	-	-	-	-	-	-	-	-	-	-	-	-	-	-	-	-	-	-	-	-	-	-	-	-	-	-	-	-	-	-	-	-	-	-	-	-	-	-	-	-	-	-	-	-	-	-	-	-	-	-	-	-	-	-	-	-	-	-	-	-	-	-	-	-	-	-	-	-	-	-	-	-	-	-	-	-	-	-	-	-	-	-	-	-	-	-	-	-	-	-	-	-	-	-	-	-	-	-	-	-	-	-	-	-	-	-	-	-	-	-	-	-	-	-	-	-	-	-	-	-	-	-	-	-	-	-	-	-	-	-	-	-	-	-	-	-	-	-	-	-	-	-	-	-	-	-	-	-	-	-	-	-	-	-	-	-	-	-	-	-	-	-	-	-	-	-	-	-	-	-	-	-	-	-	-	-	-	-	-	-	-	-	-	-	-	-	-	-	-	-	-	-	-	-	-	-	-	-	-	-	-	-	-	-	-	-	-	-	-	-	-	-	-	-	-	-	-	-	-	-	-	-	-	-	-	-	-	-	-	-	-	-	-	-	-	-	-	-	-	-	-	-	-	-	-	-	-	-	-	-	-	-	-	-	-	-	-	-	-	-	-	-	-	-	-	-	-	-	-	-	-	-	-	-	-	-	-	-	-	-	-	-	-	-	-	-	-	-	-	-	-	-	-	-	-	-	-	-	-	-	-	-	-	-	-	-	-	-	-	-	-	-	-	-	-	-	-	-	-	-	-	-	-	-	-	-	-	-	-	-	-	-	-	-	-	-	-	-	-	-	-	-	-	-	-	-	-	-	-	-	-	-	-	-	-	-	-	-	-	-	-	-	-	-	-	-	-	-	-	-	-	-	-	-	-	-	-	-	A	T	G	A	A	G	G	C	T	C	T	G	A	G	C	C	C	G	G	T	G	C	G	C	-	-	-	-	-	-	-	-	-	G	G	C	T	G	C	T	A	C	G	A	G	G	C	G	G	T	G	T	G	C	T	G	C	T	T	G	T	C	G	G	A	A	C	G	C	A	G	C	C	T	-	-	-	-	G	G	C	C	A	T	T	G	C	G	C	G	G	G	G	C	C	G	A	-	-	-	A	C	C	A	A	G	G	G	T	C	C	A	G	G	C	G	C	A	G	A	G	G	A	G	C	C	G	C	T	G	A	G	C	C	T	T	C	T	C	G	A	C	G	A	C	A	T	G	A	A	C	C	A	T	T	G	C	T	A	T	T	C	A	C	G	T	C	T	G	C	G	G	G	A	A	C	T	G	G	T	A	C	C	C	G	G	A	G	T	C	C	C	G	C	G	A	G	G	C	A	C	T	C	A	G	C	T	T	A	G	C	C	A	G	G	T	G	G	A	A	A	T	C	T	T	G	C	A	G	C	G	C	G	T	C	A	T	C	G	A	C	T	A	C	A	T	C	C	T	C	G	A	C	C	T	G	C	A	G	G	T	G	G	T	C	C	T	-	-	-	G	-	-	-	-	-	-	-	-	-	-	-	-	-	-	-	-	-	-	-	-	-	-	-	-	-	-	-	-	-	-	-	-	-	-	-	-	-	-	-	-	-	-	-	-	-	-	-	-	-	-	-	-	-	-	-	-	-	-	-	-	-	-	-	-	-	-	-	-	-	-	-	-	-	-	-	-	-	-	-	-	-	-	-	-	-	-	-	-	-	-	-	-	-	-	-	-	G	C	C	G	A	G	-	-	-	-	-	-	-	-	-	-	-	-	-	-	-	-	-	-	-	-	-	-	-	-	-	-	-	-	-	-	-	-	C	C	G	G	C	-	-	-	T	C	C	T	G	G	A	C	-	-	-	-	-	-	-	-	-	C	C	C	C	A	G	A	-	-	-	-	-	-	-	-	-	-	-	-	-	C	G	G	T	C	C	C	C	A	T	C	T	T	C	C	C	A	T	C	-	-	-	-	-	-	-	-	-	-	-	-	-	-	-	-	-	-	-	-	-	-	-	-	-	-	-	-	-	-	-	-	-	-	-	-	-	-	-	-	-	-	-	-	-	-	-	-	-	-	-	-	-	-	-	-	-	-	-	-	-	-	-	-	-	-	-	-	-	-	-	-	-	-	-	-	-	-	-	-	-	-	-	-	-	-	-	-	-	-	-	-	-	-	-	-	-	-	-	-	-	-	-	-	-	-	-	-	-	-	-	-	-	-	-	-	-	C	A	G	-	-	A	-	-	-	-	-	-	-	-	-	-	-	-	-	-	C	T	G	C	A	-	-	-	-	-	-	-	-	-	-	-	-	-	-	-	-	-	-	G	A	G	C	T	C	G	-	-	-	-	-	-	C	T	C	C	A	G	A	A	-	-	-	-	-	-	-	-	-	-	-	-	-	-	-	-	C	T	T	G	-	-	-	-	-	-	-	-	T	G	A	T	C	T	C	C	A	A	C	G	A	C	A	A	G	A	G	A	A	G	C	-	-	-	-	-	-	C	T	C	-	-	-	-	-	-	-	-	-	-	-	-	-	-	-	T	A	-	-	C	C	A	C	T	G	A	-	-	-	-	-	-	-	-	-	-	-	-	-	-	-	-	-	-	-	-	-	-	-	-	-	-	-	-	-	-	-	-	-	-	-	-	-	-	-	-	-	-	-	-	-	-	-	-	-	-	-	-	-	-	-	-	-	-	-	-	-	-	-	-	-	-	-	-	-	-	-	-	-	-	-	-	-	-	-	-	-	-	-	-	-	-	-	-	Chordata	Mammalia	Eulipotyphla	Erinaceidae	Erinaceus	10.1	3.5	6.6	Polyphasic	nocturnal	0.77	3.5	35.5	0.653465346534654	0.346534653465347	4.54545454545455
echinops_telfairi	-	-	-	-	-	-	-	-	-	-	-	-	-	-	-	-	-	-	-	-	-	-	-	-	-	-	-	-	-	-	-	-	-	-	-	-	-	-	-	-	-	-	-	-	-	-	-	-	-	-	-	-	-	-	-	-	-	-	-	-	-	-	-	-	-	-	-	-	-	-	-	-	-	-	-	-	-	-	-	-	-	-	-	-	-	-	-	-	-	-	-	-	-	-	-	-	-	-	-	-	-	-	-	-	-	-	-	-	-	-	-	-	-	-	-	-	-	-	-	-	-	-	-	-	-	-	-	-	-	-	-	-	-	-	-	-	-	-	-	-	-	-	-	-	-	-	-	-	-	-	-	-	-	-	-	-	-	-	-	-	-	-	-	-	-	-	-	-	-	-	-	-	-	-	-	-	-	-	-	-	-	-	-	-	-	-	-	-	-	-	-	-	-	-	-	-	-	-	-	-	-	-	-	-	-	-	-	-	-	-	-	-	-	-	-	-	-	-	-	-	-	-	-	-	-	-	-	-	-	-	-	-	-	-	-	-	-	-	-	-	-	-	-	-	-	-	-	-	-	-	-	-	-	-	-	-	-	-	-	-	-	-	-	-	-	-	-	-	-	-	-	-	-	-	-	-	-	-	-	-	-	-	-	-	-	-	-	-	-	-	-	-	-	-	-	-	-	-	-	-	-	-	-	-	-	-	-	-	-	-	-	-	-	-	-	-	-	-	-	-	-	-	-	-	-	-	-	-	-	-	-	-	-	-	-	-	-	-	-	-	-	-	-	-	-	-	-	-	-	-	-	-	-	-	-	-	-	-	-	-	-	-	-	-	-	-	-	-	-	-	-	-	-	-	-	-	-	-	-	-	-	-	-	-	-	-	-	-	-	-	-	-	-	-	-	-	-	-	-	-	-	-	-	-	-	-	-	-	-	-	-	-	-	-	-	-	-	-	-	-	-	-	-	-	-	-	-	-	-	-	-	-	-	-	-	-	-	-	-	-	-	-	-	-	-	-	-	-	-	-	-	-	-	-	-	-	-	-	-	-	-	-	-	-	-	-	-	-	-	-	-	-	-	-	-	-	-	-	-	-	-	-	-	-	-	-	-	-	-	-	-	-	-	-	-	-	-	-	-	-	-	-	-	-	-	-	-	-	-	-	-	-	-	-	-	-	-	-	-	-	-	-	-	-	-	-	A	T	G	A	A	G	G	C	G	C	T	G	A	G	C	C	C	G	G	T	G	C	G	T	-	-	-	-	-	-	-	-	-	G	G	C	T	G	C	T	A	C	G	A	G	G	C	A	G	T	G	T	G	T	T	G	T	C	T	G	T	C	G	G	A	G	C	G	C	A	G	C	C	T	-	-	-	-	G	G	C	C	A	T	C	G	C	C	C	G	G	G	G	C	C	G	A	-	-	-	G	G	C	A	A	G	G	G	T	C	C	T	G	C	A	G	C	C	G	A	G	G	A	G	C	C	G	C	T	G	A	G	C	C	T	G	C	T	G	G	A	C	G	A	C	A	T	G	A	A	C	C	A	C	T	G	T	T	A	C	T	C	G	C	G	C	C	T	A	C	G	G	G	A	A	C	T	G	G	T	A	C	C	C	G	G	T	G	T	C	C	C	G	C	G	A	G	G	T	A	C	T	C	A	G	C	T	T	A	G	C	C	A	G	G	T	G	G	A	A	A	T	C	C	T	G	C	A	G	C	G	C	G	T	C	A	T	C	G	A	C	T	A	C	A	T	C	C	T	C	G	A	T	C	T	G	C	A	G	G	T	G	G	T	C	C	T	-	-	-	T	-	-	-	-	-	-	-	-	-	-	-	-	-	-	-	-	-	-	-	-	-	-	-	-	-	-	-	-	-	-	-	-	-	-	-	-	-	-	-	-	-	-	-	-	-	-	-	-	-	-	-	-	-	-	-	-	-	-	-	-	-	-	-	-	-	-	-	-	-	-	-	-	-	-	-	-	-	-	-	-	-	-	-	-	-	-	-	-	-	-	-	-	-	-	-	-	G	C	C	G	A	G	-	-	-	-	-	-	-	-	-	-	-	-	-	-	-	-	-	-	-	-	-	-	-	-	-	-	-	-	-	-	-	-	C	C	G	G	C	-	-	-	A	C	C	C	G	G	A	C	-	-	-	-	-	-	-	-	-	C	C	C	C	A	G	A	-	-	-	-	-	-	-	-	-	-	-	-	-	C	G	G	C	C	C	T	C	A	T	C	T	C	G	C	C	A	T	C	-	-	-	-	-	-	-	-	-	-	-	-	-	-	-	-	-	-	-	-	-	-	-	-	-	-	-	-	-	-	-	-	-	-	-	-	-	-	-	-	-	-	-	-	-	-	-	-	-	-	-	-	-	-	-	-	-	-	-	-	-	-	-	-	-	-	-	-	-	-	-	-	-	-	-	-	-	-	-	-	-	-	-	-	-	-	-	-	-	-	-	-	-	-	-	-	-	-	-	-	-	-	-	-	-	-	-	-	-	-	-	-	-	-	-	-	-	C	A	G	-	-	A	-	-	-	-	-	-	-	-	-	-	-	-	-	-	C	A	G	C	C	-	-	-	-	-	-	-	-	-	-	-	-	-	-	-	-	-	-	G	A	A	C	T	T	A	-	-	-	-	-	-	C	T	C	C	A	G	A	A	-	-	-	-	-	-	-	-	-	-	-	-	-	-	-	-	C	T	T	G	-	-	-	-	-	-	-	-	T	G	A	T	C	T	C	T	A	A	C	G	A	C	A	A	G	A	G	G	A	G	C	-	-	-	-	-	-	T	T	C	-	-	-	-	-	-	-	-	-	-	-	-	-	-	-	T	G	-	-	C	C	A	C	T	G	A	-	-	-	-	-	-	-	-	-	-	-	-	-	-	-	-	-	-	-	-	-	-	-	-	-	-	-	-	-	-	-	-	-	-	-	-	-	-	-	-	-	-	-	-	-	-	-	-	-	-	-	-	-	-	-	-	-	-	-	-	-	-	-	-	-	-	-	-	-	-	-	-	-	-	-	-	-	-	-	-	-	-	-	-	-	-	-	-	Chordata	Mammalia	Afrosoricida	Tenrecidae	Echinops	13.3				nocturnal						
mus_musculus	-	-	-	-	-	-	-	-	-	-	-	-	-	-	-	-	-	-	-	-	-	-	-	-	-	-	-	-	-	-	-	-	-	-	-	-	-	-	-	-	-	-	-	-	-	-	-	-	-	-	-	-	-	-	-	-	-	-	-	-	-	-	-	-	-	-	-	-	-	-	-	-	-	-	-	-	-	-	-	-	-	-	-	-	-	-	-	-	-	-	-	-	-	-	-	-	-	-	-	-	-	-	-	-	-	-	-	-	-	-	-	-	-	-	-	-	-	-	-	-	-	-	-	-	-	-	-	-	-	-	-	-	-	-	-	-	-	-	-	-	-	-	-	-	-	-	-	-	-	-	-	-	-	-	-	-	-	-	-	-	-	-	-	-	-	-	-	-	-	-	-	-	-	-	-	-	-	-	-	-	-	-	-	-	-	-	-	-	-	-	-	-	-	-	-	-	-	-	-	-	-	-	-	-	-	-	-	-	-	-	-	-	-	-	-	-	-	-	-	-	-	-	-	-	-	-	-	-	-	-	-	-	-	-	-	-	-	-	-	-	-	-	-	-	-	-	-	-	-	-	-	-	-	-	-	-	-	-	-	-	-	-	-	-	-	-	-	-	-	-	-	-	-	-	-	-	-	-	-	-	-	-	-	-	-	-	-	-	-	-	-	-	-	-	-	-	-	-	-	-	-	-	-	-	-	-	-	-	-	-	-	-	-	-	-	-	-	-	-	-	-	-	-	-	-	-	-	-	-	-	-	-	-	-	-	-	-	-	-	-	-	-	-	-	-	-	-	-	-	-	-	-	-	-	-	-	-	-	-	-	-	-	-	-	-	-	-	-	-	-	-	-	-	-	-	-	-	-	-	-	-	-	-	-	-	-	-	-	-	-	-	-	-	-	-	-	-	-	-	-	-	-	-	-	-	-	-	-	-	-	-	-	-	-	-	-	-	-	-	-	-	-	-	-	-	-	-	-	-	-	-	-	-	-	-	-	-	-	-	-	-	-	-	-	-	-	-	-	-	-	-	-	-	-	-	-	-	-	-	-	-	-	-	-	-	-	-	-	-	-	-	-	-	-	-	-	-	-	-	-	-	-	-	-	-	-	-	-	-	-	-	-	-	-	-	-	-	-	-	-	-	-	-	-	-	-	-	-	-	-	-	-	-	-	-	-	-	-	-	-	-	-	-	-	-	-	A	T	G	A	A	G	G	C	G	C	T	G	A	G	C	C	C	G	G	T	G	C	G	C	-	-	-	-	-	-	-	-	-	G	G	C	T	G	C	T	A	C	G	A	G	G	C	G	G	T	G	T	G	C	T	G	C	C	T	G	T	C	G	G	A	A	C	G	T	A	G	C	C	T	-	-	-	-	G	G	C	C	A	T	T	G	C	G	C	G	A	G	G	C	C	G	C	-	-	-	G	G	T	A	A	G	A	G	C	C	C	G	T	C	G	A	C	C	G	A	G	G	A	G	C	C	T	C	T	T	A	G	C	C	T	C	T	T	G	G	A	C	G	A	C	A	T	G	A	A	C	C	A	C	T	G	C	T	A	C	T	C	G	C	G	C	C	T	G	C	G	G	G	A	A	C	T	G	G	T	G	C	C	G	G	G	A	G	T	C	C	C	G	C	G	A	G	G	C	A	C	T	C	A	G	C	T	T	A	G	C	C	A	G	G	T	G	G	A	A	A	T	C	C	T	G	C	A	G	C	G	T	G	T	C	A	T	A	G	A	C	T	A	C	A	T	C	C	T	C	G	A	C	C	T	T	C	A	G	G	T	G	G	T	C	C	T	-	-	-	G	-	-	-	-	-	-	-	-	-	-	-	-	-	-	-	-	-	-	-	-	-	-	-	-	-	-	-	-	-	-	-	-	-	-	-	-	-	-	-	-	-	-	-	-	-	-	-	-	-	-	-	-	-	-	-	-	-	-	-	-	-	-	-	-	-	-	-	-	-	-	-	-	-	-	-	-	-	-	-	-	-	-	-	-	-	-	-	-	-	-	-	-	-	-	-	-	G	C	A	G	A	G	-	-	-	-	-	-	-	-	-	-	-	-	-	-	-	-	-	-	-	-	-	-	-	-	-	-	-	-	-	-	-	-	C	C	G	G	C	-	-	-	G	C	C	T	G	G	A	C	-	-	-	-	-	-	-	-	-	C	C	C	C	G	G	A	-	-	-	-	-	-	-	-	-	-	-	-	-	C	G	G	T	C	C	G	C	A	T	C	T	C	C	C	G	A	T	C	-	-	-	-	-	-	-	-	-	-	-	-	-	-	-	-	-	-	-	-	-	-	-	-	-	-	-	-	-	-	-	-	-	-	-	-	-	-	-	-	-	-	-	-	-	-	-	-	-	-	-	-	-	-	-	-	-	-	-	-	-	-	-	-	-	-	-	-	-	-	-	-	-	-	-	-	-	-	-	-	-	-	-	-	-	-	-	-	-	-	-	-	-	-	-	-	-	-	-	-	-	-	-	-	-	-	-	-	-	-	-	-	-	-	-	-	-	C	A	G	-	-	A	-	-	-	-	-	-	-	-	-	-	-	-	-	-	C	A	G	C	T	-	-	-	-	-	-	-	-	-	-	-	-	-	-	-	-	-	-	G	A	G	C	T	C	A	-	-	-	-	-	-	C	T	C	C	G	G	A	A	-	-	-	-	-	-	-	-	-	-	-	-	-	-	-	-	C	T	T	G	-	-	-	-	-	-	-	-	T	G	A	T	C	T	C	C	A	A	G	G	A	C	A	A	G	A	G	G	A	G	C	-	-	-	-	-	-	T	T	T	-	-	-	-	-	-	-	-	-	-	-	-	-	-	-	T	G	-	-	C	C	A	C	T	G	A	-	-	-	-	-	-	-	-	-	-	-	-	-	-	-	-	-	-	-	-	-	-	-	-	-	-	-	-	-	-	-	-	-	-	-	-	-	-	-	-	-	-	-	-	-	-	-	-	-	-	-	-	-	-	-	-	-	-	-	-	-	-	-	-	-	-	-	-	-	-	-	-	-	-	-	-	-	-	-	-	-	-	-	-	-	-	-	-	Chordata	Mammalia	Rodentia	Muridae	Mus	12.5	1.4	11.1	Polyphasic	nocturnal	0.022	0.4	21.2	0.888	0.112	18.1818181818182
rattus_norvegicus	-	-	-	-	-	-	-	-	-	-	-	-	-	-	-	-	-	-	-	-	-	-	-	-	-	-	-	-	-	-	-	-	-	-	-	-	-	-	-	-	-	-	-	-	-	-	-	-	-	-	-	-	-	-	-	-	-	-	-	-	-	-	-	-	-	-	-	-	-	-	-	-	-	-	-	-	-	-	-	-	-	-	-	-	-	-	-	-	-	-	-	-	-	-	-	-	-	-	-	-	-	-	-	-	-	-	-	-	-	-	-	-	-	-	-	-	-	-	-	-	-	-	-	-	-	-	-	-	-	-	-	-	-	-	-	-	-	-	-	-	-	-	-	-	-	-	-	-	-	-	-	-	-	-	-	-	-	-	-	-	-	-	-	-	-	-	-	-	-	-	-	-	-	-	-	-	-	-	-	-	-	-	-	-	-	-	-	-	-	-	-	-	-	-	-	-	-	-	-	-	-	-	-	-	-	-	-	-	-	-	-	-	-	-	-	-	-	-	-	-	-	-	-	-	-	-	-	-	-	-	-	-	-	-	-	-	-	-	-	-	-	-	-	-	-	-	-	-	-	-	-	-	-	-	-	-	-	-	-	-	-	-	-	-	-	-	-	-	-	-	-	-	-	-	-	-	-	-	-	-	-	-	-	-	-	-	-	-	-	-	-	-	-	-	-	-	-	-	-	-	-	-	-	-	-	-	-	-	-	-	-	-	-	-	-	-	-	-	-	-	-	-	-	-	-	-	-	-	-	-	-	-	-	-	-	-	-	-	-	-	-	-	-	-	-	-	-	-	-	-	-	-	-	-	-	-	-	-	-	-	-	-	-	-	-	-	-	-	-	-	-	-	-	-	-	-	-	-	-	-	-	-	-	-	-	-	-	-	-	-	-	-	-	-	-	-	-	-	-	-	-	-	-	-	-	-	-	-	-	-	-	-	-	-	-	-	-	-	-	-	-	-	-	-	-	-	-	-	-	-	-	-	-	-	-	-	-	-	-	-	-	-	-	-	-	-	-	-	-	-	-	-	-	-	-	-	-	-	-	-	-	-	-	-	-	-	-	-	-	-	-	-	-	-	-	-	-	-	-	-	-	-	-	-	-	-	-	-	-	-	-	-	-	-	-	-	-	-	-	-	-	-	-	-	-	-	-	-	-	-	-	-	-	-	-	-	-	-	-	-	-	-	-	-	-	-	A	T	G	A	A	G	G	C	G	C	T	G	A	G	C	C	C	G	G	T	G	C	G	C	-	-	-	-	-	-	-	-	-	G	G	C	T	G	C	T	A	C	G	A	G	G	C	G	G	T	G	T	G	C	T	G	C	C	T	G	T	C	G	G	A	A	C	G	T	A	G	C	C	T	-	-	-	-	A	G	C	C	A	T	T	G	C	G	C	G	A	G	G	C	C	G	G	-	-	-	G	G	T	A	A	G	A	G	C	C	C	G	T	C	G	G	C	G	G	A	G	G	A	G	C	C	G	C	T	T	A	G	C	C	T	C	T	T	G	G	A	C	G	A	C	A	T	G	A	A	C	C	A	C	T	G	C	T	A	C	T	C	G	C	G	C	C	T	G	C	G	G	G	A	A	C	T	G	G	T	G	C	C	G	G	G	A	G	T	C	C	C	G	C	G	G	G	G	C	A	C	T	C	A	G	C	T	T	A	G	C	C	A	G	G	T	G	G	A	A	A	T	C	C	T	G	C	A	G	C	G	T	G	T	C	A	T	A	G	A	C	T	A	C	A	T	C	C	T	C	G	A	C	C	T	T	C	A	A	G	T	G	G	T	T	C	T	-	-	-	G	-	-	-	-	-	-	-	-	-	-	-	-	-	-	-	-	-	-	-	-	-	-	-	-	-	-	-	-	-	-	-	-	-	-	-	-	-	-	-	-	-	-	-	-	-	-	-	-	-	-	-	-	-	-	-	-	-	-	-	-	-	-	-	-	-	-	-	-	-	-	-	-	-	-	-	-	-	-	-	-	-	-	-	-	-	-	-	-	-	-	-	-	-	-	-	-	G	C	A	G	A	G	-	-	-	-	-	-	-	-	-	-	-	-	-	-	-	-	-	-	-	-	-	-	-	-	-	-	-	-	-	-	-	-	C	C	C	G	C	-	-	-	G	C	C	T	G	G	A	C	-	-	-	-	-	-	-	-	-	C	C	C	C	G	G	A	-	-	-	-	-	-	-	-	-	-	-	-	-	T	G	G	T	C	C	G	C	A	T	C	T	C	C	C	G	A	T	C	-	-	-	-	-	-	-	-	-	-	-	-	-	-	-	-	-	-	-	-	-	-	-	-	-	-	-	-	-	-	-	-	-	-	-	-	-	-	-	-	-	-	-	-	-	-	-	-	-	-	-	-	-	-	-	-	-	-	-	-	-	-	-	-	-	-	-	-	-	-	-	-	-	-	-	-	-	-	-	-	-	-	-	-	-	-	-	-	-	-	-	-	-	-	-	-	-	-	-	-	-	-	-	-	-	-	-	-	-	-	-	-	-	-	-	-	-	C	A	G	-	-	A	-	-	-	-	-	-	-	-	-	-	-	-	-	-	C	A	G	C	T	-	-	-	-	-	-	-	-	-	-	-	-	-	-	-	-	-	-	G	A	G	C	T	C	A	-	-	-	-	-	-	C	T	C	C	G	G	A	A	-	-	-	-	-	-	-	-	-	-	-	-	-	-	-	-	C	T	T	G	-	-	-	-	-	-	-	-	T	G	A	T	C	T	C	C	A	A	G	G	A	C	A	A	G	A	G	G	A	G	T	-	-	-	-	-	-	T	T	T	-	-	-	-	-	-	-	-	-	-	-	-	-	-	-	T	G	-	-	C	C	A	C	T	G	A	-	-	-	-	-	-	-	-	-	-	-	-	-	-	-	-	-	-	-	-	-	-	-	-	-	-	-	-	-	-	-	-	-	-	-	-	-	-	-	-	-	-	-	-	-	-	-	-	-	-	-	-	-	-	-	-	-	-	-	-	-	-	-	-	-	-	-	-	-	-	-	-	-	-	-	-	-	-	-	-	-	-	-	-	-	-	-	-	Chordata	Mammalia	Rodentia	Muridae	Rattus	13	2.4	10.6	Polyphasic	nocturnal	0.32	1.9	21.8	0.815384615384615	0.184615384615385	5.9375
mesocricetus_auratus	-	-	-	-	-	-	-	-	-	-	-	-	-	-	-	-	-	-	-	-	-	-	-	-	-	-	-	-	-	-	-	-	-	-	-	-	-	-	-	-	-	-	-	-	-	-	-	-	-	-	-	-	-	-	-	-	-	-	-	-	-	-	-	-	-	-	-	-	-	-	-	-	-	-	-	-	-	-	-	-	-	-	-	-	-	-	-	-	-	-	-	-	-	-	-	-	-	-	-	-	-	-	-	-	-	-	-	-	-	-	-	-	-	-	-	-	-	-	-	-	-	-	-	-	-	-	-	-	-	-	-	-	-	-	-	-	-	-	-	-	-	-	-	-	-	-	-	-	-	-	-	-	-	-	-	-	-	-	-	-	-	-	-	-	-	-	-	-	-	-	-	-	-	-	-	-	-	-	-	-	-	-	-	-	-	-	-	-	-	-	-	-	-	-	-	-	-	-	-	-	-	-	-	-	-	-	-	-	-	-	-	-	-	-	-	-	-	-	-	-	-	-	-	-	-	-	-	-	-	-	-	-	-	-	-	-	-	-	-	-	-	-	-	-	-	-	-	-	-	-	-	-	-	-	-	-	-	-	-	-	-	-	-	-	-	-	-	-	-	-	-	-	-	-	-	-	-	-	-	-	-	-	-	-	-	-	-	-	-	-	-	-	-	-	-	-	-	-	-	-	-	-	-	-	-	-	-	-	-	-	-	-	-	-	-	-	-	-	-	-	-	-	-	-	-	-	-	-	-	-	-	-	-	-	-	-	-	-	-	-	-	-	-	-	-	-	-	-	-	-	-	-	-	-	-	-	-	-	-	-	-	-	-	-	-	-	-	-	-	-	-	-	-	-	-	-	-	-	-	-	-	-	-	-	-	-	-	-	-	-	-	-	-	-	-	-	-	-	-	-	-	-	-	-	-	-	-	-	-	-	-	-	-	-	-	-	-	-	-	-	-	-	-	-	-	-	-	-	-	-	-	-	-	-	-	-	-	-	-	-	-	-	-	-	-	-	-	-	-	-	-	-	-	-	-	-	-	-	-	-	-	-	-	-	-	-	-	-	-	-	-	-	-	-	-	-	-	-	-	-	-	-	-	-	-	-	-	-	-	-	-	-	-	-	-	-	-	-	-	-	-	-	-	-	-	-	-	-	-	-	-	-	-	-	-	-	-	-	-	-	-	-	-	-	-	-	A	T	G	A	A	G	G	C	A	C	T	G	A	G	T	C	C	A	G	T	G	C	G	C	-	-	-	-	-	-	-	-	-	G	G	C	T	G	C	T	A	C	G	A	A	G	C	A	G	T	G	T	G	C	T	G	C	C	T	C	T	C	G	G	A	A	C	G	C	A	G	C	C	T	-	-	-	-	G	G	C	C	A	T	C	G	C	G	C	G	G	G	G	C	C	G	C	-	-	-	G	G	C	A	A	G	A	G	C	C	C	G	G	C	G	G	C	G	G	A	G	G	A	G	C	C	G	C	T	T	A	G	T	C	T	C	C	T	G	G	A	C	G	A	C	A	T	G	A	A	C	C	A	C	T	G	C	T	A	C	T	C	G	C	G	C	C	T	G	C	G	G	G	A	A	C	T	G	G	T	G	C	C	G	G	G	A	G	T	C	C	C	G	C	G	A	G	G	C	A	C	C	C	A	G	C	T	T	A	G	C	C	A	G	G	T	G	G	A	A	A	T	C	C	T	G	C	A	G	C	G	T	G	T	C	A	T	A	G	A	C	T	A	C	A	T	C	C	T	C	G	A	C	C	T	G	C	A	G	G	T	G	G	T	C	C	T	-	-	-	G	-	-	-	-	-	-	-	-	-	-	-	-	-	-	-	-	-	-	-	-	-	-	-	-	-	-	-	-	-	-	-	-	-	-	-	-	-	-	-	-	-	-	-	-	-	-	-	-	-	-	-	-	-	-	-	-	-	-	-	-	-	-	-	-	-	-	-	-	-	-	-	-	-	-	-	-	-	-	-	-	-	-	-	-	-	-	-	-	-	-	-	-	-	-	-	-	G	C	A	G	A	G	-	-	-	-	-	-	-	-	-	-	-	-	-	-	-	-	-	-	-	-	-	-	-	-	-	-	-	-	-	-	-	-	C	C	G	G	C	-	-	-	G	C	C	T	G	G	G	C	-	-	-	-	-	-	-	-	-	C	C	C	C	G	G	A	-	-	-	-	-	-	-	-	-	-	-	-	-	C	G	G	T	C	C	C	C	A	T	C	T	C	C	C	G	A	T	C	-	-	-	-	-	-	-	-	-	-	-	-	-	-	-	-	-	-	-	-	-	-	-	-	-	-	-	-	-	-	-	-	-	-	-	-	-	-	-	-	-	-	-	-	-	-	-	-	-	-	-	-	-	-	-	-	-	-	-	-	-	-	-	-	-	-	-	-	-	-	-	-	-	-	-	-	-	-	-	-	-	-	-	-	-	-	-	-	-	-	-	-	-	-	-	-	-	-	-	-	-	-	-	-	-	-	-	-	-	-	-	-	-	-	-	-	-	C	A	G	-	-	A	-	-	-	-	-	-	-	-	-	-	-	-	-	-	C	A	G	C	T	-	-	-	-	-	-	-	-	-	-	-	-	-	-	-	-	-	-	G	A	G	C	T	C	A	-	-	-	-	-	-	C	T	C	C	G	G	A	A	-	-	-	-	-	-	-	-	-	-	-	-	-	-	-	-	C	T	T	G	-	-	-	-	-	-	-	-	T	G	A	T	C	T	C	C	A	A	C	G	A	C	A	A	G	A	G	G	A	G	C	-	-	-	-	-	-	T	T	T	-	-	-	-	-	-	-	-	-	-	-	-	-	-	-	T	G	-	-	C	C	A	C	T	G	A	-	-	-	-	-	-	-	-	-	-	-	-	-	-	-	-	-	-	-	-	-	-	-	-	-	-	-	-	-	-	-	-	-	-	-	-	-	-	-	-	-	-	-	-	-	-	-	-	-	-	-	-	-	-	-	-	-	-	-	-	-	-	-	-	-	-	-	-	-	-	-	-	-	-	-	-	-	-	-	-	-	-	-	-	-	-	-	-	Chordata	Mammalia	Rodentia	Cricetidae	Mesocricetus	14.3	3.1	11.2	Polyphasic	nocturnal	0.12	1	16	0.783216783216783	0.216783216783217	8.33333333333333
microtus_ochrogaster	-	-	-	-	-	-	-	-	-	-	-	-	-	-	-	-	-	-	-	-	-	-	-	-	-	-	-	-	-	-	-	-	-	-	-	-	-	-	-	-	-	-	-	-	-	-	-	-	-	-	-	-	-	-	-	-	-	-	-	-	-	-	-	-	-	-	-	-	-	-	-	-	-	-	-	-	-	-	-	-	-	-	-	-	-	-	-	-	-	-	-	-	-	-	-	-	-	-	-	-	-	-	-	-	-	-	-	-	-	-	-	-	-	-	-	-	-	-	-	-	-	-	-	-	-	-	-	-	-	-	-	-	-	-	-	-	-	-	-	-	-	-	-	-	-	-	-	-	-	-	-	-	-	-	-	-	-	-	-	-	-	-	-	-	-	-	-	-	-	-	-	-	-	-	-	-	-	-	-	-	-	-	-	-	-	-	-	-	-	-	-	-	-	-	-	-	-	-	-	-	-	-	-	-	-	-	-	-	-	-	-	-	-	-	-	-	-	-	-	-	-	-	-	-	-	-	-	-	-	-	-	-	-	-	-	-	-	-	-	-	-	-	-	-	-	-	-	-	-	-	-	-	-	-	-	-	-	-	-	-	-	-	-	-	-	-	-	-	-	-	-	-	-	-	-	-	-	-	-	-	-	-	-	-	-	-	-	-	-	-	-	-	-	-	-	-	-	-	-	-	-	-	-	-	-	-	-	-	-	-	-	-	-	-	-	-	-	-	-	-	-	-	-	-	-	-	-	-	-	-	-	-	-	-	-	-	-	-	-	-	-	-	-	-	-	-	-	-	-	-	-	-	-	-	-	-	-	-	-	-	-	-	-	-	-	-	-	-	-	-	-	-	-	-	-	-	-	-	-	-	-	-	-	-	-	-	-	-	-	-	-	-	-	-	-	-	-	-	-	-	-	-	-	-	-	-	-	-	-	-	-	-	-	-	-	-	-	-	-	-	-	-	-	-	-	-	-	-	-	-	-	-	-	-	-	-	-	-	-	-	-	-	-	-	-	-	-	-	-	-	-	-	-	-	-	-	-	-	-	-	-	-	-	-	-	-	-	-	-	-	-	-	-	-	-	-	-	-	-	-	-	-	-	-	-	-	-	-	-	-	-	-	-	-	-	-	-	-	-	-	-	-	-	-	-	-	-	-	-	-	-	-	-	-	-	-	-	-	-	-	-	-	-	-	-	-	A	T	G	A	A	G	G	C	G	C	T	G	A	G	C	C	C	G	G	T	G	C	G	C	-	-	-	-	-	-	-	-	-	G	G	C	T	G	C	T	A	C	G	A	A	G	C	A	G	T	G	T	G	C	T	G	C	C	T	G	T	C	G	G	A	A	C	G	C	A	G	C	T	T	-	-	-	-	G	G	C	C	A	T	C	G	C	T	C	G	G	G	G	C	C	G	C	-	-	-	G	G	C	A	A	G	A	G	C	C	C	G	G	C	G	G	C	C	G	A	G	G	A	A	C	C	G	C	T	T	A	G	C	C	T	C	C	T	G	G	A	C	G	A	C	A	T	G	A	A	C	C	A	C	T	G	C	T	A	C	T	C	G	C	G	C	C	T	G	C	G	G	G	A	A	C	T	G	G	T	G	C	C	G	G	G	A	G	T	C	C	C	G	A	G	A	G	G	C	A	C	T	C	A	G	C	T	T	A	G	C	C	A	G	G	T	G	G	A	A	A	T	C	C	T	G	C	A	G	C	G	T	G	T	C	A	T	A	G	A	C	T	A	C	A	T	C	C	T	C	G	A	C	C	T	G	C	A	G	G	T	G	G	T	C	C	T	-	-	-	G	-	-	-	-	-	-	-	-	-	-	-	-	-	-	-	-	-	-	-	-	-	-	-	-	-	-	-	-	-	-	-	-	-	-	-	-	-	-	-	-	-	-	-	-	-	-	-	-	-	-	-	-	-	-	-	-	-	-	-	-	-	-	-	-	-	-	-	-	-	-	-	-	-	-	-	-	-	-	-	-	-	-	-	-	-	-	-	-	-	-	-	-	-	-	-	-	G	C	A	G	A	G	-	-	-	-	-	-	-	-	-	-	-	-	-	-	-	-	-	-	-	-	-	-	-	-	-	-	-	-	-	-	-	-	C	C	G	G	C	-	-	-	G	C	C	T	G	G	A	C	-	-	-	-	-	-	-	-	-	C	C	C	C	G	G	A	-	-	-	-	-	-	-	-	-	-	-	-	-	C	G	G	T	C	C	G	C	A	T	C	T	C	C	C	G	A	T	C	-	-	-	-	-	-	-	-	-	-	-	-	-	-	-	-	-	-	-	-	-	-	-	-	-	-	-	-	-	-	-	-	-	-	-	-	-	-	-	-	-	-	-	-	-	-	-	-	-	-	-	-	-	-	-	-	-	-	-	-	-	-	-	-	-	-	-	-	-	-	-	-	-	-	-	-	-	-	-	-	-	-	-	-	-	-	-	-	-	-	-	-	-	-	-	-	-	-	-	-	-	-	-	-	-	-	-	-	-	-	-	-	-	-	-	-	-	C	A	G	-	-	A	-	-	-	-	-	-	-	-	-	-	-	-	-	-	C	A	G	C	T	-	-	-	-	-	-	-	-	-	-	-	-	-	-	-	-	-	-	G	A	G	C	T	T	A	-	-	-	-	-	-	C	T	C	C	G	G	A	A	-	-	-	-	-	-	-	-	-	-	-	-	-	-	-	-	C	T	T	G	-	-	-	-	-	-	-	-	T	G	A	T	C	T	C	C	A	A	C	G	A	C	A	A	G	A	G	G	A	G	C	-	-	-	-	-	-	T	T	T	-	-	-	-	-	-	-	-	-	-	-	-	-	-	-	T	G	-	-	C	C	A	C	T	G	A	-	-	-	-	-	-	-	-	-	-	-	-	-	-	-	-	-	-	-	-	-	-	-	-	-	-	-	-	-	-	-	-	-	-	-	-	-	-	-	-	-	-	-	-	-	-	-	-	-	-	-	-	-	-	-	-	-	-	-	-	-	-	-	-	-	-	-	-	-	-	-	-	-	-	-	-	-	-	-	-	-	-	-	-	-	-	-	-	Chordata	Mammalia	Rodentia	Cricetidae	Microtus	12.8				Cathemeral	0.035					
peromyscus_maniculatus_bairdii	-	-	-	-	-	-	-	-	-	-	-	-	-	-	-	-	-	-	-	-	-	-	-	-	-	-	-	-	-	-	-	-	-	-	-	-	-	-	-	-	-	-	-	-	-	-	-	-	-	-	-	-	-	-	-	-	-	-	-	-	-	-	-	-	-	-	-	-	-	-	-	-	-	-	-	-	-	-	-	-	-	-	-	-	-	-	-	-	-	-	-	-	-	-	-	-	-	-	-	-	-	-	-	-	-	-	-	-	-	-	-	-	-	-	-	-	-	-	-	-	-	-	-	-	-	-	-	-	-	-	-	-	-	-	-	-	-	-	-	-	-	-	-	-	-	-	-	-	-	-	-	-	-	-	-	-	-	-	-	-	-	-	-	-	-	-	-	-	-	-	-	-	-	-	-	-	-	-	-	-	-	-	-	-	-	-	-	-	-	-	-	-	-	-	-	-	-	-	-	-	-	-	-	-	-	-	-	-	-	-	-	-	-	-	-	-	-	-	-	-	-	-	-	-	-	-	-	-	-	-	-	-	-	-	-	-	-	-	-	-	-	-	-	-	-	-	-	-	-	-	-	-	-	-	-	-	-	-	-	-	-	-	-	-	-	-	-	-	-	-	-	-	-	-	-	-	-	-	-	-	-	-	-	-	-	-	-	-	-	-	-	-	-	-	-	-	-	-	-	-	-	-	-	-	-	-	-	-	-	-	-	-	-	-	-	-	-	-	-	-	-	-	-	-	-	-	-	-	-	-	-	-	-	-	-	-	-	-	-	-	-	-	-	-	-	-	-	-	-	-	-	-	-	-	-	-	-	-	-	-	-	-	-	-	-	-	-	-	-	-	-	-	-	-	-	-	-	-	-	-	-	-	-	-	-	-	-	-	-	-	-	-	-	-	-	-	-	-	-	-	-	-	-	-	-	-	-	-	-	-	-	-	-	-	-	-	-	-	-	-	-	-	-	-	-	-	-	-	-	-	-	-	-	-	-	-	-	-	-	-	-	-	-	-	-	-	-	-	-	-	-	-	-	-	-	-	-	-	-	-	-	-	-	-	-	-	-	-	-	-	-	-	-	-	-	-	-	-	-	-	-	-	-	-	-	-	-	-	-	-	-	-	-	-	-	-	-	-	-	-	-	-	-	-	-	-	-	-	-	-	-	-	-	-	-	-	-	-	-	-	-	-	-	-	-	-	A	T	G	A	A	G	G	C	G	C	T	G	A	G	C	C	C	G	G	T	G	C	G	C	-	-	-	-	-	-	-	-	-	G	G	C	T	G	C	T	A	C	G	A	G	G	C	G	G	T	G	T	G	C	T	G	T	C	T	G	T	C	G	G	A	A	C	G	C	A	G	C	C	T	-	-	-	-	G	G	C	C	A	T	C	G	C	G	C	G	G	G	G	C	C	G	C	-	-	-	G	G	C	A	A	G	A	G	C	C	C	G	G	C	G	G	C	C	G	A	G	G	A	G	C	C	G	C	T	T	A	G	C	C	T	C	C	T	G	G	A	C	G	A	C	A	T	G	A	A	C	C	A	C	T	G	C	T	A	C	T	C	G	C	G	C	C	T	G	C	G	G	G	A	A	C	T	G	G	T	G	C	C	G	G	G	A	G	T	C	C	C	G	C	G	A	G	G	C	A	C	T	C	A	G	C	T	T	A	G	C	C	A	G	G	T	G	G	A	A	A	T	C	C	T	G	C	A	G	C	G	T	G	T	C	A	T	A	G	A	C	T	A	C	A	T	C	C	T	C	G	A	C	C	T	G	C	A	G	G	T	G	G	T	C	C	T	-	-	-	G	-	-	-	-	-	-	-	-	-	-	-	-	-	-	-	-	-	-	-	-	-	-	-	-	-	-	-	-	-	-	-	-	-	-	-	-	-	-	-	-	-	-	-	-	-	-	-	-	-	-	-	-	-	-	-	-	-	-	-	-	-	-	-	-	-	-	-	-	-	-	-	-	-	-	-	-	-	-	-	-	-	-	-	-	-	-	-	-	-	-	-	-	-	-	-	-	G	C	A	G	A	G	-	-	-	-	-	-	-	-	-	-	-	-	-	-	-	-	-	-	-	-	-	-	-	-	-	-	-	-	-	-	-	-	C	C	G	G	C	-	-	-	G	C	C	T	G	G	A	C	-	-	-	-	-	-	-	-	-	C	C	C	C	G	G	A	-	-	-	-	-	-	-	-	-	-	-	-	-	C	G	G	T	C	C	G	C	A	T	C	T	C	C	C	G	A	T	C	-	-	-	-	-	-	-	-	-	-	-	-	-	-	-	-	-	-	-	-	-	-	-	-	-	-	-	-	-	-	-	-	-	-	-	-	-	-	-	-	-	-	-	-	-	-	-	-	-	-	-	-	-	-	-	-	-	-	-	-	-	-	-	-	-	-	-	-	-	-	-	-	-	-	-	-	-	-	-	-	-	-	-	-	-	-	-	-	-	-	-	-	-	-	-	-	-	-	-	-	-	-	-	-	-	-	-	-	-	-	-	-	-	-	-	-	-	C	A	G	-	-	A	-	-	-	-	-	-	-	-	-	-	-	-	-	-	C	A	T	C	T	-	-	-	-	-	-	-	-	-	-	-	-	-	-	-	-	-	-	G	A	G	C	T	C	A	-	-	-	-	-	-	C	T	C	C	G	G	A	A	-	-	-	-	-	-	-	-	-	-	-	-	-	-	-	-	C	T	T	G	-	-	-	-	-	-	-	-	T	G	A	T	C	T	C	C	A	A	C	G	A	C	A	A	G	A	G	G	A	G	C	-	-	-	-	-	-	T	T	T	-	-	-	-	-	-	-	-	-	-	-	-	-	-	-	T	G	-	-	C	C	A	C	T	G	A	-	-	-	-	-	-	-	-	-	-	-	-	-	-	-	-	-	-	-	-	-	-	-	-	-	-	-	-	-	-	-	-	-	-	-	-	-	-	-	-	-	-	-	-	-	-	-	-	-	-	-	-	-	-	-	-	-	-	-	-	-	-	-	-	-	-	-	-	-	-	-	-	-	-	-	-	-	-	-	-	-	-	-	-	-	-	-	-	Chordata	Mammalia	Rodentia	Cricetidae	Peromyscus	11.5				nocturnal	0.021					
dasypus_novemcinctus	-	-	-	-	-	-	-	-	-	-	-	-	-	-	-	-	-	-	-	-	-	-	-	-	-	-	-	-	-	-	-	-	-	-	-	-	-	-	-	-	-	-	-	-	-	-	-	-	-	-	-	-	-	-	-	-	-	-	-	-	-	-	-	-	-	-	-	-	-	-	-	-	-	-	-	-	-	-	-	-	-	-	-	-	-	-	-	-	-	-	-	-	-	-	-	-	-	-	-	-	-	-	-	-	-	-	-	-	-	-	-	-	-	-	-	-	-	-	-	-	-	-	-	-	-	-	-	-	-	-	-	-	-	-	-	-	-	-	-	-	-	-	-	-	-	-	-	-	-	-	-	-	-	-	-	-	-	-	-	-	-	-	-	-	-	-	-	-	-	-	-	-	-	-	-	-	-	-	-	-	-	-	-	-	-	-	-	-	-	-	-	-	-	-	-	-	-	-	-	-	-	-	-	-	-	-	-	-	-	-	-	-	-	-	-	-	-	-	-	-	-	-	-	-	-	-	-	-	-	-	-	-	-	-	-	-	-	-	-	-	-	-	-	-	-	-	-	-	-	-	-	-	-	-	-	-	-	-	-	-	-	-	-	-	-	-	-	-	-	-	-	-	-	-	-	-	-	-	-	-	-	-	-	-	-	-	-	-	-	-	-	-	-	-	-	-	-	-	-	-	-	-	-	-	-	-	-	-	-	-	-	-	-	-	-	-	-	-	-	-	-	-	-	-	-	-	-	-	-	-	-	-	-	-	-	-	-	-	-	-	-	-	-	-	-	-	-	-	-	-	-	-	-	-	-	-	-	-	-	-	-	-	-	-	-	-	-	-	-	-	-	-	-	-	-	-	-	-	-	-	-	-	-	-	-	-	-	-	-	-	-	-	-	-	-	-	-	-	-	-	-	-	-	-	-	-	-	-	-	-	-	-	-	-	-	-	-	-	-	-	-	-	-	-	-	-	-	-	-	-	-	-	-	-	-	-	-	-	-	-	-	-	-	-	-	-	-	-	-	-	-	-	-	-	-	-	-	-	-	-	-	-	-	-	-	-	-	-	-	-	-	-	-	-	-	-	-	-	-	-	-	-	-	-	-	-	-	-	-	-	-	-	-	-	-	-	-	-	-	-	-	-	-	-	-	-	-	-	-	-	-	-	-	-	-	-	-	-	-	-	-	-	-	-	-	-	A	T	G	A	A	G	G	C	T	C	T	G	A	G	C	C	C	G	G	T	G	C	G	C	-	-	-	-	-	-	-	-	-	G	G	C	T	G	C	T	A	C	G	A	G	G	C	G	G	T	G	T	G	C	T	G	C	C	T	G	T	C	C	G	A	G	C	G	C	A	G	T	C	T	-	-	-	-	G	G	C	C	A	T	C	G	C	G	C	G	C	G	G	C	C	G	C	-	-	-	G	G	C	A	A	G	G	G	C	C	C	G	G	C	A	G	C	C	G	A	G	G	A	G	C	C	G	C	T	G	A	G	C	C	T	G	C	T	C	G	A	C	G	A	C	A	T	G	A	A	C	C	A	C	T	G	C	T	A	T	T	C	G	C	G	C	C	T	G	C	G	G	G	A	C	C	T	G	G	T	C	C	C	C	G	G	C	G	T	C	C	C	G	C	G	A	G	G	C	A	C	T	C	A	G	C	T	T	A	G	C	C	A	G	G	T	G	G	A	A	A	T	C	C	T	G	C	A	G	C	G	C	G	T	C	A	T	C	G	A	C	T	A	T	A	T	C	C	T	C	G	A	T	C	T	G	C	A	G	G	T	G	G	T	C	C	T	-	-	-	G	-	-	-	-	-	-	-	-	-	-	-	-	-	-	-	-	-	-	-	-	-	-	-	-	-	-	-	-	-	-	-	-	-	-	-	-	-	-	-	-	-	-	-	-	-	-	-	-	-	-	-	-	-	-	-	-	-	-	-	-	-	-	-	-	-	-	-	-	-	-	-	-	-	-	-	-	-	-	-	-	-	-	-	-	-	-	-	-	-	-	-	-	-	-	-	-	G	C	C	G	A	G	-	-	-	-	-	-	-	-	-	-	-	-	-	-	-	-	-	-	-	-	-	-	-	-	-	-	-	-	-	-	-	-	C	C	G	G	C	-	-	-	T	C	C	C	G	G	G	C	-	-	-	-	-	-	-	-	-	C	C	C	C	C	G	A	-	-	-	-	-	-	-	-	-	-	-	-	-	C	G	G	C	C	C	G	C	A	T	C	T	C	C	C	C	A	T	C	-	-	-	-	-	-	-	-	-	-	-	-	-	-	-	-	-	-	-	-	-	-	-	-	-	-	-	-	-	-	-	-	-	-	-	-	-	-	-	-	-	-	-	-	-	-	-	-	-	-	-	-	-	-	-	-	-	-	-	-	-	-	-	-	-	-	-	-	-	-	-	-	-	-	-	-	-	-	-	-	-	-	-	-	-	-	-	-	-	-	-	-	-	-	-	-	-	-	-	-	-	-	-	-	-	-	-	-	-	-	-	-	-	-	-	-	-	C	A	G	-	-	A	-	-	-	-	-	-	-	-	-	-	-	-	-	-	C	A	G	C	C	-	-	-	-	-	-	-	-	-	-	-	-	-	-	-	-	-	-	G	A	A	C	T	C	G	-	-	-	-	-	-	C	G	C	C	G	G	A	A	-	-	-	-	-	-	-	-	-	-	-	-	-	-	-	-	C	T	T	G	-	-	-	-	-	-	-	-	T	G	A	T	C	T	C	C	A	A	C	G	A	C	A	A	G	A	G	G	A	G	C	-	-	-	-	-	-	T	T	C	-	-	-	-	-	-	-	-	-	-	-	-	-	-	-	T	G	-	-	C	C	A	C	T	G	A	-	-	-	-	-	-	-	-	-	-	-	-	-	-	-	-	-	-	-	-	-	-	-	-	-	-	-	-	-	-	-	-	-	-	-	-	-	-	-	-	-	-	-	-	-	-	-	-	-	-	-	-	-	-	-	-	-	-	-	-	-	-	-	-	-	-	-	-	-	-	-	-	-	-	-	-	-	-	-	-	-	-	-	-	-	-	-	-	Chordata	Mammalia	Cingulata	Dasypodidae	Dasypus	17.4	3.1	14.3	Polyphasic	nocturnal	3.5	10.8		0.82183908045977	0.17816091954023	3.08571428571429
sorex_araneus	-	-	-	-	-	-	-	-	-	-	-	-	-	-	-	-	-	-	-	-	-	-	-	-	-	-	-	-	-	-	-	-	-	-	-	-	-	-	-	-	-	-	-	-	-	-	-	-	-	-	-	-	-	-	-	-	-	-	-	-	-	-	-	-	-	-	-	-	-	-	-	-	-	-	-	-	-	-	-	-	-	-	-	-	-	-	-	-	-	-	-	-	-	-	-	-	-	-	-	-	-	-	-	-	-	-	-	-	-	-	-	-	-	-	-	-	-	-	-	-	-	-	-	-	-	-	-	-	-	-	-	-	-	-	-	-	-	-	-	-	-	-	-	-	-	-	-	-	-	-	-	-	-	-	-	-	-	-	-	-	-	-	-	-	-	-	-	-	-	-	-	-	-	-	-	-	-	-	-	-	-	-	-	-	-	-	-	-	-	-	-	-	-	-	-	-	-	-	-	-	-	-	-	-	-	-	-	-	-	-	-	-	-	-	-	-	-	-	-	-	-	-	-	-	-	-	-	-	-	-	-	-	-	-	-	-	-	-	-	-	-	-	-	-	-	-	-	-	-	-	-	-	-	-	-	-	-	-	-	-	-	-	-	-	-	-	-	-	-	-	-	-	-	-	-	-	-	-	-	-	-	-	-	-	-	-	-	-	-	-	-	-	-	-	-	-	-	-	-	-	-	-	-	-	-	-	-	-	-	-	-	-	-	-	-	-	-	-	-	-	-	-	-	-	-	-	-	-	-	-	-	-	-	-	-	-	-	-	-	-	-	-	-	-	-	-	-	-	-	-	-	-	-	-	-	-	-	-	-	-	-	-	-	-	-	-	-	-	-	-	-	-	-	-	-	-	-	-	-	-	-	-	-	-	-	-	-	-	-	-	-	-	-	-	-	-	-	-	-	-	-	-	-	-	-	-	-	-	-	-	-	-	-	-	-	-	-	-	-	-	-	-	-	-	-	-	-	-	-	-	-	-	-	-	-	-	-	-	-	-	-	-	-	-	-	-	-	-	-	-	-	-	-	-	-	-	-	-	-	-	-	-	-	-	-	-	-	-	-	-	-	-	-	-	-	-	-	-	-	-	-	-	-	-	-	-	-	-	-	-	-	-	-	-	-	-	-	-	-	-	-	-	-	-	-	-	-	-	-	-	-	-	-	-	-	-	-	-	-	-	-	-	-	-	-	-	A	T	G	A	A	G	G	C	G	C	T	G	A	G	C	C	C	G	G	T	T	C	G	C	-	-	-	-	-	-	-	-	-	G	G	T	T	G	C	T	A	C	G	A	G	G	C	G	G	T	G	T	G	C	T	G	C	C	T	G	T	C	G	G	A	A	C	G	C	A	G	C	C	T	-	-	-	-	G	G	C	C	A	T	C	G	C	G	C	G	G	G	G	T	C	G	A	-	-	-	G	G	C	A	A	G	G	G	C	C	C	G	G	C	T	G	C	A	G	A	A	G	A	G	C	C	A	C	T	G	A	G	C	C	T	A	C	T	C	G	A	C	G	A	C	A	T	G	A	A	C	C	A	C	T	G	C	T	A	C	T	C	G	C	G	T	C	T	G	C	G	G	G	A	A	C	T	G	G	T	A	C	C	C	G	G	A	G	T	T	C	C	G	C	G	A	G	G	C	A	C	T	C	A	G	C	T	T	A	G	C	C	A	G	G	T	G	G	A	A	A	T	C	C	T	G	C	A	G	C	G	A	G	T	C	A	T	C	G	A	C	T	A	C	A	T	A	C	T	C	G	A	T	C	T	G	C	A	G	G	T	G	G	T	C	C	T	-	-	-	G	-	-	-	-	-	-	-	-	-	-	-	-	-	-	-	-	-	-	-	-	-	-	-	-	-	-	-	-	-	-	-	-	-	-	-	-	-	-	-	-	-	-	-	-	-	-	-	-	-	-	-	-	-	-	-	-	-	-	-	-	-	-	-	-	-	-	-	-	-	-	-	-	-	-	-	-	-	-	-	-	-	-	-	-	-	-	-	-	-	-	-	-	-	-	-	-	G	C	C	G	A	G	-	-	-	-	-	-	-	-	-	-	-	-	-	-	-	-	-	-	-	-	-	-	-	-	-	-	-	-	-	-	-	-	C	C	G	G	C	-	-	-	C	C	C	C	G	G	A	C	-	-	-	-	-	-	-	-	-	C	C	C	C	A	G	A	-	-	-	-	-	-	-	-	-	-	-	-	-	C	G	G	T	C	C	G	C	A	T	C	T	T	C	C	C	A	T	C	-	-	-	-	-	-	-	-	-	-	-	-	-	-	-	-	-	-	-	-	-	-	-	-	-	-	-	-	-	-	-	-	-	-	-	-	-	-	-	-	-	-	-	-	-	-	-	-	-	-	-	-	-	-	-	-	-	-	-	-	-	-	-	-	-	-	-	-	-	-	-	-	-	-	-	-	-	-	-	-	-	-	-	-	-	-	-	-	-	-	-	-	-	-	-	-	-	-	-	-	-	-	-	-	-	-	-	-	-	-	-	-	-	-	-	-	-	C	A	G	-	-	A	-	-	-	-	-	-	-	-	-	-	-	-	-	-	C	A	G	C	G	-	-	-	-	-	-	-	-	-	-	-	-	-	-	-	-	-	-	G	A	C	C	T	C	G	-	-	-	-	-	-	C	T	C	C	A	G	A	A	-	-	-	-	-	-	-	-	-	-	-	-	-	-	-	-	C	T	T	G	-	-	-	-	-	-	-	-	T	G	A	T	C	T	C	C	A	A	C	G	A	C	A	A	G	A	G	G	A	G	C	-	-	-	-	-	-	T	T	C	-	-	-	-	-	-	-	-	-	-	-	-	-	-	-	T	G	-	-	C	C	A	C	T	G	A	-	-	-	-	-	-	-	-	-	-	-	-	-	-	-	-	-	-	-	-	-	-	-	-	-	-	-	-	-	-	-	-	-	-	-	-	-	-	-	-	-	-	-	-	-	-	-	-	-	-	-	-	-	-	-	-	-	-	-	-	-	-	-	-	-	-	-	-	-	-	-	-	-	-	-	-	-	-	-	-	-	-	-	-	-	-	-	-	Chordata	Mammalia	Eulipotyphla	Soricidae	Sorex	7.8				Cathemeral						
loxodonta_africana	-	-	-	-	-	-	-	-	-	-	-	-	-	-	-	-	-	-	-	-	-	-	-	-	-	-	-	-	-	-	-	-	-	-	-	-	-	-	-	-	-	-	-	-	-	-	-	-	-	-	-	-	-	-	-	-	-	-	-	-	-	-	-	-	-	-	-	-	-	-	-	-	-	-	-	-	-	-	-	-	-	-	-	-	-	-	-	-	-	-	-	-	-	-	-	-	-	-	-	-	-	-	-	-	-	-	-	-	-	-	-	-	-	-	-	-	-	-	-	-	-	-	-	-	-	-	-	-	-	-	-	-	-	-	-	-	-	-	-	-	-	-	-	-	-	-	-	-	-	-	-	-	-	-	-	-	-	-	-	-	-	-	-	-	-	-	-	-	-	-	-	-	-	-	-	-	-	-	-	-	-	-	-	-	-	-	-	-	-	-	-	-	-	-	-	-	-	-	-	-	-	-	-	-	-	-	-	-	-	-	-	-	-	-	-	-	-	-	-	-	-	-	-	-	-	-	-	-	-	-	-	-	-	-	-	-	-	-	-	-	-	-	-	-	-	-	-	-	-	-	-	-	-	-	-	-	-	-	-	-	-	-	-	-	-	-	-	-	-	-	-	-	-	-	-	-	-	-	-	-	-	-	-	-	-	-	-	-	-	-	-	-	-	-	-	-	-	-	-	-	-	-	-	-	-	-	-	-	-	-	-	-	-	-	-	-	-	-	-	-	-	-	-	-	-	-	-	-	-	-	-	-	-	-	-	-	-	-	-	-	-	-	-	-	-	-	-	-	-	-	-	-	-	-	-	-	-	-	-	-	-	-	-	-	-	-	-	-	-	-	-	-	-	-	-	-	-	-	-	-	-	-	-	-	-	-	-	-	-	-	-	-	-	-	-	-	-	-	-	-	-	-	-	-	-	-	-	-	-	-	-	-	-	-	-	-	-	-	-	-	-	-	-	-	-	-	-	-	-	-	-	-	-	-	-	-	-	-	-	-	-	-	-	-	-	-	-	-	-	-	-	-	-	-	-	-	-	-	-	-	-	-	-	-	-	-	-	-	-	-	-	-	-	-	-	-	-	-	-	-	-	-	-	-	-	-	-	-	-	-	-	-	-	-	-	-	-	-	-	-	-	-	-	-	-	-	-	-	-	-	-	-	-	-	-	-	-	-	-	-	-	-	-	-	-	-	A	T	G	A	A	G	G	C	G	C	T	G	A	G	C	C	C	T	G	T	G	C	G	C	-	-	-	-	-	-	-	-	-	G	G	C	T	G	C	T	A	C	G	A	G	G	C	G	G	T	G	T	G	C	T	G	C	C	T	G	T	C	G	G	A	G	C	G	C	A	G	C	T	T	-	-	-	-	G	G	C	C	A	T	C	G	C	A	C	G	G	G	G	C	C	G	C	-	-	-	G	G	C	A	A	G	G	G	C	C	C	G	G	C	A	G	C	C	G	A	G	G	A	G	C	C	G	C	T	G	A	G	C	C	T	G	C	T	C	G	A	C	G	A	C	A	T	G	A	A	C	C	A	C	T	G	C	T	A	C	T	C	G	C	G	C	C	T	A	C	G	G	G	A	A	C	T	G	G	T	A	C	C	C	G	G	A	G	T	C	C	C	G	C	G	A	G	G	C	A	C	T	C	A	G	C	T	T	A	G	C	C	A	G	G	T	G	G	A	A	A	T	C	C	T	G	C	A	G	C	G	C	G	T	C	A	T	C	G	A	C	T	A	C	A	T	C	C	T	C	G	A	C	C	T	G	C	A	G	G	T	G	G	T	C	C	T	-	-	-	T	-	-	-	-	-	-	-	-	-	-	-	-	-	-	-	-	-	-	-	-	-	-	-	-	-	-	-	-	-	-	-	-	-	-	-	-	-	-	-	-	-	-	-	-	-	-	-	-	-	-	-	-	-	-	-	-	-	-	-	-	-	-	-	-	-	-	-	-	-	-	-	-	-	-	-	-	-	-	-	-	-	-	-	-	-	-	-	-	-	-	-	-	-	-	-	-	G	C	C	G	A	G	-	-	-	-	-	-	-	-	-	-	-	-	-	-	-	-	-	-	-	-	-	-	-	-	-	-	-	-	-	-	-	-	C	C	G	G	C	-	-	-	A	C	C	C	G	G	A	C	-	-	-	-	-	-	-	-	-	C	C	C	C	A	G	A	-	-	-	-	-	-	-	-	-	-	-	-	-	C	G	G	C	C	C	G	C	A	T	C	T	C	G	C	C	A	T	C	-	-	-	-	-	-	-	-	-	-	-	-	-	-	-	-	-	-	-	-	-	-	-	-	-	-	-	-	-	-	-	-	-	-	-	-	-	-	-	-	-	-	-	-	-	-	-	-	-	-	-	-	-	-	-	-	-	-	-	-	-	-	-	-	-	-	-	-	-	-	-	-	-	-	-	-	-	-	-	-	-	-	-	-	-	-	-	-	-	-	-	-	-	-	-	-	-	-	-	-	-	-	-	-	-	-	-	-	-	-	-	-	-	-	-	-	-	C	A	G	-	-	A	-	-	-	-	-	-	-	-	-	-	-	-	-	-	C	A	G	C	T	-	-	-	-	-	-	-	-	-	-	-	-	-	-	-	-	-	-	G	A	G	C	T	C	A	-	-	-	-	-	-	C	T	C	C	A	G	A	A	-	-	-	-	-	-	-	-	-	-	-	-	-	-	-	-	C	T	T	G	-	-	-	-	-	-	-	-	T	G	A	T	C	G	C	C	A	C	C	G	A	T	A	A	G	A	G	G	A	G	C	-	-	-	-	-	-	T	T	C	-	-	-	-	-	-	-	-	-	-	-	-	-	-	-	T	G	-	-	C	C	A	C	T	G	A	-	-	-	-	-	-	-	-	-	-	-	-	-	-	-	-	-	-	-	-	-	-	-	-	-	-	-	-	-	-	-	-	-	-	-	-	-	-	-	-	-	-	-	-	-	-	-	-	-	-	-	-	-	-	-	-	-	-	-	-	-	-	-	-	-	-	-	-	-	-	-	-	-	-	-	-	-	-	-	-	-	-	-	-	-	-	-	-	Chordata	Mammalia	Proboscidea	Elephantidae	Loxodonta	3.3	0.4455	2.8545	Polyphasic	nocturnal	6654	5712	630	0.865	0.135	0.858431018935978
nomascus_leucogenys	-	-	-	-	-	-	-	-	-	-	-	-	-	-	-	-	-	-	-	-	-	-	-	-	-	-	-	-	-	-	-	-	-	-	-	-	-	-	-	-	-	-	-	-	-	-	-	-	-	-	-	-	-	-	-	-	-	-	-	-	-	-	-	-	-	-	-	-	-	-	-	-	-	-	-	-	-	-	-	-	-	-	-	-	-	-	-	-	-	-	-	-	-	-	-	-	-	-	-	-	-	-	-	-	-	-	-	-	-	-	-	-	-	-	-	-	-	-	-	-	-	-	-	-	-	-	-	-	-	-	-	-	-	-	-	-	-	-	-	-	-	-	-	-	-	-	-	-	-	-	-	-	-	-	-	-	-	-	-	-	-	-	-	-	-	-	-	-	-	-	-	-	-	-	-	-	-	-	-	-	-	-	-	-	-	-	-	-	-	-	-	-	-	-	-	-	-	-	-	-	-	-	-	-	-	-	-	-	-	-	-	-	-	-	-	-	-	-	-	-	-	-	-	-	-	-	-	-	-	-	-	-	-	-	-	-	-	-	-	-	-	-	-	-	-	-	-	-	-	-	-	-	-	-	-	-	-	-	-	-	-	-	-	-	-	-	-	-	-	-	-	-	-	-	-	-	-	-	-	-	-	-	-	-	-	-	-	-	-	-	-	-	-	-	-	-	-	-	-	-	-	-	-	-	-	-	-	-	-	-	-	-	-	-	-	-	-	-	-	-	-	-	-	-	-	-	-	-	-	-	-	-	-	-	-	-	-	-	-	-	-	-	-	-	-	-	-	-	-	-	-	-	-	-	-	-	-	-	-	-	-	-	-	-	-	-	-	-	-	-	-	-	-	-	-	-	-	-	-	-	-	-	-	-	-	-	-	-	-	-	-	-	-	-	-	-	-	-	-	-	-	-	-	-	-	-	-	-	-	-	-	-	-	-	-	-	-	-	-	-	-	-	-	-	-	-	-	-	-	-	-	-	-	-	-	-	-	-	-	-	-	-	-	-	-	-	-	-	-	-	-	-	-	-	-	-	-	-	-	-	-	-	-	-	-	-	-	-	-	-	-	-	-	-	-	-	-	-	-	-	-	-	-	-	-	-	-	-	-	-	-	-	-	-	-	-	-	-	-	-	-	-	-	-	-	-	-	-	-	-	-	-	-	-	-	-	-	-	-	-	-	-	-	-	-	-	A	T	G	A	A	G	G	C	G	C	T	G	A	G	C	C	C	G	G	T	G	C	G	C	-	-	-	-	-	-	-	-	-	G	G	C	T	G	C	T	A	T	G	A	G	G	C	A	G	T	G	T	G	C	T	G	C	C	T	G	T	C	G	G	A	A	C	G	C	A	G	T	C	T	-	-	-	-	G	G	C	C	A	T	C	G	C	C	C	G	G	G	G	C	C	G	A	-	-	-	G	G	G	A	A	A	G	G	C	C	C	G	G	C	G	G	C	T	G	A	G	G	A	G	C	C	G	C	T	G	A	G	C	T	T	G	C	T	G	G	A	C	G	A	C	A	T	G	A	A	C	C	A	C	T	G	C	T	A	C	T	C	C	C	G	C	C	T	G	C	G	G	G	A	A	C	T	G	G	T	A	C	C	C	G	G	A	G	T	C	C	C	G	A	G	A	G	G	C	A	C	T	C	A	G	C	T	T	A	G	C	C	A	G	G	T	G	G	A	A	A	T	C	C	T	A	C	A	G	C	G	C	G	T	C	A	T	C	G	A	C	T	A	C	A	T	T	C	T	C	G	A	C	C	T	G	C	A	G	G	T	G	G	T	C	C	T	-	-	-	G	-	-	-	-	-	-	-	-	-	-	-	-	-	-	-	-	-	-	-	-	-	-	-	-	-	-	-	-	-	-	-	-	-	-	-	-	-	-	-	-	-	-	-	-	-	-	-	-	-	-	-	-	-	-	-	-	-	-	-	-	-	-	-	-	-	-	-	-	-	-	-	-	-	-	-	-	-	-	-	-	-	-	-	-	-	-	-	-	-	-	-	-	-	-	-	-	G	C	C	G	A	G	-	-	-	-	-	-	-	-	-	-	-	-	-	-	-	-	-	-	-	-	-	-	-	-	-	-	-	-	-	-	-	-	C	C	A	G	C	-	-	-	C	C	C	T	G	G	G	C	-	-	-	-	-	-	-	-	-	C	C	C	C	T	G	A	-	-	-	-	-	-	-	-	-	-	-	-	-	C	G	G	C	C	C	C	C	A	C	C	T	C	C	C	C	A	T	C	-	-	-	-	-	-	-	-	-	-	-	-	-	-	-	-	-	-	-	-	-	-	-	-	-	-	-	-	-	-	-	-	-	-	-	-	-	-	-	-	-	-	-	-	-	-	-	-	-	-	-	-	-	-	-	-	-	-	-	-	-	-	-	-	-	-	-	-	-	-	-	-	-	-	-	-	-	-	-	-	-	-	-	-	-	-	-	-	-	-	-	-	-	-	-	-	-	-	-	-	-	-	-	-	-	-	-	-	-	-	-	-	-	-	-	-	-	C	A	G	-	-	A	-	-	-	-	-	-	-	-	-	-	-	-	-	-	C	A	G	C	T	-	-	-	-	-	-	-	-	-	-	-	-	-	-	-	-	-	-	G	A	G	C	T	C	G	-	-	-	-	-	-	C	T	T	C	G	G	A	A	-	-	-	-	-	-	-	-	-	-	-	-	-	-	-	-	C	T	T	G	-	-	-	-	-	-	-	-	T	C	A	T	C	T	C	C	A	A	C	G	A	C	A	A	A	A	G	G	A	G	C	-	-	-	-	-	-	T	T	T	-	-	-	-	-	-	-	-	-	-	-	-	-	-	-	T	G	-	-	C	C	A	C	T	G	A	-	-	-	-	-	-	-	-	-	-	-	-	-	-	-	-	-	-	-	-	-	-	-	-	-	-	-	-	-	-	-	-	-	-	-	-	-	-	-	-	-	-	-	-	-	-	-	-	-	-	-	-	-	-	-	-	-	-	-	-	-	-	-	-	-	-	-	-	-	-	-	-	-	-	-	-	-	-	-	-	-	-	-	-	-	-	-	-	Chordata	Mammalia	Primates	Hylobatidae	Nomascus	12				diurnal						
homo_sapiens	-	-	-	-	-	-	-	-	-	-	-	-	-	-	-	-	-	-	-	-	-	-	-	-	-	-	-	-	-	-	-	-	-	-	-	-	-	-	-	-	-	-	-	-	-	-	-	-	-	-	-	-	-	-	-	-	-	-	-	-	-	-	-	-	-	-	-	-	-	-	-	-	-	-	-	-	-	-	-	-	-	-	-	-	-	-	-	-	-	-	-	-	-	-	-	-	-	-	-	-	-	-	-	-	-	-	-	-	-	-	-	-	-	-	-	-	-	-	-	-	-	-	-	-	-	-	-	-	-	-	-	-	-	-	-	-	-	-	-	-	-	-	-	-	-	-	-	-	-	-	-	-	-	-	-	-	-	-	-	-	-	-	-	-	-	-	-	-	-	-	-	-	-	-	-	-	-	-	-	-	-	-	-	-	-	-	-	-	-	-	-	-	-	-	-	-	-	-	-	-	-	-	-	-	-	-	-	-	-	-	-	-	-	-	-	-	-	-	-	-	-	-	-	-	-	-	-	-	-	-	-	-	-	-	-	-	-	-	-	-	-	-	-	-	-	-	-	-	-	-	-	-	-	-	-	-	-	-	-	-	-	-	-	-	-	-	-	-	-	-	-	-	-	-	-	-	-	-	-	-	-	-	-	-	-	-	-	-	-	-	-	-	-	-	-	-	-	-	-	-	-	-	-	-	-	-	-	-	-	-	-	-	-	-	-	-	-	-	-	-	-	-	-	-	-	-	-	-	-	-	-	-	-	-	-	-	-	-	-	-	-	-	-	-	-	-	-	-	-	-	-	-	-	-	-	-	-	-	-	-	-	-	-	-	-	-	-	-	-	-	-	-	-	-	-	-	-	-	-	-	-	-	-	-	-	-	-	-	-	-	-	-	-	-	-	-	-	-	-	-	-	-	-	-	-	-	-	-	-	-	-	-	-	-	-	-	-	-	-	-	-	-	-	-	-	-	-	-	-	-	-	-	-	-	-	-	-	-	-	-	-	-	-	-	-	-	-	-	-	-	-	-	-	-	-	-	-	-	-	-	-	-	-	-	-	-	-	-	-	-	-	-	-	-	-	-	-	-	-	-	-	-	-	-	-	-	-	-	-	-	-	-	-	-	-	-	-	-	-	-	-	-	-	-	-	-	-	-	-	-	-	-	-	-	-	-	-	-	-	-	-	-	-	-	-	-	A	T	G	A	A	G	G	C	G	C	T	G	A	G	C	C	C	G	G	T	G	C	G	C	-	-	-	-	-	-	-	-	-	G	G	C	T	G	C	T	A	C	G	A	G	G	C	G	G	T	G	T	G	C	T	G	C	C	T	G	T	C	G	G	A	A	C	G	C	A	G	T	C	T	-	-	-	-	G	G	C	C	A	T	C	G	C	C	C	G	G	G	G	C	C	G	A	-	-	-	G	G	G	A	A	G	G	G	C	C	C	G	G	C	A	G	C	T	G	A	G	G	A	G	C	C	G	C	T	G	A	G	C	T	T	G	C	T	G	G	A	C	G	A	C	A	T	G	A	A	C	C	A	C	T	G	C	T	A	C	T	C	C	C	G	C	C	T	G	C	G	G	G	A	A	C	T	G	G	T	A	C	C	C	G	G	A	G	T	C	C	C	G	A	G	A	G	G	C	A	C	T	C	A	G	C	T	T	A	G	C	C	A	G	G	T	G	G	A	A	A	T	C	C	T	A	C	A	G	C	G	C	G	T	C	A	T	C	G	A	C	T	A	C	A	T	T	C	T	C	G	A	C	C	T	G	C	A	G	G	T	A	G	T	C	C	T	-	-	-	G	-	-	-	-	-	-	-	-	-	-	-	-	-	-	-	-	-	-	-	-	-	-	-	-	-	-	-	-	-	-	-	-	-	-	-	-	-	-	-	-	-	-	-	-	-	-	-	-	-	-	-	-	-	-	-	-	-	-	-	-	-	-	-	-	-	-	-	-	-	-	-	-	-	-	-	-	-	-	-	-	-	-	-	-	-	-	-	-	-	-	-	-	-	-	-	-	G	C	C	G	A	G	-	-	-	-	-	-	-	-	-	-	-	-	-	-	-	-	-	-	-	-	-	-	-	-	-	-	-	-	-	-	-	-	C	C	A	G	C	-	-	-	C	C	C	T	G	G	A	C	-	-	-	-	-	-	-	-	-	C	C	C	C	T	G	A	-	-	-	-	-	-	-	-	-	-	-	-	-	T	G	G	C	C	C	C	C	A	C	C	T	T	C	C	C	A	T	C	-	-	-	-	-	-	-	-	-	-	-	-	-	-	-	-	-	-	-	-	-	-	-	-	-	-	-	-	-	-	-	-	-	-	-	-	-	-	-	-	-	-	-	-	-	-	-	-	-	-	-	-	-	-	-	-	-	-	-	-	-	-	-	-	-	-	-	-	-	-	-	-	-	-	-	-	-	-	-	-	-	-	-	-	-	-	-	-	-	-	-	-	-	-	-	-	-	-	-	-	-	-	-	-	-	-	-	-	-	-	-	-	-	-	-	-	-	C	A	G	-	-	A	-	-	-	-	-	-	-	-	-	-	-	-	-	-	C	A	G	C	C	-	-	-	-	-	-	-	-	-	-	-	-	-	-	-	-	-	-	G	A	G	C	T	C	A	-	-	-	-	-	-	C	T	C	C	G	G	A	A	-	-	-	-	-	-	-	-	-	-	-	-	-	-	-	-	C	T	T	G	-	-	-	-	-	-	-	-	T	C	A	T	C	T	C	C	A	A	C	G	A	C	A	A	A	A	G	G	A	G	C	-	-	-	-	-	-	T	T	T	-	-	-	-	-	-	-	-	-	-	-	-	-	-	-	T	G	-	-	C	C	A	C	T	G	A	-	-	-	-	-	-	-	-	-	-	-	-	-	-	-	-	-	-	-	-	-	-	-	-	-	-	-	-	-	-	-	-	-	-	-	-	-	-	-	-	-	-	-	-	-	-	-	-	-	-	-	-	-	-	-	-	-	-	-	-	-	-	-	-	-	-	-	-	-	-	-	-	-	-	-	-	-	-	-	-	-	-	-	-	-	-	-	-	Chordata	Mammalia	Primates	Hominidae	Homo	8	1.9	6.1	Monophasic	Cathemeral	62	1320	270	0.7625	0.2375	21.2903225806452
pan_troglodytes	-	-	-	-	-	-	-	-	-	-	-	-	-	-	-	-	-	-	-	-	-	-	-	-	-	-	-	-	-	-	-	-	-	-	-	-	-	-	-	-	-	-	-	-	-	-	-	-	-	-	-	-	-	-	-	-	-	-	-	-	-	-	-	-	-	-	-	-	-	-	-	-	-	-	-	-	-	-	-	-	-	-	-	-	-	-	-	-	-	-	-	-	-	-	-	-	-	-	-	-	-	-	-	-	-	-	-	-	-	-	-	-	-	-	-	-	-	-	-	-	-	-	-	-	-	-	-	-	-	-	-	-	-	-	-	-	-	-	-	-	-	-	-	-	-	-	-	-	-	-	-	-	-	-	-	-	-	-	-	-	-	-	-	-	-	-	-	-	-	-	-	-	-	-	-	-	-	-	-	-	-	-	-	-	-	-	-	-	-	-	-	-	-	-	-	-	-	-	-	-	-	-	-	-	-	-	-	-	-	-	-	-	-	-	-	-	-	-	-	-	-	-	-	-	-	-	-	-	-	-	-	-	-	-	-	-	-	-	-	-	-	-	-	-	-	-	-	-	-	-	-	-	-	-	-	-	-	-	-	-	-	-	-	-	-	-	-	-	-	-	-	-	-	-	-	-	-	-	-	-	-	-	-	-	-	-	-	-	-	-	-	-	-	-	-	-	-	-	-	-	-	-	-	-	-	-	-	-	-	-	-	-	-	-	-	-	-	-	-	-	-	-	-	-	-	-	-	-	-	-	-	-	-	-	-	-	-	-	-	-	-	-	-	-	-	-	-	-	-	-	-	-	-	-	-	-	-	-	-	-	-	-	-	-	-	-	-	-	-	-	-	-	-	-	-	-	-	-	-	-	-	-	-	-	-	-	-	-	-	-	-	-	-	-	-	-	-	-	-	-	-	-	-	-	-	-	-	-	-	-	-	-	-	-	-	-	-	-	-	-	-	-	-	-	-	-	-	-	-	-	-	-	-	-	-	-	-	-	-	-	-	-	-	-	-	-	-	-	-	-	-	-	-	-	-	-	-	-	-	-	-	-	-	-	-	-	-	-	-	-	-	-	-	-	-	-	-	-	-	-	-	-	-	-	-	-	-	-	-	-	-	-	-	-	-	-	-	-	-	-	-	-	-	-	-	-	-	-	-	-	-	-	-	-	-	-	-	-	-	-	-	-	-	-	-	-	A	T	G	A	A	G	G	C	G	C	T	G	A	G	C	C	C	G	G	T	G	C	G	C	-	-	-	-	-	-	-	-	-	G	G	C	T	G	C	T	A	C	G	A	G	G	C	G	G	T	G	T	G	C	T	G	C	C	T	G	T	C	G	G	A	A	C	G	C	A	G	T	C	T	-	-	-	-	G	G	C	C	A	T	C	G	C	C	C	G	G	G	G	C	C	G	A	-	-	-	G	G	G	A	A	G	G	G	C	C	C	G	G	C	A	G	C	T	G	A	G	G	A	G	C	C	G	C	T	G	A	G	C	T	T	G	C	T	G	G	A	C	G	A	C	A	T	G	A	A	C	C	A	C	T	G	C	T	A	C	T	C	C	C	G	C	C	T	G	C	G	G	G	A	A	C	T	G	G	T	A	C	C	C	G	G	A	G	T	C	C	C	G	A	G	A	G	G	C	A	C	T	C	A	G	C	T	T	A	G	C	C	A	G	G	T	G	G	A	A	A	T	C	C	T	A	C	A	G	C	G	C	G	T	C	A	T	C	G	A	C	T	A	C	A	T	T	C	T	C	G	A	C	C	T	G	C	A	G	G	T	A	G	T	C	C	T	-	-	-	G	-	-	-	-	-	-	-	-	-	-	-	-	-	-	-	-	-	-	-	-	-	-	-	-	-	-	-	-	-	-	-	-	-	-	-	-	-	-	-	-	-	-	-	-	-	-	-	-	-	-	-	-	-	-	-	-	-	-	-	-	-	-	-	-	-	-	-	-	-	-	-	-	-	-	-	-	-	-	-	-	-	-	-	-	-	-	-	-	-	-	-	-	-	-	-	-	G	C	T	G	A	G	-	-	-	-	-	-	-	-	-	-	-	-	-	-	-	-	-	-	-	-	-	-	-	-	-	-	-	-	-	-	-	-	C	C	A	G	C	-	-	-	C	C	C	T	G	G	A	C	-	-	-	-	-	-	-	-	-	C	C	C	C	T	G	A	-	-	-	-	-	-	-	-	-	-	-	-	-	T	G	G	C	C	C	C	C	A	C	C	T	T	C	C	C	A	T	C	-	-	-	-	-	-	-	-	-	-	-	-	-	-	-	-	-	-	-	-	-	-	-	-	-	-	-	-	-	-	-	-	-	-	-	-	-	-	-	-	-	-	-	-	-	-	-	-	-	-	-	-	-	-	-	-	-	-	-	-	-	-	-	-	-	-	-	-	-	-	-	-	-	-	-	-	-	-	-	-	-	-	-	-	-	-	-	-	-	-	-	-	-	-	-	-	-	-	-	-	-	-	-	-	-	-	-	-	-	-	-	-	-	-	-	-	-	C	A	G	-	-	A	-	-	-	-	-	-	-	-	-	-	-	-	-	-	C	A	G	C	C	-	-	-	-	-	-	-	-	-	-	-	-	-	-	-	-	-	-	G	A	G	C	T	C	G	-	-	-	-	-	-	C	T	C	C	G	G	A	A	-	-	-	-	-	-	-	-	-	-	-	-	-	-	-	-	C	T	T	G	-	-	-	-	-	-	-	-	T	C	A	T	C	T	C	C	A	A	C	G	A	C	A	A	A	A	G	G	A	G	C	-	-	-	-	-	-	T	T	T	-	-	-	-	-	-	-	-	-	-	-	-	-	-	-	T	G	-	-	C	C	A	C	T	G	A	-	-	-	-	-	-	-	-	-	-	-	-	-	-	-	-	-	-	-	-	-	-	-	-	-	-	-	-	-	-	-	-	-	-	-	-	-	-	-	-	-	-	-	-	-	-	-	-	-	-	-	-	-	-	-	-	-	-	-	-	-	-	-	-	-	-	-	-	-	-	-	-	-	-	-	-	-	-	-	-	-	-	-	-	-	-	-	-	Chordata	Mammalia	Primates	Hominidae	Pan	9.7	1.4	8.3	Monophasic	diurnal	52.2	440	223.8	0.855670103092784	0.144329896907217	8.42911877394636
chlorocebus_sabaeus	-	-	-	-	-	-	-	-	-	-	-	-	-	-	-	-	-	-	-	-	-	-	-	-	-	-	-	-	-	-	-	-	-	-	-	-	-	-	-	-	-	-	-	-	-	-	-	-	-	-	-	-	-	-	-	-	-	-	-	-	-	-	-	-	-	-	-	-	-	-	-	-	-	-	-	-	-	-	-	-	-	-	-	-	-	-	-	-	-	-	-	-	-	-	-	-	-	-	-	-	-	-	-	-	-	-	-	-	-	-	-	-	-	-	-	-	-	-	-	-	-	-	-	-	-	-	-	-	-	-	-	-	-	-	-	-	-	-	-	-	-	-	-	-	-	-	-	-	-	-	-	-	-	-	-	-	-	-	-	-	-	-	-	-	-	-	-	-	-	-	-	-	-	-	-	-	-	-	-	-	-	-	-	-	-	-	-	-	-	-	-	-	-	-	-	-	-	-	-	-	-	-	-	-	-	-	-	-	-	-	-	-	-	-	-	-	-	-	-	-	-	-	-	-	-	-	-	-	-	-	-	-	-	-	-	-	-	-	-	-	-	-	-	-	-	-	-	-	-	-	-	-	-	-	-	-	-	-	-	-	-	-	-	-	-	-	-	-	-	-	-	-	-	-	-	-	-	-	-	-	-	-	-	-	-	-	-	-	-	-	-	-	-	-	-	-	-	-	-	-	-	-	-	-	-	-	-	-	-	-	-	-	-	-	-	-	-	-	-	-	-	-	-	-	-	-	-	-	-	-	-	-	-	-	-	-	-	-	-	-	-	-	-	-	-	-	-	-	-	-	-	-	-	-	-	-	-	-	-	-	-	-	-	-	-	-	-	-	-	-	-	-	-	-	-	-	-	-	-	-	-	-	-	-	-	-	-	-	-	-	-	-	-	-	-	-	-	-	-	-	-	-	-	-	-	-	-	-	-	-	-	-	-	-	-	-	-	-	-	-	-	-	-	-	-	-	-	-	-	-	-	-	-	-	-	-	-	-	-	-	-	-	-	-	-	-	-	-	-	-	-	-	-	-	-	-	-	-	-	-	-	-	-	-	-	-	-	-	-	-	-	-	-	-	-	-	-	-	-	-	-	-	-	-	-	-	-	-	-	-	-	-	-	-	-	-	-	-	-	-	-	-	-	-	-	-	-	-	-	-	-	-	-	-	-	-	-	-	-	-	-	-	-	-	-	-	A	T	G	A	A	G	G	C	G	C	T	G	A	G	C	C	C	G	G	T	G	C	G	C	-	-	-	-	-	-	-	-	-	G	G	C	T	G	C	T	A	C	G	A	G	G	C	A	G	T	G	T	G	C	T	G	C	C	T	G	T	C	T	G	A	A	C	G	C	A	G	T	C	T	-	-	-	-	G	G	C	C	A	T	C	G	C	T	C	G	G	G	G	C	C	G	A	-	-	-	G	G	C	A	A	G	G	G	C	C	C	G	G	C	A	G	C	C	G	A	G	G	A	G	C	C	G	C	T	G	A	G	C	C	T	G	C	T	G	G	A	C	G	A	C	A	T	G	A	A	C	C	A	C	T	G	C	T	A	C	T	C	C	C	G	C	C	T	G	C	G	G	G	A	A	C	T	G	G	T	A	C	C	T	G	G	A	G	T	C	C	C	G	A	G	A	G	G	C	A	C	T	C	A	G	C	T	T	A	G	C	C	A	G	G	T	G	G	A	A	A	T	C	C	T	A	C	A	A	C	G	C	G	T	C	A	T	C	G	A	C	T	A	C	A	T	C	C	T	C	G	A	C	C	T	G	C	A	G	G	T	A	G	T	C	C	T	-	-	-	G	-	-	-	-	-	-	-	-	-	-	-	-	-	-	-	-	-	-	-	-	-	-	-	-	-	-	-	-	-	-	-	-	-	-	-	-	-	-	-	-	-	-	-	-	-	-	-	-	-	-	-	-	-	-	-	-	-	-	-	-	-	-	-	-	-	-	-	-	-	-	-	-	-	-	-	-	-	-	-	-	-	-	-	-	-	-	-	-	-	-	-	-	-	-	-	-	G	C	C	G	A	G	-	-	-	-	-	-	-	-	-	-	-	-	-	-	-	-	-	-	-	-	-	-	-	-	-	-	-	-	-	-	-	-	C	C	A	G	T	-	-	-	C	C	C	A	G	G	A	C	-	-	-	-	-	-	-	-	-	C	C	C	C	G	G	A	-	-	-	-	-	-	-	-	-	-	-	-	-	C	G	G	C	C	C	T	C	A	T	C	T	C	C	C	C	A	T	C	-	-	-	-	-	-	-	-	-	-	-	-	-	-	-	-	-	-	-	-	-	-	-	-	-	-	-	-	-	-	-	-	-	-	-	-	-	-	-	-	-	-	-	-	-	-	-	-	-	-	-	-	-	-	-	-	-	-	-	-	-	-	-	-	-	-	-	-	-	-	-	-	-	-	-	-	-	-	-	-	-	-	-	-	-	-	-	-	-	-	-	-	-	-	-	-	-	-	-	-	-	-	-	-	-	-	-	-	-	-	-	-	-	-	-	-	-	C	A	G	-	-	A	-	-	-	-	-	-	-	-	-	-	-	-	-	-	C	A	G	C	C	-	-	-	-	-	-	-	-	-	-	-	-	-	-	-	-	-	-	G	A	A	C	T	C	A	-	-	-	-	-	-	C	T	C	C	G	G	A	A	-	-	-	-	-	-	-	-	-	-	-	-	-	-	-	-	C	T	T	G	-	-	-	-	-	-	-	-	T	C	A	T	C	T	C	C	A	A	C	G	A	C	A	A	A	A	G	G	A	G	C	-	-	-	-	-	-	T	T	C	-	-	-	-	-	-	-	-	-	-	-	-	-	-	-	T	G	-	-	T	C	A	C	T	G	A	-	-	-	-	-	-	-	-	-	-	-	-	-	-	-	-	-	-	-	-	-	-	-	-	-	-	-	-	-	-	-	-	-	-	-	-	-	-	-	-	-	-	-	-	-	-	-	-	-	-	-	-	-	-	-	-	-	-	-	-	-	-	-	-	-	-	-	-	-	-	-	-	-	-	-	-	-	-	-	-	-	-	-	-	-	-	-	-	Chordata	Mammalia	Primates	Cercopithecidae	Chlorocebus	10.34	0.6	9.74		diurnal			170.8	0.941972920696325	0.0580270793036751	
macaca_fascicularis	-	-	-	-	-	-	-	-	-	-	-	-	-	-	-	-	-	-	-	-	-	-	-	-	-	-	-	-	-	-	-	-	-	-	-	-	-	-	-	-	-	-	-	-	-	-	-	-	-	-	-	-	-	-	-	-	-	-	-	-	-	-	-	-	-	-	-	-	-	-	-	-	-	-	-	-	-	-	-	-	-	-	-	-	-	-	-	-	-	-	-	-	-	-	-	-	-	-	-	-	-	-	-	-	-	-	-	-	-	-	-	-	-	-	-	-	-	-	-	-	-	-	-	-	-	-	-	-	-	-	-	-	-	-	-	-	-	-	-	-	-	-	-	-	-	-	-	-	-	-	-	-	-	-	-	-	-	-	-	-	-	-	-	-	-	-	-	-	-	-	-	-	-	-	-	-	-	-	-	-	-	-	-	-	-	-	-	-	-	-	-	-	-	-	-	-	-	-	-	-	-	-	-	-	-	-	-	-	-	-	-	-	-	-	-	-	-	-	-	-	-	-	-	-	-	-	-	-	-	-	-	-	-	-	-	-	-	-	-	-	-	-	-	-	-	-	-	-	-	-	-	-	-	-	-	-	-	-	-	-	-	-	-	-	-	-	-	-	-	-	-	-	-	-	-	-	-	-	-	-	-	-	-	-	-	-	-	-	-	-	-	-	-	-	-	-	-	-	-	-	-	-	-	-	-	-	-	-	-	-	-	-	-	-	-	-	-	-	-	-	-	-	-	-	-	-	-	-	-	-	-	-	-	-	-	-	-	-	-	-	-	-	-	-	-	-	-	-	-	-	-	-	-	-	-	-	-	-	-	-	-	-	-	-	-	-	-	-	-	-	-	-	-	-	-	-	-	-	-	-	-	-	-	-	-	-	-	-	-	-	-	-	-	-	-	-	-	-	-	-	-	-	-	-	-	-	-	-	-	-	-	-	-	-	-	-	-	-	-	-	-	-	-	-	-	-	-	-	-	-	-	-	-	-	-	-	-	-	-	-	-	-	-	-	-	-	-	-	-	-	-	-	-	-	-	-	-	-	-	-	-	-	-	-	-	-	-	-	-	-	-	-	-	-	-	-	-	-	-	-	-	-	-	-	-	-	-	-	-	-	-	-	-	-	-	-	-	-	-	-	-	-	-	-	-	-	-	-	-	-	-	-	-	-	-	-	-	-	-	-	-	-	-	-	-	-	A	T	G	A	A	G	G	C	G	C	T	G	A	G	C	C	C	G	G	T	G	C	G	C	-	-	-	-	-	-	-	-	-	G	G	C	T	G	C	T	A	C	G	A	G	G	C	G	G	T	G	T	G	C	T	G	T	C	T	G	T	C	T	G	A	A	C	G	C	A	G	T	C	T	-	-	-	-	G	G	C	C	A	T	C	G	C	C	C	G	G	G	G	C	C	G	A	-	-	-	G	G	C	A	A	G	G	G	C	C	C	G	G	C	A	G	C	C	G	A	G	G	A	G	C	C	G	C	T	G	A	G	C	C	T	G	C	T	G	G	A	C	G	A	C	A	T	G	A	A	C	C	A	C	T	G	C	T	A	C	T	C	C	C	G	C	C	T	G	C	G	G	G	A	A	C	T	G	G	T	A	C	C	T	G	G	A	G	T	C	C	C	G	A	G	A	G	G	C	A	C	T	C	A	G	C	T	T	A	G	C	C	A	G	G	T	G	G	A	A	A	T	C	C	T	A	C	A	G	C	G	C	G	T	C	A	T	C	G	A	C	T	A	C	A	T	C	C	T	C	G	A	C	C	T	G	C	A	G	G	T	G	G	T	C	C	T	-	-	-	G	-	-	-	-	-	-	-	-	-	-	-	-	-	-	-	-	-	-	-	-	-	-	-	-	-	-	-	-	-	-	-	-	-	-	-	-	-	-	-	-	-	-	-	-	-	-	-	-	-	-	-	-	-	-	-	-	-	-	-	-	-	-	-	-	-	-	-	-	-	-	-	-	-	-	-	-	-	-	-	-	-	-	-	-	-	-	-	-	-	-	-	-	-	-	-	-	G	C	C	G	A	G	-	-	-	-	-	-	-	-	-	-	-	-	-	-	-	-	-	-	-	-	-	-	-	-	-	-	-	-	-	-	-	-	C	C	A	G	T	-	-	-	C	C	C	A	G	G	A	C	-	-	-	-	-	-	-	-	-	C	C	C	C	G	G	A	-	-	-	-	-	-	-	-	-	-	-	-	-	C	A	G	C	C	C	T	C	A	T	C	T	C	C	C	C	A	T	C	-	-	-	-	-	-	-	-	-	-	-	-	-	-	-	-	-	-	-	-	-	-	-	-	-	-	-	-	-	-	-	-	-	-	-	-	-	-	-	-	-	-	-	-	-	-	-	-	-	-	-	-	-	-	-	-	-	-	-	-	-	-	-	-	-	-	-	-	-	-	-	-	-	-	-	-	-	-	-	-	-	-	-	-	-	-	-	-	-	-	-	-	-	-	-	-	-	-	-	-	-	-	-	-	-	-	-	-	-	-	-	-	-	-	-	-	-	C	A	G	-	-	A	-	-	-	-	-	-	-	-	-	-	-	-	-	-	C	A	G	C	C	-	-	-	-	-	-	-	-	-	-	-	-	-	-	-	-	-	-	G	A	A	C	T	C	G	-	-	-	-	-	-	C	T	C	C	G	G	A	G	-	-	-	-	-	-	-	-	-	-	-	-	-	-	-	-	C	T	T	G	-	-	-	-	-	-	-	-	T	C	A	T	C	T	C	C	A	A	C	G	A	C	A	A	A	A	G	G	A	G	C	-	-	-	-	-	-	T	T	C	-	-	-	-	-	-	-	-	-	-	-	-	-	-	-	T	G	-	-	C	C	A	C	T	G	A	-	-	-	-	-	-	-	-	-	-	-	-	-	-	-	-	-	-	-	-	-	-	-	-	-	-	-	-	-	-	-	-	-	-	-	-	-	-	-	-	-	-	-	-	-	-	-	-	-	-	-	-	-	-	-	-	-	-	-	-	-	-	-	-	-	-	-	-	-	-	-	-	-	-	-	-	-	-	-	-	-	-	-	-	-	-	-	-	Chordata	Mammalia	Primates	Cercopithecidae	Macaca	10.46	1.71	8.74	Monophasic	diurnal	3.3			0.835564053537285	0.163479923518164	
macaca_mulatta	-	-	-	-	-	-	-	-	-	-	-	-	-	-	-	-	-	-	-	-	-	-	-	-	-	-	-	-	-	-	-	-	-	-	-	-	-	-	-	-	-	-	-	-	-	-	-	-	-	-	-	-	-	-	-	-	-	-	-	-	-	-	-	-	-	-	-	-	-	-	-	-	-	-	-	-	-	-	-	-	-	-	-	-	-	-	-	-	-	-	-	-	-	-	-	-	-	-	-	-	-	-	-	-	-	-	-	-	-	-	-	-	-	-	-	-	-	-	-	-	-	-	-	-	-	-	-	-	-	-	-	-	-	-	-	-	-	-	-	-	-	-	-	-	-	-	-	-	-	-	-	-	-	-	-	-	-	-	-	-	-	-	-	-	-	-	-	-	-	-	-	-	-	-	-	-	-	-	-	-	-	-	-	-	-	-	-	-	-	-	-	-	-	-	-	-	-	-	-	-	-	-	-	-	-	-	-	-	-	-	-	-	-	-	-	-	-	-	-	-	-	-	-	-	-	-	-	-	-	-	-	-	-	-	-	-	-	-	-	-	-	-	-	-	-	-	-	-	-	-	-	-	-	-	-	-	-	-	-	-	-	-	-	-	-	-	-	-	-	-	-	-	-	-	-	-	-	-	-	-	-	-	-	-	-	-	-	-	-	-	-	-	-	-	-	-	-	-	-	-	-	-	-	-	-	-	-	-	-	-	-	-	-	-	-	-	-	-	-	-	-	-	-	-	-	-	-	-	-	-	-	-	-	-	-	-	-	-	-	-	-	-	-	-	-	-	-	-	-	-	-	-	-	-	-	-	-	-	-	-	-	-	-	-	-	-	-	-	-	-	-	-	-	-	-	-	-	-	-	-	-	-	-	-	-	-	-	-	-	-	-	-	-	-	-	-	-	-	-	-	-	-	-	-	-	-	-	-	-	-	-	-	-	-	-	-	-	-	-	-	-	-	-	-	-	-	-	-	-	-	-	-	-	-	-	-	-	-	-	-	-	-	-	-	-	-	-	-	-	-	-	-	-	-	-	-	-	-	-	-	-	-	-	-	-	-	-	-	-	-	-	-	-	-	-	-	-	-	-	-	-	-	-	-	-	-	-	-	-	-	-	-	-	-	-	-	-	-	-	-	-	-	-	-	-	-	-	-	-	-	-	-	-	-	-	-	-	-	-	-	-	-	-	-	-	-	A	T	G	A	A	G	G	C	G	C	T	G	A	G	C	C	C	G	G	T	G	C	G	C	-	-	-	-	-	-	-	-	-	G	G	C	T	G	C	T	A	C	G	A	G	G	C	A	G	T	G	T	G	C	T	G	T	C	T	G	T	C	T	G	A	A	C	G	C	A	G	T	C	T	-	-	-	-	G	G	C	C	A	T	C	G	C	C	C	G	G	G	G	C	C	G	A	-	-	-	G	G	C	A	A	G	G	G	C	C	C	G	G	C	A	G	C	C	G	A	G	G	A	G	C	C	G	C	T	G	A	G	C	C	T	G	C	T	G	G	A	C	G	A	C	A	T	G	A	A	C	C	A	C	T	G	C	T	A	C	T	C	C	C	G	C	C	T	G	C	G	G	G	A	A	C	T	G	G	T	A	C	C	T	G	G	A	G	T	C	C	C	G	A	G	A	G	G	C	A	C	T	C	A	G	C	T	T	A	G	C	C	A	G	G	T	G	G	A	A	A	T	C	C	T	A	C	A	G	C	G	C	G	T	C	A	T	C	G	A	C	T	A	C	A	T	C	C	T	C	G	A	C	C	T	G	C	A	G	G	T	G	G	T	C	C	T	-	-	-	G	-	-	-	-	-	-	-	-	-	-	-	-	-	-	-	-	-	-	-	-	-	-	-	-	-	-	-	-	-	-	-	-	-	-	-	-	-	-	-	-	-	-	-	-	-	-	-	-	-	-	-	-	-	-	-	-	-	-	-	-	-	-	-	-	-	-	-	-	-	-	-	-	-	-	-	-	-	-	-	-	-	-	-	-	-	-	-	-	-	-	-	-	-	-	-	-	G	C	C	G	A	G	-	-	-	-	-	-	-	-	-	-	-	-	-	-	-	-	-	-	-	-	-	-	-	-	-	-	-	-	-	-	-	-	C	C	A	G	T	-	-	-	C	C	C	A	G	G	A	C	-	-	-	-	-	-	-	-	-	C	C	C	C	G	G	A	-	-	-	-	-	-	-	-	-	-	-	-	-	C	A	G	C	C	C	T	C	A	T	C	T	C	C	C	C	A	T	C	-	-	-	-	-	-	-	-	-	-	-	-	-	-	-	-	-	-	-	-	-	-	-	-	-	-	-	-	-	-	-	-	-	-	-	-	-	-	-	-	-	-	-	-	-	-	-	-	-	-	-	-	-	-	-	-	-	-	-	-	-	-	-	-	-	-	-	-	-	-	-	-	-	-	-	-	-	-	-	-	-	-	-	-	-	-	-	-	-	-	-	-	-	-	-	-	-	-	-	-	-	-	-	-	-	-	-	-	-	-	-	-	-	-	-	-	-	C	A	G	-	-	A	-	-	-	-	-	-	-	-	-	-	-	-	-	-	C	A	G	C	C	-	-	-	-	-	-	-	-	-	-	-	-	-	-	-	-	-	-	G	A	A	C	T	C	G	-	-	-	-	-	-	C	T	C	C	G	G	A	A	-	-	-	-	-	-	-	-	-	-	-	-	-	-	-	-	C	T	T	G	-	-	-	-	-	-	-	-	T	C	A	T	C	T	C	C	A	A	C	G	A	C	A	A	A	A	G	G	A	G	C	-	-	-	-	-	-	T	T	C	-	-	-	-	-	-	-	-	-	-	-	-	-	-	-	T	G	-	-	C	C	A	C	T	G	A	-	-	-	-	-	-	-	-	-	-	-	-	-	-	-	-	-	-	-	-	-	-	-	-	-	-	-	-	-	-	-	-	-	-	-	-	-	-	-	-	-	-	-	-	-	-	-	-	-	-	-	-	-	-	-	-	-	-	-	-	-	-	-	-	-	-	-	-	-	-	-	-	-	-	-	-	-	-	-	-	-	-	-	-	-	-	-	-	Chordata	Mammalia	Primates	Cercopithecidae	Macaca	10.1	1.2	8.9	Monophasic	diurnal	6.8	179	87.3	0.881188118811881	0.118811881188119	26.3235294117647
rhinopithecus_bieti	-	-	-	-	-	-	-	-	-	-	-	-	-	-	-	-	-	-	-	-	-	-	-	-	-	-	-	-	-	-	-	-	-	-	-	-	-	-	-	-	-	-	-	-	-	-	-	-	-	-	-	-	-	-	-	-	-	-	-	-	-	-	-	-	-	-	-	-	-	-	-	-	-	-	-	-	-	-	-	-	-	-	-	-	-	-	-	-	-	-	-	-	-	-	-	-	-	-	-	-	-	-	-	-	-	-	-	-	-	-	-	-	-	-	-	-	-	-	-	-	-	-	-	-	-	-	-	-	-	-	-	-	-	-	-	-	-	-	-	-	-	-	-	-	-	-	-	-	-	-	-	-	-	-	-	-	-	-	-	-	-	-	-	-	-	-	-	-	-	-	-	-	-	-	-	-	-	-	-	-	-	-	-	-	-	-	-	-	-	-	-	-	-	-	-	-	-	-	-	-	-	-	-	-	-	-	-	-	-	-	-	-	-	-	-	-	-	-	-	-	-	-	-	-	-	-	-	-	-	-	-	-	-	-	-	-	-	-	-	-	-	-	-	-	-	-	-	-	-	-	-	-	-	-	-	-	-	-	-	-	-	-	-	-	-	-	-	-	-	-	-	-	-	-	-	-	-	-	-	-	-	-	-	-	-	-	-	-	-	-	-	-	-	-	-	-	-	-	-	-	-	-	-	-	-	-	-	-	-	-	-	-	-	-	-	-	-	-	-	-	-	-	-	-	-	-	-	-	-	-	-	-	-	-	-	-	-	-	-	-	-	-	-	-	-	-	-	-	-	-	-	-	-	-	-	-	-	-	-	-	-	-	-	-	-	-	-	-	-	-	-	-	-	-	-	-	-	-	-	-	-	-	-	-	-	-	-	-	-	-	-	-	-	-	-	-	-	-	-	-	-	-	-	-	-	-	-	-	-	-	-	-	-	-	-	-	-	-	-	-	-	-	-	-	-	-	-	-	-	-	-	-	-	-	-	-	-	-	-	-	-	-	-	-	-	-	-	-	-	-	-	-	-	-	-	-	-	-	-	-	-	-	-	-	-	-	-	-	-	-	-	-	-	-	-	-	-	-	-	-	-	-	-	-	-	-	-	-	-	-	-	-	-	-	-	-	-	-	-	-	-	-	-	-	-	-	-	-	-	-	-	-	-	-	-	-	-	-	-	-	-	-	-	-	-	-	A	T	G	A	A	G	G	C	G	C	T	G	A	G	C	C	C	G	G	T	G	C	G	C	-	-	-	-	-	-	-	-	-	G	G	C	T	G	C	T	A	C	G	A	G	G	C	A	G	T	G	T	G	C	T	G	C	C	T	G	T	C	T	G	A	A	C	G	C	A	G	T	C	T	-	-	-	-	G	G	C	C	A	T	C	G	C	C	C	G	G	G	G	C	C	G	A	-	-	-	G	G	C	A	A	G	G	G	C	C	C	G	G	C	A	G	C	C	G	A	G	G	A	G	C	C	G	C	T	G	A	G	C	C	T	G	C	T	G	G	A	C	G	A	C	A	T	G	A	A	C	C	A	C	T	G	C	T	A	C	T	C	C	C	G	C	C	T	G	C	G	G	G	A	A	C	T	G	G	T	A	C	C	T	G	G	A	G	T	C	C	C	G	A	G	A	G	G	C	A	C	T	C	A	G	C	T	T	A	G	C	C	A	G	G	T	G	G	A	A	A	T	C	C	T	A	C	A	G	C	G	C	G	T	C	A	T	C	G	A	C	T	A	C	A	T	C	C	T	C	G	A	C	C	T	G	C	A	G	G	T	G	G	T	C	C	T	-	-	-	G	-	-	-	-	-	-	-	-	-	-	-	-	-	-	-	-	-	-	-	-	-	-	-	-	-	-	-	-	-	-	-	-	-	-	-	-	-	-	-	-	-	-	-	-	-	-	-	-	-	-	-	-	-	-	-	-	-	-	-	-	-	-	-	-	-	-	-	-	-	-	-	-	-	-	-	-	-	-	-	-	-	-	-	-	-	-	-	-	-	-	-	-	-	-	-	-	G	C	C	G	A	G	-	-	-	-	-	-	-	-	-	-	-	-	-	-	-	-	-	-	-	-	-	-	-	-	-	-	-	-	-	-	-	-	C	C	A	G	T	-	-	-	C	A	C	A	G	G	A	C	-	-	-	-	-	-	-	-	-	C	C	C	C	G	G	A	-	-	-	-	-	-	-	-	-	-	-	-	-	C	G	G	C	C	C	T	C	A	T	C	T	C	C	C	C	A	T	C	-	-	-	-	-	-	-	-	-	-	-	-	-	-	-	-	-	-	-	-	-	-	-	-	-	-	-	-	-	-	-	-	-	-	-	-	-	-	-	-	-	-	-	-	-	-	-	-	-	-	-	-	-	-	-	-	-	-	-	-	-	-	-	-	-	-	-	-	-	-	-	-	-	-	-	-	-	-	-	-	-	-	-	-	-	-	-	-	-	-	-	-	-	-	-	-	-	-	-	-	-	-	-	-	-	-	-	-	-	-	-	-	-	-	-	-	-	C	A	G	-	-	A	-	-	-	-	-	-	-	-	-	-	-	-	-	-	C	A	G	C	C	-	-	-	-	-	-	-	-	-	-	-	-	-	-	-	-	-	-	G	A	A	C	T	C	G	-	-	-	-	-	-	C	T	C	C	G	G	A	A	-	-	-	-	-	-	-	-	-	-	-	-	-	-	-	-	C	T	T	G	-	-	-	-	-	-	-	-	T	C	A	T	C	T	C	C	A	A	A	G	A	C	A	A	A	A	G	G	A	G	C	-	-	-	-	-	-	T	T	C	-	-	-	-	-	-	-	-	-	-	-	-	-	-	-	T	G	-	-	C	C	A	C	T	G	A	-	-	-	-	-	-	-	-	-	-	-	-	-	-	-	-	-	-	-	-	-	-	-	-	-	-	-	-	-	-	-	-	-	-	-	-	-	-	-	-	-	-	-	-	-	-	-	-	-	-	-	-	-	-	-	-	-	-	-	-	-	-	-	-	-	-	-	-	-	-	-	-	-	-	-	-	-	-	-	-	-	-	-	-	-	-	-	-	Chordata	Mammalia	Primates	Cercopithecidae	Rhinopithecus	11.5				diurnal						
macaca_nemestrina	-	-	-	-	-	-	-	-	-	-	-	-	-	-	-	-	-	-	-	-	-	-	-	-	-	-	-	-	-	-	-	-	-	-	-	-	-	-	-	-	-	-	-	-	-	-	-	-	-	-	-	-	-	-	-	-	-	-	-	-	-	-	-	-	-	-	-	-	-	-	-	-	-	-	-	-	-	-	-	-	-	-	-	-	-	-	-	-	-	-	-	-	-	-	-	-	-	-	-	-	-	-	-	-	-	-	-	-	-	-	-	-	-	-	-	-	-	-	-	-	-	-	-	-	-	-	-	-	-	-	-	-	-	-	-	-	-	-	-	-	-	-	-	-	-	-	-	-	-	-	-	-	-	-	-	-	-	-	-	-	-	-	-	-	-	-	-	-	-	-	-	-	-	-	-	-	-	-	-	-	-	-	-	-	-	-	-	-	-	-	-	-	-	-	-	-	-	-	-	-	-	-	-	-	-	-	-	-	-	-	-	-	-	-	-	-	-	-	-	-	-	-	-	-	-	-	-	-	-	-	-	-	-	-	-	-	-	-	-	-	-	-	-	-	-	-	-	-	-	-	-	-	-	-	-	-	-	-	-	-	-	-	-	-	-	-	-	-	-	-	-	-	-	-	-	-	-	-	-	-	-	-	-	-	-	-	-	-	-	-	-	-	-	-	-	-	-	-	-	-	-	-	-	-	-	-	-	-	-	-	-	-	-	-	-	-	-	-	-	-	-	-	-	-	-	-	-	-	-	-	-	-	-	-	-	-	-	-	-	-	-	-	-	-	-	-	-	-	-	-	-	-	-	-	-	-	-	-	-	-	-	-	-	-	-	-	-	-	-	-	-	-	-	-	-	-	-	-	-	-	-	-	-	-	-	-	-	-	-	-	-	-	-	-	-	-	-	-	-	-	-	-	-	-	-	-	-	-	-	-	-	-	-	-	-	-	-	-	-	-	-	-	-	-	-	-	-	-	-	-	-	-	-	-	-	-	-	-	-	-	-	-	-	-	-	-	-	-	-	-	-	-	-	-	-	-	-	-	-	-	-	-	-	-	-	-	-	-	-	-	-	-	-	-	-	-	-	-	-	-	-	-	-	-	-	-	-	-	-	-	-	-	-	-	-	-	-	-	-	-	-	-	-	-	-	-	-	-	-	-	-	-	-	-	-	-	-	-	-	-	-	-	-	-	-	-	A	T	G	A	A	G	G	C	G	C	T	G	A	G	C	C	C	G	G	T	G	C	G	C	-	-	-	-	-	-	-	-	-	G	G	C	T	G	C	T	A	C	G	A	G	G	C	A	G	T	G	T	G	C	T	G	C	C	T	G	T	C	T	G	A	A	C	G	C	A	G	T	C	T	-	-	-	-	G	G	C	C	A	T	C	G	C	C	C	G	G	G	G	C	C	G	A	-	-	-	G	G	C	A	A	G	G	G	C	C	C	G	G	C	A	G	C	C	G	A	G	G	A	G	C	C	G	C	T	G	A	G	C	C	T	G	C	T	G	G	A	C	G	A	C	A	T	G	A	A	C	C	A	C	T	G	C	T	A	C	T	C	C	C	G	C	C	T	G	C	G	G	G	A	A	C	T	G	G	T	A	C	C	T	G	G	A	G	T	C	C	C	G	A	G	A	G	G	C	A	C	T	C	A	G	C	T	T	A	G	C	C	A	G	G	T	G	G	A	A	A	T	C	C	T	A	C	A	G	C	G	C	G	T	C	A	T	C	G	A	C	T	A	C	A	T	C	C	T	C	G	A	C	C	T	G	C	A	G	G	T	G	G	T	C	C	T	-	-	-	G	-	-	-	-	-	-	-	-	-	-	-	-	-	-	-	-	-	-	-	-	-	-	-	-	-	-	-	-	-	-	-	-	-	-	-	-	-	-	-	-	-	-	-	-	-	-	-	-	-	-	-	-	-	-	-	-	-	-	-	-	-	-	-	-	-	-	-	-	-	-	-	-	-	-	-	-	-	-	-	-	-	-	-	-	-	-	-	-	-	-	-	-	-	-	-	-	G	C	C	G	A	G	-	-	-	-	-	-	-	-	-	-	-	-	-	-	-	-	-	-	-	-	-	-	-	-	-	-	-	-	-	-	-	-	C	C	A	G	T	-	-	-	C	C	C	A	G	G	A	C	-	-	-	-	-	-	-	-	-	C	C	C	C	G	G	A	-	-	-	-	-	-	-	-	-	-	-	-	-	C	G	G	C	C	C	T	C	A	T	C	T	C	C	C	C	A	T	C	-	-	-	-	-	-	-	-	-	-	-	-	-	-	-	-	-	-	-	-	-	-	-	-	-	-	-	-	-	-	-	-	-	-	-	-	-	-	-	-	-	-	-	-	-	-	-	-	-	-	-	-	-	-	-	-	-	-	-	-	-	-	-	-	-	-	-	-	-	-	-	-	-	-	-	-	-	-	-	-	-	-	-	-	-	-	-	-	-	-	-	-	-	-	-	-	-	-	-	-	-	-	-	-	-	-	-	-	-	-	-	-	-	-	-	-	-	C	A	G	-	-	A	-	-	-	-	-	-	-	-	-	-	-	-	-	-	C	A	G	C	C	-	-	-	-	-	-	-	-	-	-	-	-	-	-	-	-	-	-	G	A	A	C	T	C	G	-	-	-	-	-	-	C	T	C	C	G	G	A	A	-	-	-	-	-	-	-	-	-	-	-	-	-	-	-	-	C	T	T	G	-	-	-	-	-	-	-	-	T	C	A	T	C	T	C	C	A	A	C	G	A	C	A	A	A	A	G	G	A	G	C	-	-	-	-	-	-	T	T	C	-	-	-	-	-	-	-	-	-	-	-	-	-	-	-	T	G	-	-	C	C	A	C	T	G	A	-	-	-	-	-	-	-	-	-	-	-	-	-	-	-	-	-	-	-	-	-	-	-	-	-	-	-	-	-	-	-	-	-	-	-	-	-	-	-	-	-	-	-	-	-	-	-	-	-	-	-	-	-	-	-	-	-	-	-	-	-	-	-	-	-	-	-	-	-	-	-	-	-	-	-	-	-	-	-	-	-	-	-	-	-	-	-	-	Chordata	Mammalia	Primates	Cercopithecidae	Macaca	9.6	1.06	8.54	Monophasic	diurnal	8		114	0.889583333333333	0.110416666666667	
papio_anubis	-	-	-	-	-	-	-	-	-	-	-	-	-	-	-	-	-	-	-	-	-	-	-	-	-	-	-	-	-	-	-	-	-	-	-	-	-	-	-	-	-	-	-	-	-	-	-	-	-	-	-	-	-	-	-	-	-	-	-	-	-	-	-	-	-	-	-	-	-	-	-	-	-	-	-	-	-	-	-	-	-	-	-	-	-	-	-	-	-	-	-	-	-	-	-	-	-	-	-	-	-	-	-	-	-	-	-	-	-	-	-	-	-	-	-	-	-	-	-	-	-	-	-	-	-	-	-	-	-	-	-	-	-	-	-	-	-	-	-	-	-	-	-	-	-	-	-	-	-	-	-	-	-	-	-	-	-	-	-	-	-	-	-	-	-	-	-	-	-	-	-	-	-	-	-	-	-	-	-	-	-	-	-	-	-	-	-	-	-	-	-	-	-	-	-	-	-	-	-	-	-	-	-	-	-	-	-	-	-	-	-	-	-	-	-	-	-	-	-	-	-	-	-	-	-	-	-	-	-	-	-	-	-	-	-	-	-	-	-	-	-	-	-	-	-	-	-	-	-	-	-	-	-	-	-	-	-	-	-	-	-	-	-	-	-	-	-	-	-	-	-	-	-	-	-	-	-	-	-	-	-	-	-	-	-	-	-	-	-	-	-	-	-	-	-	-	-	-	-	-	-	-	-	-	-	-	-	-	-	-	-	-	-	-	-	-	-	-	-	-	-	-	-	-	-	-	-	-	-	-	-	-	-	-	-	-	-	-	-	-	-	-	-	-	-	-	-	-	-	-	-	-	-	-	-	-	-	-	-	-	-	-	-	-	-	-	-	-	-	-	-	-	-	-	-	-	-	-	-	-	-	-	-	-	-	-	-	-	-	-	-	-	-	-	-	-	-	-	-	-	-	-	-	-	-	-	-	-	-	-	-	-	-	-	-	-	-	-	-	-	-	-	-	-	-	-	-	-	-	-	-	-	-	-	-	-	-	-	-	-	-	-	-	-	-	-	-	-	-	-	-	-	-	-	-	-	-	-	-	-	-	-	-	-	-	-	-	-	-	-	-	-	-	-	-	-	-	-	-	-	-	-	-	-	-	-	-	-	-	-	-	-	-	-	-	-	-	-	-	-	-	-	-	-	-	-	-	-	-	-	-	-	-	-	-	-	-	-	-	-	-	-	-	-	-	-	A	T	G	A	A	G	G	C	G	C	T	G	A	G	C	C	C	G	G	T	G	C	G	C	-	-	-	-	-	-	-	-	-	G	G	C	T	G	C	T	A	C	G	A	G	G	C	A	G	T	G	T	G	C	T	G	C	C	T	G	T	C	T	G	A	A	C	G	C	A	G	T	C	T	-	-	-	-	G	G	C	C	A	T	C	G	C	C	C	G	G	G	G	C	C	G	A	-	-	-	G	G	C	A	A	G	G	G	C	C	C	G	G	C	A	G	C	C	G	A	G	G	A	G	C	C	G	C	T	G	A	G	C	C	T	G	C	T	G	G	A	C	G	A	C	A	T	G	A	A	C	C	A	C	T	G	C	T	A	C	T	C	C	C	G	C	C	T	G	C	G	G	G	A	A	C	T	G	G	T	A	C	C	T	G	G	A	G	T	C	C	C	G	A	G	A	G	G	C	A	C	T	C	A	G	C	T	T	A	G	C	C	A	G	G	T	G	G	A	A	A	T	C	C	T	A	C	A	G	C	G	C	G	T	C	A	T	C	G	A	C	T	A	C	A	T	C	C	T	C	G	A	C	C	T	G	C	A	G	G	T	G	G	T	C	C	T	-	-	-	G	-	-	-	-	-	-	-	-	-	-	-	-	-	-	-	-	-	-	-	-	-	-	-	-	-	-	-	-	-	-	-	-	-	-	-	-	-	-	-	-	-	-	-	-	-	-	-	-	-	-	-	-	-	-	-	-	-	-	-	-	-	-	-	-	-	-	-	-	-	-	-	-	-	-	-	-	-	-	-	-	-	-	-	-	-	-	-	-	-	-	-	-	-	-	-	-	G	C	C	G	A	A	-	-	-	-	-	-	-	-	-	-	-	-	-	-	-	-	-	-	-	-	-	-	-	-	-	-	-	-	-	-	-	-	C	C	A	G	T	-	-	-	C	C	C	A	G	G	A	C	-	-	-	-	-	-	-	-	-	C	C	C	C	G	G	A	-	-	-	-	-	-	-	-	-	-	-	-	-	C	G	G	C	C	C	T	C	A	T	C	T	C	C	C	C	A	T	C	-	-	-	-	-	-	-	-	-	-	-	-	-	-	-	-	-	-	-	-	-	-	-	-	-	-	-	-	-	-	-	-	-	-	-	-	-	-	-	-	-	-	-	-	-	-	-	-	-	-	-	-	-	-	-	-	-	-	-	-	-	-	-	-	-	-	-	-	-	-	-	-	-	-	-	-	-	-	-	-	-	-	-	-	-	-	-	-	-	-	-	-	-	-	-	-	-	-	-	-	-	-	-	-	-	-	-	-	-	-	-	-	-	-	-	-	-	C	A	G	-	-	A	-	-	-	-	-	-	-	-	-	-	-	-	-	-	C	A	G	C	C	-	-	-	-	-	-	-	-	-	-	-	-	-	-	-	-	-	-	G	A	A	C	T	C	G	-	-	-	-	-	-	C	T	C	C	G	G	A	A	-	-	-	-	-	-	-	-	-	-	-	-	-	-	-	-	C	T	T	G	-	-	-	-	-	-	-	-	T	C	A	T	C	T	C	C	A	A	C	G	A	C	A	A	A	A	G	G	A	G	C	-	-	-	-	-	-	T	T	C	-	-	-	-	-	-	-	-	-	-	-	-	-	-	-	T	G	-	-	C	C	A	C	T	G	A	-	-	-	-	-	-	-	-	-	-	-	-	-	-	-	-	-	-	-	-	-	-	-	-	-	-	-	-	-	-	-	-	-	-	-	-	-	-	-	-	-	-	-	-	-	-	-	-	-	-	-	-	-	-	-	-	-	-	-	-	-	-	-	-	-	-	-	-	-	-	-	-	-	-	-	-	-	-	-	-	-	-	-	-	-	-	-	-	Chordata	Mammalia	Primates	Cercopithecidae	Papio	9.4	1	8.4	Monophasic	diurnal	25.235	180	184	0.893617021276596	0.106382978723404	7.13295026748564
callithrix_jacchus	-	-	-	-	-	-	-	-	-	-	-	-	-	-	-	-	-	-	-	-	-	-	-	-	-	-	-	-	-	-	-	-	-	-	-	-	-	-	-	-	-	-	-	-	-	-	-	-	-	-	-	-	-	-	-	-	-	-	-	-	-	-	-	-	-	-	-	-	-	-	-	-	-	-	-	-	-	-	-	-	-	-	-	-	-	-	-	-	-	-	-	-	-	-	-	-	-	-	-	-	-	-	-	-	-	-	-	-	-	-	-	-	-	-	-	-	-	-	-	-	-	-	-	-	-	-	-	-	-	-	-	-	-	-	-	-	-	-	-	-	-	-	-	-	-	-	-	-	-	-	-	-	-	-	-	-	-	-	-	-	-	-	-	-	-	-	-	-	-	-	-	-	-	-	-	-	-	-	-	-	-	-	-	-	-	-	-	-	-	-	-	-	-	-	-	-	-	-	-	-	-	-	-	-	-	-	-	-	-	-	-	-	-	-	-	-	-	-	-	-	-	-	-	-	-	-	-	-	-	-	-	-	-	-	-	-	-	-	-	-	-	-	-	-	-	-	-	-	-	-	-	-	-	-	-	-	-	-	-	-	-	-	-	-	-	-	-	-	-	-	-	-	-	-	-	-	-	-	-	-	-	-	-	-	-	-	-	-	-	-	-	-	-	-	-	-	-	-	-	-	-	-	-	-	-	-	-	-	-	-	-	-	-	-	-	-	-	-	-	-	-	-	-	-	-	-	-	-	-	-	-	-	-	-	-	-	-	-	-	-	-	-	-	-	-	-	-	-	-	-	-	-	-	-	-	-	-	-	-	-	-	-	-	-	-	-	-	-	-	-	-	-	-	-	-	-	-	-	-	-	-	-	-	-	-	-	-	-	-	-	-	-	-	-	-	-	-	-	-	-	-	-	-	-	-	-	-	-	-	-	-	-	-	-	-	-	-	-	-	-	-	-	-	-	-	-	-	-	-	-	-	-	-	-	-	-	-	-	-	-	-	-	-	-	-	-	-	-	-	-	-	-	-	-	-	-	-	-	-	-	-	-	-	-	-	-	-	-	-	-	-	-	-	-	-	-	-	-	-	-	-	-	-	-	-	-	-	-	-	-	-	-	-	-	-	-	-	-	-	-	-	-	-	-	-	-	-	-	-	-	-	-	-	-	-	-	-	-	-	-	-	-	-	-	-	-	A	T	G	A	A	G	G	C	G	C	T	G	A	G	C	C	C	G	G	T	G	C	G	C	-	-	-	-	-	-	-	-	-	G	G	C	T	G	C	T	A	C	G	A	G	G	C	G	G	T	G	T	G	C	T	G	C	C	T	G	T	C	G	G	A	A	C	G	C	A	G	T	C	T	-	-	-	-	G	G	C	C	A	T	C	G	C	C	A	G	G	G	G	C	C	G	A	-	-	-	G	G	C	A	A	G	G	G	C	C	C	G	G	C	A	G	C	A	G	A	G	G	A	G	C	C	G	C	T	G	A	G	C	C	T	G	C	T	G	G	A	C	G	A	C	A	T	G	A	A	C	C	A	C	T	G	C	T	A	C	T	C	C	C	G	C	C	T	G	C	G	G	G	A	A	C	T	G	G	T	A	C	C	C	G	G	C	G	T	C	C	C	G	A	G	G	G	G	C	A	C	T	C	A	G	C	T	T	A	G	C	C	A	G	G	T	G	G	A	A	A	T	C	C	T	A	C	A	G	C	G	C	G	T	C	A	T	C	G	A	C	T	A	C	A	T	C	C	T	C	G	A	C	C	T	G	C	A	G	G	T	G	G	T	C	C	T	-	-	-	G	-	-	-	-	-	-	-	-	-	-	-	-	-	-	-	-	-	-	-	-	-	-	-	-	-	-	-	-	-	-	-	-	-	-	-	-	-	-	-	-	-	-	-	-	-	-	-	-	-	-	-	-	-	-	-	-	-	-	-	-	-	-	-	-	-	-	-	-	-	-	-	-	-	-	-	-	-	-	-	-	-	-	-	-	-	-	-	-	-	-	-	-	-	-	-	-	G	C	C	G	A	G	-	-	-	-	-	-	-	-	-	-	-	-	-	-	-	-	-	-	-	-	-	-	-	-	-	-	-	-	-	-	-	-	C	C	A	G	C	-	-	-	C	C	C	T	G	G	A	C	-	-	-	-	-	-	-	-	-	C	C	C	C	C	G	A	-	-	-	-	-	-	-	-	-	-	-	-	-	C	G	G	G	C	C	C	C	A	T	C	T	C	C	C	T	A	T	C	-	-	-	-	-	-	-	-	-	-	C	A	G	G	T	A	A	G	C	C	T	T	G	G	A	G	C	T	G	C	G	T	C	A	G	G	G	C	T	G	A	A	C	A	C	C	C	A	G	G	C	A	A	A	G	A	T	G	C	T	G	T	G	G	G	A	T	C	C	T	C	A	G	A	G	C	C	C	C	C	G	A	T	T	G	C	C	T	T	A	T	G	T	A	A	C	T	C	T	T	C	C	C	G	C	T	T	T	T	C	C	T	C	T	T	C	T	C	A	G	-	-	A	-	-	-	-	-	-	-	-	-	-	-	-	-	-	C	A	G	C	C	-	-	-	-	-	-	-	-	-	-	-	-	-	-	-	-	-	-	G	A	G	C	T	T	G	-	-	-	-	-	-	C	T	C	C	G	G	A	A	-	-	-	-	-	-	-	-	-	-	-	-	-	-	-	-	C	T	T	G	-	-	-	-	-	-	-	-	T	C	A	T	C	T	C	C	A	A	C	G	A	C	A	A	A	A	G	G	A	G	C	-	-	-	-	-	-	T	T	C	-	-	-	-	-	-	-	-	-	-	-	-	-	-	-	T	G	-	-	C	C	A	C	T	G	A	C	C	C	G	G	C	C	G	T	C	C	T	C	G	C	A	C	C	G	C	C	T	G	A	A	C	G	C	A	G	G	T	G	C	T	G	G	C	G	C	C	C	G	T	T	T	G	G	C	C	T	G	G	C	G	C	G	T	G	C	C	T	G	T	A	A	T	C	C	C	A	G	C	T	A	C	T	C	G	G	G	A	G	G	C	T	G	A	Chordata	Mammalia	Primates	Cebidae	Callithrix	9.5038	1.6055	7.8983	Monophasic	diurnal	0.306196343		142.9	0.831067572970812	0.168932427029188	
saimiri_boliviensis_boliviensis	-	-	-	-	-	-	-	-	-	-	-	-	-	-	-	-	-	-	-	-	-	-	-	-	-	-	-	-	-	-	-	-	-	-	-	-	-	-	-	-	-	-	-	-	-	-	-	-	-	-	-	-	-	-	-	-	-	-	-	-	-	-	-	-	-	-	-	-	-	-	-	-	-	-	-	-	-	-	-	-	-	-	-	-	-	-	-	-	-	-	-	-	-	-	-	-	-	-	-	-	-	-	-	-	-	-	-	-	-	-	-	-	-	-	-	-	-	-	-	-	-	-	-	-	-	-	-	-	-	-	-	-	-	-	-	-	-	-	-	-	-	-	-	-	-	-	-	-	-	-	-	-	-	-	-	-	-	-	-	-	-	-	-	-	-	-	-	-	-	-	-	-	-	-	-	-	-	-	-	-	-	-	-	-	-	-	-	-	-	-	-	-	-	-	-	-	-	-	-	-	-	-	-	-	-	-	-	-	-	-	-	-	-	-	-	-	-	-	-	-	-	-	-	-	-	-	-	-	-	-	-	-	-	-	-	-	-	-	-	-	-	-	-	-	-	-	-	-	-	-	-	-	-	-	-	-	-	-	-	-	-	-	-	-	-	-	-	-	-	-	-	-	-	-	-	-	-	-	-	-	-	-	-	-	-	-	-	-	-	-	-	-	-	-	-	-	-	-	-	-	-	-	-	-	-	-	-	-	-	-	-	-	-	-	-	-	-	-	-	-	-	-	-	-	-	-	-	-	-	-	-	-	-	-	-	-	-	-	-	-	-	-	-	-	-	-	-	-	-	-	-	-	-	-	-	-	-	-	-	-	-	-	-	-	-	-	-	-	-	-	-	-	-	-	-	-	-	-	-	-	-	-	-	-	-	-	-	-	-	-	-	-	-	-	-	-	-	-	-	-	-	-	-	-	-	-	-	-	-	-	-	-	-	-	-	-	-	-	-	-	-	-	-	-	-	-	-	-	-	-	-	-	-	-	-	-	-	-	-	-	-	-	-	-	-	-	-	-	-	-	-	-	-	-	-	-	-	-	-	-	-	-	-	-	-	-	-	-	-	-	-	-	-	-	-	-	-	-	-	-	-	-	-	-	-	-	-	-	-	-	-	-	-	-	-	-	-	-	-	-	-	-	-	-	-	-	-	-	-	-	-	-	-	-	-	-	-	-	-	-	-	-	-	-	-	-	A	T	G	A	A	G	G	C	G	C	T	G	A	G	C	C	C	G	G	T	G	C	G	C	-	-	-	-	-	-	-	-	-	G	G	C	T	G	C	T	A	C	G	A	G	G	C	C	G	T	G	T	G	C	T	G	C	C	T	G	T	C	C	G	A	A	C	G	C	A	G	T	C	T	-	-	-	-	G	G	C	C	A	T	C	G	C	C	C	G	G	G	G	C	C	G	A	-	-	-	G	G	C	A	A	G	G	G	C	C	C	G	G	C	G	G	C	G	G	A	G	G	A	G	C	C	G	C	T	G	A	G	C	C	T	G	C	T	G	G	A	C	G	A	C	A	T	G	A	A	C	C	A	C	T	G	C	T	A	C	T	C	C	C	G	C	C	T	G	C	G	G	G	A	A	C	T	G	G	T	A	C	C	C	G	G	C	G	T	C	C	C	G	A	G	G	G	G	C	A	C	T	C	A	G	C	T	T	A	G	C	C	A	G	G	T	G	G	A	A	A	T	C	C	T	A	C	A	G	C	G	C	G	T	C	A	T	C	G	A	C	T	A	C	A	T	C	C	T	C	G	A	C	C	T	G	C	A	G	G	T	G	G	T	C	C	T	-	-	-	G	-	-	-	-	-	-	-	-	-	-	-	-	-	-	-	-	-	-	-	-	-	-	-	-	-	-	-	-	-	-	-	-	-	-	-	-	-	-	-	-	-	-	-	-	-	-	-	-	-	-	-	-	-	-	-	-	-	-	-	-	-	-	-	-	-	-	-	-	-	-	-	-	-	-	-	-	-	-	-	-	-	-	-	-	-	-	-	-	-	-	-	-	-	-	-	-	G	C	C	G	A	G	-	-	-	-	-	-	-	-	-	-	-	-	-	-	-	-	-	-	-	-	-	-	-	-	-	-	-	-	-	-	-	-	C	C	A	G	C	-	-	-	C	C	C	T	G	G	A	C	-	-	-	-	-	-	-	-	-	C	C	C	C	C	G	A	-	-	-	-	-	-	-	-	-	-	-	-	-	C	G	G	G	C	C	C	C	A	T	C	T	C	C	C	C	A	T	C	-	-	-	-	-	-	-	-	-	-	-	-	-	-	-	-	-	-	-	-	-	-	-	-	-	-	-	-	-	-	-	-	-	-	-	-	-	-	-	-	-	-	-	-	-	-	-	-	-	-	-	-	-	-	-	-	-	-	-	-	-	-	-	-	-	-	-	-	-	-	-	-	-	-	-	-	-	-	-	-	-	-	-	-	-	-	-	-	-	-	-	-	-	-	-	-	-	-	-	-	-	-	-	-	-	-	-	-	-	-	-	-	-	-	-	-	-	C	A	G	-	-	A	-	-	-	-	-	-	-	-	-	-	-	-	-	-	C	A	G	C	C	-	-	-	-	-	-	-	-	-	-	-	-	-	-	-	-	-	-	G	A	G	C	T	C	G	-	-	-	-	-	-	C	T	C	C	G	G	A	A	-	-	-	-	-	-	-	-	-	-	-	-	-	-	-	-	C	T	T	G	-	-	-	-	-	-	-	-	T	C	A	T	C	T	C	C	A	A	T	G	A	C	A	A	A	A	G	G	A	G	C	-	-	-	-	-	-	T	T	C	-	-	-	-	-	-	-	-	-	-	-	-	-	-	-	T	G	-	-	C	C	A	C	T	G	A	-	-	-	-	-	-	-	-	-	-	-	-	-	-	-	-	-	-	-	-	-	-	-	-	-	-	-	-	-	-	-	-	-	-	-	-	-	-	-	-	-	-	-	-	-	-	-	-	-	-	-	-	-	-	-	-	-	-	-	-	-	-	-	-	-	-	-	-	-	-	-	-	-	-	-	-	-	-	-	-	-	-	-	-	-	-	-	-	Chordata	Mammalia	Primates	Cebidae	Saimiri	9.13	1.03	8.1		diurnal	0.75		167	0.887185104052574	0.112814895947426	
myotis_lucifugus	-	-	-	-	-	-	-	-	-	-	-	-	-	-	-	-	-	-	-	-	-	-	-	-	-	-	-	-	-	-	-	-	-	-	-	-	-	-	-	-	-	-	-	-	-	-	-	-	-	-	-	-	-	-	-	-	-	-	-	-	-	-	-	-	-	-	-	-	-	-	-	-	-	-	-	-	-	-	-	-	-	-	-	-	-	-	-	-	-	-	-	-	-	-	-	-	-	-	-	-	-	-	-	-	-	-	-	-	-	-	-	-	-	-	-	-	-	-	-	-	-	-	-	-	-	-	-	-	-	-	-	-	-	-	-	-	-	-	-	-	-	-	-	-	-	-	-	-	-	-	-	-	-	-	-	-	-	-	-	-	-	-	-	-	-	-	-	-	-	-	-	-	-	-	-	-	-	-	-	-	-	-	-	-	-	-	-	-	-	-	-	-	-	-	-	-	-	-	-	-	-	-	-	-	-	-	-	-	-	-	-	-	-	-	-	-	-	-	-	-	-	-	-	-	-	-	-	-	-	-	-	-	-	-	-	-	-	-	-	-	-	-	-	-	-	-	-	-	-	-	-	-	-	-	-	-	-	-	-	-	-	-	-	-	-	-	-	-	-	-	-	-	-	-	-	-	-	-	-	-	-	-	-	-	-	-	-	-	-	-	-	-	-	-	-	-	-	-	-	-	-	-	-	-	-	-	-	-	-	-	-	-	-	-	-	-	-	-	-	-	-	-	-	-	-	-	-	-	-	-	-	-	-	-	-	-	-	-	-	-	-	-	-	-	-	-	-	-	-	-	-	-	-	-	-	-	-	-	-	-	-	-	-	-	-	-	-	-	-	-	-	-	-	-	-	-	-	-	-	-	-	-	-	-	-	-	-	-	-	-	-	-	-	-	-	-	-	-	-	-	-	-	-	-	-	-	-	-	-	-	-	-	-	-	-	-	-	-	-	-	-	-	-	-	-	-	-	-	-	-	-	-	-	-	-	-	-	-	-	-	-	-	-	-	-	-	-	-	-	-	-	-	-	-	-	-	-	-	-	-	-	-	-	-	-	-	-	-	-	-	-	-	-	-	-	G	G	A	A	T	T	T	C	T	T	T	A	G	C	T	C	T	C	T	C	G	A	C	C	T	T	G	G	C	A	C	T	T	C	C	A	A	C	C	T	C	A	T	C	C	C	T	C	A	A	C	A	T	G	A	A	G	G	C	G	T	T	A	A	G	C	C	C	G	G	T	G	C	G	C	-	-	-	-	-	-	-	-	-	G	G	C	T	G	C	T	A	C	G	A	G	G	C	G	G	T	G	T	G	C	T	G	C	C	T	G	T	C	G	G	A	A	C	G	C	A	G	C	C	T	-	-	-	-	A	G	C	C	A	T	C	G	C	G	C	G	G	G	G	C	C	G	C	-	-	-	G	G	C	A	A	G	G	G	C	C	C	G	G	C	A	G	C	C	G	A	G	G	A	G	C	C	G	C	T	G	A	G	T	C	T	G	C	T	G	G	A	C	G	A	C	A	T	G	A	A	C	C	A	C	T	G	C	T	A	C	T	C	G	C	G	C	C	T	G	C	G	G	G	A	A	C	T	G	G	T	A	C	C	C	G	G	A	G	T	C	C	C	G	C	G	A	G	G	C	A	C	T	C	A	G	C	T	T	A	G	C	C	A	G	G	T	G	G	A	A	A	T	C	C	T	G	C	A	G	C	G	T	G	T	C	A	T	C	G	A	C	T	A	C	A	T	C	C	T	C	G	A	C	C	T	G	C	A	G	G	T	G	G	T	C	C	T	-	-	-	G	-	-	-	-	-	-	-	-	-	-	-	-	-	-	-	-	-	-	-	-	-	-	-	-	-	-	-	-	-	-	-	-	-	-	-	-	-	-	-	-	-	-	-	-	-	-	-	-	-	-	-	-	-	-	-	-	-	-	-	-	-	-	-	-	-	-	-	-	-	-	-	-	-	-	-	-	-	-	-	-	-	-	-	-	-	-	-	-	-	-	-	-	-	-	-	-	G	C	C	G	A	G	-	-	-	-	-	-	-	-	-	-	-	-	-	-	-	-	-	-	-	-	-	-	-	-	-	-	-	-	-	-	-	-	C	C	C	G	C	-	-	-	C	C	C	T	G	G	A	C	-	-	-	-	-	-	-	-	-	C	C	C	C	G	G	A	-	-	-	-	-	-	-	-	-	-	-	-	-	C	G	G	C	C	C	G	C	A	T	C	T	T	T	C	C	A	T	C	-	-	-	-	-	-	-	-	-	-	-	-	-	-	-	-	-	-	-	-	-	-	-	-	-	-	-	-	-	-	-	-	-	-	-	-	-	-	-	-	-	-	-	-	-	-	-	-	-	-	-	-	-	-	-	-	-	-	-	-	-	-	-	-	-	-	-	-	-	-	-	-	-	-	-	-	-	-	-	-	-	-	-	-	-	-	-	-	-	-	-	-	-	-	-	-	-	-	-	-	-	-	-	-	-	-	-	-	-	-	-	-	-	-	-	-	-	C	A	G	-	-	A	-	-	-	-	-	-	-	-	-	-	-	-	-	-	C	A	G	C	G	-	-	-	-	-	-	-	-	-	-	-	-	-	-	-	-	-	-	G	A	C	C	T	C	T	-	-	-	-	-	-	C	T	C	C	G	G	A	A	-	-	-	-	-	-	-	-	-	-	-	-	-	-	-	-	C	T	T	G	-	-	-	-	-	-	-	-	T	G	A	T	C	T	C	C	A	A	C	G	A	C	A	A	G	A	G	G	A	G	C	-	-	-	-	-	-	T	T	A	-	-	-	-	-	-	-	-	-	-	-	-	-	-	-	T	G	-	-	C	C	A	C	T	G	A	-	-	-	-	-	-	-	-	-	-	-	-	-	-	-	-	-	-	-	-	-	-	-	-	-	-	-	-	-	-	-	-	-	-	-	-	-	-	-	-	-	-	-	-	-	-	-	-	-	-	-	-	-	-	-	-	-	-	-	-	-	-	-	-	-	-	-	-	-	-	-	-	-	-	-	-	-	-	-	-	-	-	-	-	-	-	-	-	Chordata	Mammalia	Chiroptera	Vespertilionidae	Myotis	19.9	2	17.9		nocturnal	0.01	0.25	70	0.899497487437186	0.100502512562814	25
oryctolagus_cuniculus	-	-	-	-	-	-	-	-	-	-	-	-	-	-	-	-	-	-	-	-	-	-	-	-	-	-	-	-	-	-	-	-	-	-	-	-	-	-	-	-	-	-	-	-	-	-	-	-	-	-	-	-	-	-	-	-	-	-	-	-	-	-	-	-	-	-	-	-	-	-	-	-	-	-	-	-	-	-	-	-	-	-	-	-	-	-	-	-	-	-	-	-	-	-	-	-	-	-	-	-	-	-	-	-	-	-	-	-	-	-	-	-	-	-	-	-	-	-	-	-	-	-	-	-	-	-	-	-	-	-	-	-	-	-	-	-	-	-	-	-	-	-	-	-	-	-	-	-	-	-	-	-	-	-	-	-	-	-	-	-	-	-	-	-	-	-	-	-	-	-	-	-	-	-	-	-	-	-	-	-	-	-	-	-	-	-	-	-	-	-	-	-	-	-	-	-	-	-	-	-	-	-	-	-	-	-	-	-	-	-	-	-	-	-	-	-	-	-	-	-	-	-	-	-	-	-	-	-	-	-	-	-	-	-	-	-	-	-	-	-	-	-	-	-	-	-	-	-	-	-	-	-	-	-	-	-	-	-	-	-	-	-	-	-	-	-	-	-	-	-	-	-	-	-	-	-	-	-	-	-	-	-	-	-	-	-	-	-	-	-	-	-	-	-	-	-	-	-	-	-	-	-	-	-	-	-	-	-	-	-	-	-	-	-	-	-	-	-	-	-	-	-	-	-	-	-	-	-	-	-	-	-	-	-	-	-	-	-	-	-	-	-	-	-	-	-	-	-	-	-	-	-	-	-	-	-	-	-	-	-	-	-	-	-	-	-	-	-	-	-	-	-	-	-	-	-	-	-	-	-	-	-	-	-	-	-	-	-	-	-	-	-	-	-	-	-	-	-	-	-	-	-	-	-	-	-	-	-	-	-	-	-	-	-	-	-	-	-	-	-	-	-	-	-	-	-	-	-	-	-	-	-	-	-	-	-	-	-	-	-	-	-	-	-	-	-	-	-	-	-	-	-	-	-	-	-	-	-	-	-	-	-	-	-	-	-	-	-	-	-	-	-	-	-	-	-	-	-	-	-	-	-	-	-	-	-	-	-	-	-	-	-	-	-	-	-	-	-	-	-	-	-	-	-	-	-	-	-	-	-	-	-	-	-	-	-	-	-	-	-	-	-	-	-	-	-	A	T	G	A	A	G	G	C	G	C	T	G	A	G	C	C	C	G	G	T	G	C	G	C	-	-	-	-	-	-	-	-	-	G	G	C	T	G	C	T	A	C	G	A	G	G	C	G	G	T	G	T	G	C	T	G	C	C	T	G	T	C	G	G	A	A	C	G	C	A	G	T	C	T	-	-	-	-	G	G	C	C	A	T	A	G	C	G	C	G	G	G	G	C	C	G	C	-	-	-	G	G	C	A	A	G	G	G	C	C	C	G	G	C	G	G	C	C	G	A	G	G	A	G	C	C	G	C	T	G	A	G	C	C	T	G	C	T	G	G	A	C	G	A	T	A	T	G	A	A	C	C	A	C	T	G	C	T	A	C	T	C	G	C	G	C	C	T	G	C	G	G	G	A	A	C	T	G	G	T	A	C	C	C	G	G	C	G	T	C	C	C	G	C	G	A	G	G	C	A	C	T	C	A	G	C	T	T	A	G	C	C	A	G	G	T	G	G	A	A	A	T	C	C	T	G	C	A	G	C	G	C	G	T	C	A	T	C	G	A	C	T	A	C	A	T	C	C	T	C	G	A	C	T	T	G	C	A	G	G	T	G	G	T	C	C	T	-	-	-	G	-	-	-	-	-	-	-	-	-	-	-	-	-	-	-	-	-	-	-	-	-	-	-	-	-	-	-	-	-	-	-	-	-	-	-	-	-	-	-	-	-	-	-	-	-	-	-	-	-	-	-	-	-	-	-	-	-	-	-	-	-	-	-	-	-	-	-	-	-	-	-	-	-	-	-	-	-	-	-	-	-	-	-	-	-	-	-	-	-	-	-	-	-	-	-	-	G	C	C	G	A	G	-	-	-	-	-	-	-	-	-	-	-	-	-	-	-	-	-	-	-	-	-	-	-	-	-	-	-	-	-	-	-	-	C	C	G	G	C	-	-	-	G	C	C	C	G	G	A	C	-	-	-	-	-	-	-	-	-	C	C	C	C	G	G	A	-	-	-	-	-	-	-	-	-	-	-	-	-	C	G	G	C	C	C	G	C	A	C	C	T	C	C	C	C	A	T	C	-	-	-	-	-	-	-	-	-	-	-	-	-	-	-	-	-	-	-	-	-	-	-	-	-	-	-	-	-	-	-	-	-	-	-	-	-	-	-	-	-	-	-	-	-	-	-	-	-	-	-	-	-	-	-	-	-	-	-	-	-	-	-	-	-	-	-	-	-	-	-	-	-	-	-	-	-	-	-	-	-	-	-	-	-	-	-	-	-	-	-	-	-	-	-	-	-	-	-	-	-	-	-	-	-	-	-	-	-	-	-	-	-	-	-	-	-	C	A	G	-	-	A	-	-	-	-	-	-	-	-	-	-	-	-	-	-	C	A	G	C	A	-	-	-	-	-	-	-	-	-	-	-	-	-	-	-	-	-	-	G	A	G	C	T	C	G	-	-	-	-	-	-	C	C	C	C	G	G	A	A	-	-	-	-	-	-	-	-	-	-	-	-	-	-	-	-	C	T	C	G	-	-	-	-	-	-	-	-	T	G	A	T	C	T	C	C	A	A	C	G	A	C	A	A	G	A	G	G	A	G	C	-	-	-	-	-	-	T	T	C	-	-	-	-	-	-	-	-	-	-	-	-	-	-	-	T	G	-	-	C	C	A	C	T	G	A	-	-	-	-	-	-	-	-	-	-	-	-	-	-	-	-	-	-	-	-	-	-	-	-	-	-	-	-	-	-	-	-	-	-	-	-	-	-	-	-	-	-	-	-	-	-	-	-	-	-	-	-	-	-	-	-	-	-	-	-	-	-	-	-	-	-	-	-	-	-	-	-	-	-	-	-	-	-	-	-	-	-	-	-	-	-	-	-	Chordata	Mammalia	Lagomorpha	Leporidae	Oryctolagus	8.4	0.9	7.5	Polyphasic		2.5	12.1	30.8	0.892857142857143	0.107142857142857	4.84
mustela_putorius_furo	-	-	-	-	-	-	-	-	-	-	-	-	-	-	-	-	-	-	-	-	-	-	-	-	-	-	-	-	-	-	-	-	-	-	-	-	-	-	-	-	-	-	-	-	-	-	-	-	-	-	-	-	-	-	-	-	-	-	-	-	-	-	-	-	-	-	-	-	-	-	-	-	-	-	-	-	-	-	-	-	-	-	-	-	-	-	-	-	-	-	-	-	-	-	-	-	-	-	-	-	-	-	-	-	-	-	-	-	-	-	-	-	-	-	-	-	-	-	-	-	-	-	-	-	-	-	-	-	-	-	-	-	-	-	-	-	-	-	-	-	-	-	-	-	-	-	-	-	-	-	-	-	-	-	-	-	-	-	-	-	-	-	-	-	-	-	-	-	-	-	-	-	-	-	-	-	-	-	-	-	-	-	-	-	-	-	-	-	-	-	-	-	-	-	-	-	-	-	-	-	-	-	-	-	-	-	-	-	-	-	-	-	-	-	-	-	-	-	-	-	-	-	-	-	-	-	-	-	-	-	-	-	-	-	-	-	-	-	-	-	-	-	-	-	-	-	-	-	-	-	-	-	-	-	-	-	-	-	-	-	-	-	-	-	-	-	-	-	-	-	-	-	-	-	-	-	-	-	-	-	-	-	-	-	-	-	-	-	-	-	-	-	-	-	-	-	-	-	-	-	-	-	-	-	-	-	-	-	-	-	-	-	-	-	-	-	-	-	-	-	-	-	-	-	-	-	-	-	-	-	-	-	-	-	-	-	-	-	-	-	-	-	-	-	-	-	-	-	-	-	-	-	-	-	-	-	-	-	-	-	-	-	-	-	-	-	-	-	-	-	-	-	-	-	-	-	-	-	-	-	-	-	-	-	-	-	-	-	-	-	-	-	-	-	-	-	-	-	-	-	-	-	-	-	-	-	-	-	-	-	-	-	-	-	-	-	-	-	-	-	-	-	-	-	-	-	-	-	-	-	-	-	-	-	-	-	-	-	-	-	-	-	-	-	-	-	-	-	-	-	-	-	-	-	-	-	-	-	-	-	-	-	-	-	-	-	-	-	-	-	-	-	-	-	-	-	-	-	-	-	-	-	-	-	-	-	-	-	-	-	-	-	-	-	-	-	-	-	-	-	-	-	-	-	-	-	-	-	-	-	-	-	-	-	-	-	-	-	-	-	-	-	-	-	-	-	A	T	G	A	A	G	G	C	T	C	T	G	A	G	C	C	C	G	G	T	G	C	G	C	-	-	-	-	-	-	-	-	-	G	G	C	T	G	C	T	A	C	G	A	G	G	C	G	G	T	G	T	G	C	T	G	C	C	T	G	T	C	T	G	A	A	C	G	C	A	G	C	C	T	-	-	-	-	G	G	C	C	A	T	C	G	C	G	C	G	C	G	G	T	C	G	C	-	-	-	G	G	C	A	A	G	G	G	T	C	C	C	G	C	A	G	C	C	G	A	G	G	A	G	C	C	G	C	T	G	A	G	C	C	T	G	T	T	G	G	A	C	G	A	C	A	T	G	A	A	C	C	A	C	T	G	C	T	A	T	T	C	G	C	G	C	T	T	G	C	G	G	G	A	A	C	T	G	G	T	C	C	C	C	G	G	A	G	T	C	C	C	G	C	G	A	G	G	C	A	C	T	C	A	G	C	T	T	A	G	C	C	A	G	G	T	G	G	A	A	A	T	C	C	T	G	C	A	G	C	G	C	G	T	C	A	T	C	G	A	C	T	A	T	A	T	C	C	T	C	G	A	C	C	T	G	C	A	G	G	T	G	G	T	T	C	T	-	-	-	G	-	-	-	-	-	-	-	-	-	-	-	-	-	-	-	-	-	-	-	-	-	-	-	-	-	-	-	-	-	-	-	-	-	-	-	-	-	-	-	-	-	-	-	-	-	-	-	-	-	-	-	-	-	-	-	-	-	-	-	-	-	-	-	-	-	-	-	-	-	-	-	-	-	-	-	-	-	-	-	-	-	-	-	-	-	-	-	-	-	-	-	-	-	-	-	-	G	C	T	G	A	G	-	-	-	-	-	-	-	-	-	-	-	-	-	-	-	-	-	-	-	-	-	-	-	-	-	-	-	-	-	-	-	-	C	C	C	G	C	-	-	-	T	C	C	T	G	G	A	C	-	-	-	-	-	-	-	-	-	C	C	C	C	A	G	A	-	-	-	-	-	-	-	-	-	-	-	-	-	C	G	G	C	C	C	G	C	A	T	C	T	T	C	C	C	A	T	C	-	-	-	-	-	-	-	-	-	-	-	-	-	-	-	-	-	-	-	-	-	-	-	-	-	-	-	-	-	-	-	-	-	-	-	-	-	-	-	-	-	-	-	-	-	-	-	-	-	-	-	-	-	-	-	-	-	-	-	-	-	-	-	-	-	-	-	-	-	-	-	-	-	-	-	-	-	-	-	-	-	-	-	-	-	-	-	-	-	-	-	-	-	-	-	-	-	-	-	-	-	-	-	-	-	-	-	-	-	-	-	-	-	-	-	-	-	C	A	G	-	-	A	-	-	-	-	-	-	-	-	-	-	-	-	-	-	C	A	G	C	T	-	-	-	-	-	-	-	-	-	-	-	-	-	-	-	-	-	-	G	A	G	C	T	C	G	-	-	-	-	-	-	C	T	C	C	G	G	A	A	-	-	-	-	-	-	-	-	-	-	-	-	-	-	-	-	C	T	T	G	-	-	-	-	-	-	-	-	T	G	A	T	T	T	C	C	A	A	C	G	A	C	A	A	G	A	G	G	A	G	C	-	-	-	-	-	-	T	T	C	-	-	-	-	-	-	-	-	-	-	-	-	-	-	-	T	G	-	-	C	C	A	C	T	G	A	-	-	-	-	-	-	-	-	-	-	-	-	-	-	-	-	-	-	-	-	-	-	-	-	-	-	-	-	-	-	-	-	-	-	-	-	-	-	-	-	-	-	-	-	-	-	-	-	-	-	-	-	-	-	-	-	-	-	-	-	-	-	-	-	-	-	-	-	-	-	-	-	-	-	-	-	-	-	-	-	-	-	-	-	-	-	-	-	Chordata	Mammalia	Carnivora	Mustelidae	Mustela	15.11228571	4.876114286	10.23628571	Polyphasic	nocturnal	0.868960429		41.2	0.677348609365327	0.322658953090955	
ailuropoda_melanoleuca	-	-	-	-	-	-	-	-	-	-	-	-	-	-	-	-	-	-	-	-	-	-	-	-	-	-	-	-	-	-	-	-	-	-	-	-	-	-	-	-	-	-	-	-	-	-	-	-	-	-	-	-	-	-	-	-	-	-	-	-	-	-	-	-	-	-	-	-	-	-	-	-	-	-	-	-	-	-	-	-	-	-	-	-	-	-	-	-	-	-	-	-	-	-	-	-	-	-	-	-	-	-	-	-	-	-	-	-	-	-	-	-	-	-	-	-	-	-	-	-	-	-	-	-	-	-	-	-	-	-	-	-	-	-	-	-	-	-	-	-	-	-	-	-	-	-	-	-	-	-	-	-	-	-	-	-	-	-	-	-	-	-	-	-	-	-	-	-	-	-	-	-	-	-	-	-	-	-	-	-	-	-	-	-	-	-	-	-	-	-	-	-	-	-	-	-	-	-	-	-	-	-	-	-	-	-	-	-	-	-	-	-	-	-	-	-	-	-	-	-	-	-	-	-	-	-	-	-	-	-	-	-	-	-	-	-	-	-	-	-	-	-	-	-	-	-	-	-	-	-	-	-	-	-	-	-	-	-	-	-	-	-	-	-	-	-	-	-	-	-	-	-	-	-	-	-	-	-	-	-	-	-	-	-	-	-	-	-	-	-	-	-	-	-	-	-	-	-	-	-	-	-	-	-	-	-	-	-	-	-	-	-	-	-	-	-	-	-	-	-	-	-	-	-	-	-	-	-	-	-	-	-	-	-	-	-	-	-	-	-	-	-	-	-	-	-	-	-	-	-	-	-	-	-	-	-	-	-	-	-	-	-	-	-	-	-	-	-	-	-	-	-	-	-	-	-	-	-	-	-	-	-	-	-	-	-	-	-	-	-	-	-	-	-	-	-	-	-	-	-	-	-	-	-	-	-	-	-	-	-	-	-	-	-	-	-	-	-	-	-	-	-	-	-	-	-	-	-	-	-	-	-	-	-	-	-	-	-	-	-	-	-	-	-	-	-	-	-	-	-	-	-	-	-	-	-	-	-	-	-	-	-	-	-	-	-	-	-	-	-	-	-	-	-	-	-	-	-	-	-	-	-	-	-	-	-	-	-	-	-	-	-	-	-	-	-	-	-	-	-	-	-	-	-	-	-	-	-	-	-	-	-	-	-	-	-	-	-	-	-	-	-	-	-	-	-	A	T	G	A	A	G	G	C	G	C	T	A	A	G	C	C	C	G	G	T	G	C	G	C	-	-	-	-	-	-	-	-	-	G	G	G	T	G	C	T	A	C	G	A	G	G	C	G	G	T	G	T	G	C	T	G	C	C	T	G	T	C	G	G	A	A	C	G	C	A	G	C	T	T	-	-	-	-	G	G	C	C	A	T	C	G	C	G	C	G	C	G	G	T	C	G	C	-	-	-	G	G	C	A	A	G	G	G	T	C	C	A	G	C	A	G	C	C	G	A	G	G	A	G	C	C	G	C	T	G	A	G	C	C	T	G	T	T	A	G	A	C	G	A	C	A	T	G	A	A	C	C	A	C	T	G	C	T	A	C	T	C	G	C	G	C	T	T	G	C	G	G	G	A	A	C	T	G	G	T	C	C	C	C	G	G	A	G	T	C	C	C	G	C	G	A	G	G	C	A	C	T	C	A	G	C	T	T	A	G	C	C	A	G	G	T	G	G	A	A	A	T	C	C	T	G	C	A	G	C	G	C	G	T	C	A	T	C	G	A	C	T	A	T	A	T	C	C	T	C	G	A	C	C	T	G	C	A	G	G	T	G	G	T	T	C	T	-	-	-	G	-	-	-	-	-	-	-	-	-	-	-	-	-	-	-	-	-	-	-	-	-	-	-	-	-	-	-	-	-	-	-	-	-	-	-	-	-	-	-	-	-	-	-	-	-	-	-	-	-	-	-	-	-	-	-	-	-	-	-	-	-	-	-	-	-	-	-	-	-	-	-	-	-	-	-	-	-	-	-	-	-	-	-	-	-	-	-	-	-	-	-	-	-	-	-	-	G	C	C	G	A	G	-	-	-	-	-	-	-	-	-	-	-	-	-	-	-	-	-	-	-	-	-	-	-	-	-	-	-	-	-	-	-	-	C	C	C	G	C	-	-	-	C	C	C	T	G	G	A	C	-	-	-	-	-	-	-	-	-	C	C	C	C	A	G	A	-	-	-	-	-	-	-	-	-	-	-	-	-	C	G	G	C	C	C	G	C	A	T	C	T	T	C	C	C	A	T	C	-	-	-	-	-	-	-	-	-	-	-	-	-	-	-	-	-	-	-	-	-	-	-	-	-	-	-	-	-	-	-	-	-	-	-	-	-	-	-	-	-	-	-	-	-	-	-	-	-	-	-	-	-	-	-	-	-	-	-	-	-	-	-	-	-	-	-	-	-	-	-	-	-	-	-	-	-	-	-	-	-	-	-	-	-	-	-	-	-	-	-	-	-	-	-	-	-	-	-	-	-	-	-	-	-	-	-	-	-	-	-	-	-	-	-	-	-	C	A	G	-	-	A	-	-	-	-	-	-	-	-	-	-	-	-	-	-	C	A	G	C	C	-	-	-	-	-	-	-	-	-	-	-	-	-	-	-	-	-	-	G	A	G	C	T	C	G	-	-	-	-	-	-	C	T	C	C	C	G	A	A	-	-	-	-	-	-	-	-	-	-	-	-	-	-	-	-	C	T	C	G	-	-	-	-	-	-	-	-	T	G	A	T	T	T	C	C	A	A	C	G	A	C	A	A	G	A	G	A	A	G	C	-	-	-	-	-	-	T	T	C	-	-	-	-	-	-	-	-	-	-	-	-	-	-	-	T	G	-	-	C	C	A	C	T	G	A	-	-	-	-	-	-	-	-	-	-	-	-	-	-	-	-	-	-	-	-	-	-	-	-	-	-	-	-	-	-	-	-	-	-	-	-	-	-	-	-	-	-	-	-	-	-	-	-	-	-	-	-	-	-	-	-	-	-	-	-	-	-	-	-	-	-	-	-	-	-	-	-	-	-	-	-	-	-	-	-	-	-	-	-	-	-	-	-	Chordata	Mammalia	Carnivora	Ursidae	Ailuropoda	10			Polyphasic	Cathemeral						
ursus_maritimus	-	-	-	-	-	-	-	-	-	-	-	-	-	-	-	-	-	-	-	-	-	-	-	-	-	-	-	-	-	-	-	-	-	-	-	-	-	-	-	-	-	-	-	-	-	-	-	-	-	-	-	-	-	-	-	-	-	-	-	-	-	-	-	-	-	-	-	-	-	-	-	-	-	-	-	-	-	-	-	-	-	-	-	-	-	-	-	-	-	-	-	-	-	-	-	-	-	-	-	-	-	-	-	-	-	-	-	-	-	-	-	-	-	-	-	-	-	-	-	-	-	-	-	-	-	-	-	-	-	-	-	-	-	-	-	-	-	-	-	-	-	-	-	-	-	-	-	-	-	-	-	-	-	-	-	-	-	-	-	-	-	-	-	-	-	-	-	-	-	-	-	-	-	-	-	-	-	-	-	-	-	-	-	-	-	-	-	-	-	-	-	-	-	-	-	-	-	-	-	-	-	-	-	-	-	-	-	-	-	-	-	-	-	-	-	-	-	-	-	-	-	-	-	-	-	-	-	-	-	-	-	-	-	-	-	-	-	-	-	-	-	-	-	-	-	-	-	-	-	-	-	-	-	-	-	-	-	-	-	-	-	-	-	-	-	-	-	-	-	-	-	-	-	-	-	-	-	-	-	-	-	-	-	-	-	-	-	-	-	-	-	-	-	-	-	-	-	-	-	-	-	-	-	-	-	-	-	-	-	-	-	-	-	-	-	-	-	-	-	-	-	-	-	-	-	-	-	-	-	-	-	-	-	-	-	-	-	-	-	-	-	-	-	-	-	-	-	-	-	-	-	-	-	-	-	-	-	-	-	-	-	-	-	-	-	-	-	-	-	-	-	-	-	-	-	-	-	-	-	-	-	-	-	-	-	-	-	-	-	-	-	-	-	-	-	-	-	-	-	-	-	-	-	-	-	-	-	-	-	-	-	-	-	-	-	-	-	-	-	-	-	-	-	-	-	-	-	-	-	-	-	-	-	-	-	-	-	-	-	-	-	-	-	-	-	-	-	-	-	-	-	-	-	-	-	-	-	-	-	-	-	-	-	-	-	-	-	-	-	-	-	-	-	-	-	-	-	-	-	-	-	-	-	-	-	-	-	-	-	-	-	-	-	-	-	-	-	-	-	-	-	-	-	-	-	-	-	-	-	-	-	-	-	-	-	-	-	-	-	-	-	-	-	-	-	-	A	T	G	A	A	G	G	C	G	C	T	G	A	G	C	C	C	G	G	T	G	C	G	C	-	-	-	-	-	-	-	-	-	G	G	G	T	G	C	T	A	C	G	A	G	G	C	G	G	T	G	T	G	C	T	G	C	C	T	G	T	C	G	G	A	A	C	G	C	A	G	C	C	T	-	-	-	-	G	G	C	C	A	T	C	G	C	G	C	G	C	G	G	T	C	G	C	-	-	-	G	G	C	A	A	G	G	G	T	C	C	G	G	C	A	G	C	C	G	A	G	G	A	G	C	C	G	C	T	G	A	G	C	C	T	G	T	T	A	G	A	C	G	A	C	A	T	G	A	A	C	C	A	C	T	G	C	T	A	C	T	C	G	C	G	C	T	T	G	C	G	G	G	A	A	C	T	G	G	T	C	C	C	C	G	G	A	G	T	C	C	C	G	C	G	A	G	G	C	A	C	T	C	A	G	C	T	T	A	G	C	C	A	G	G	T	G	G	A	A	A	T	C	C	T	G	C	A	G	C	G	C	G	T	C	A	T	C	G	A	C	T	A	T	A	T	C	C	T	C	G	A	C	C	T	G	C	A	G	G	T	G	G	T	T	C	T	-	-	-	G	-	-	-	-	-	-	-	-	-	-	-	-	-	-	-	-	-	-	-	-	-	-	-	-	-	-	-	-	-	-	-	-	-	-	-	-	-	-	-	-	-	-	-	-	-	-	-	-	-	-	-	-	-	-	-	-	-	-	-	-	-	-	-	-	-	-	-	-	-	-	-	-	-	-	-	-	-	-	-	-	-	-	-	-	-	-	-	-	-	-	-	-	-	-	-	-	G	C	C	G	A	G	-	-	-	-	-	-	-	-	-	-	-	-	-	-	-	-	-	-	-	-	-	-	-	-	-	-	-	-	-	-	-	-	C	C	C	G	C	-	-	-	C	C	C	T	G	G	A	C	-	-	-	-	-	-	-	-	-	C	C	C	C	A	G	A	-	-	-	-	-	-	-	-	-	-	-	-	-	C	G	G	C	C	C	G	C	A	T	C	T	T	C	C	C	A	T	T	-	-	-	-	-	-	-	-	-	-	-	-	-	-	-	-	-	-	-	-	-	-	-	-	-	-	-	-	-	-	-	-	-	-	-	-	-	-	-	-	-	-	-	-	-	-	-	-	-	-	-	-	-	-	-	-	-	-	-	-	-	-	-	-	-	-	-	-	-	-	-	-	-	-	-	-	-	-	-	-	-	-	-	-	-	-	-	-	-	-	-	-	-	-	-	-	-	-	-	-	-	-	-	-	-	-	-	-	-	-	-	-	-	-	-	-	-	C	A	G	-	-	A	-	-	-	-	-	-	-	-	-	-	-	-	-	-	C	A	G	C	G	-	-	-	-	-	-	-	-	-	-	-	-	-	-	-	-	-	-	G	A	G	C	T	T	G	-	-	-	-	-	-	C	T	C	C	G	G	A	A	-	-	-	-	-	-	-	-	-	-	-	-	-	-	-	-	C	T	C	G	-	-	-	-	-	-	-	-	T	G	A	T	T	T	C	C	A	G	C	G	A	C	A	A	G	A	G	A	A	G	C	-	-	-	-	-	-	T	T	C	-	-	-	-	-	-	-	-	-	-	-	-	-	-	-	T	G	-	-	C	C	A	C	T	G	A	-	-	-	-	-	-	-	-	-	-	-	-	-	-	-	-	-	-	-	-	-	-	-	-	-	-	-	-	-	-	-	-	-	-	-	-	-	-	-	-	-	-	-	-	-	-	-	-	-	-	-	-	-	-	-	-	-	-	-	-	-	-	-	-	-	-	-	-	-	-	-	-	-	-	-	-	-	-	-	-	-	-	-	-	-	-	-	-	Chordata	Mammalia	Carnivora	Ursidae	Ursus	7.5										
felis_catus	-	-	-	-	-	-	-	-	-	-	-	-	-	-	-	-	-	-	-	-	-	-	-	-	-	-	-	-	-	-	-	-	-	-	-	-	-	-	-	-	-	-	-	-	-	-	-	-	-	-	-	-	-	-	-	-	-	-	-	-	-	-	-	-	-	-	-	-	-	-	-	-	-	-	-	-	-	-	-	-	-	-	-	-	-	-	-	-	-	-	-	-	-	-	-	-	-	-	-	-	-	-	-	-	-	-	-	-	-	-	-	-	-	-	-	-	-	-	-	-	-	-	-	-	-	-	-	-	-	-	-	-	-	-	-	-	-	-	-	-	-	-	-	-	-	-	-	-	-	-	-	-	-	-	-	-	-	-	-	-	-	-	-	-	-	-	-	-	-	-	-	-	-	-	-	-	-	-	-	-	-	-	-	-	-	-	-	-	-	-	-	-	-	-	-	-	-	-	-	-	-	-	-	-	-	-	-	-	-	-	-	-	-	-	-	-	-	-	-	-	-	-	-	-	-	-	-	-	-	-	-	-	-	-	-	-	-	-	-	-	-	-	-	-	-	-	-	-	-	-	-	-	-	-	-	-	-	-	-	-	-	-	-	-	-	-	-	-	-	-	-	-	-	-	-	-	-	-	-	-	-	-	-	-	-	-	-	-	-	-	-	-	-	-	-	-	-	-	-	-	-	-	-	-	-	-	-	-	-	-	-	-	-	-	-	-	-	-	-	-	-	-	-	-	-	-	-	-	-	-	-	-	-	-	-	-	-	-	-	-	-	-	-	-	-	-	-	-	-	-	-	-	-	-	-	-	-	-	-	-	-	-	-	-	-	-	-	-	-	-	-	-	-	-	-	-	-	-	-	-	-	-	-	-	-	-	-	-	-	-	-	-	-	-	-	-	-	-	-	-	-	-	-	-	-	-	-	-	-	-	-	-	-	-	-	-	-	-	-	-	-	-	-	-	-	-	-	-	-	-	-	-	-	-	-	-	-	-	-	-	-	-	-	-	-	-	-	-	-	-	-	-	-	-	-	-	-	-	-	-	-	-	-	-	-	-	-	-	-	-	-	-	-	-	-	-	-	-	-	-	-	-	-	-	-	-	-	-	-	-	-	-	-	-	-	-	-	-	-	-	-	-	-	-	-	-	-	-	-	-	-	-	-	-	-	-	-	-	-	-	-	-	-	-	-	-	A	T	G	A	A	G	G	C	G	C	T	G	A	G	C	C	C	G	G	T	G	C	G	C	-	-	-	-	-	-	-	-	-	G	G	C	T	G	C	T	A	C	G	A	G	G	C	G	G	T	G	T	G	C	T	G	C	C	T	G	T	C	T	G	A	A	C	G	C	A	G	C	C	T	-	-	-	-	G	G	C	C	A	T	C	G	C	G	C	G	G	G	G	C	C	G	C	-	-	-	G	G	C	A	A	G	G	G	T	C	C	G	G	C	A	G	C	C	G	A	G	G	A	G	C	C	G	C	T	G	A	G	C	C	T	G	T	T	G	G	A	C	G	A	C	A	T	G	A	A	T	C	A	C	T	G	C	T	A	C	T	C	G	C	G	C	C	T	G	C	G	A	G	A	A	C	T	A	G	T	A	C	C	C	G	G	A	G	T	A	C	C	G	C	G	A	G	G	C	A	C	T	C	A	G	C	T	T	A	G	C	C	A	G	G	T	G	G	A	A	A	T	C	C	T	G	C	A	G	C	G	C	G	T	C	A	T	C	G	A	C	T	A	C	A	T	T	C	T	G	G	A	C	C	T	G	C	A	G	G	T	G	G	T	T	C	T	-	-	-	G	-	-	-	-	-	-	-	-	-	-	-	-	-	-	-	-	-	-	-	-	-	-	-	-	-	-	-	-	-	-	-	-	-	-	-	-	-	-	-	-	-	-	-	-	-	-	-	-	-	-	-	-	-	-	-	-	-	-	-	-	-	-	-	-	-	-	-	-	-	-	-	-	-	-	-	-	-	-	-	-	-	-	-	-	-	-	-	-	-	-	-	-	-	-	-	-	G	C	C	G	A	G	-	-	-	-	-	-	-	-	-	-	-	-	-	-	-	-	-	-	-	-	-	-	-	-	-	-	-	-	-	-	-	-	C	C	C	G	C	-	-	-	C	C	C	G	G	G	A	C	-	-	-	-	-	-	-	-	-	C	C	C	C	A	G	A	-	-	-	-	-	-	-	-	-	-	-	-	-	C	G	G	C	C	C	G	C	A	T	C	T	T	C	C	C	A	T	C	-	-	-	-	-	-	-	-	-	-	-	-	-	-	-	-	-	-	-	-	-	-	-	-	-	-	-	-	-	-	-	-	-	-	-	-	-	-	-	-	-	-	-	-	-	-	-	-	-	-	-	-	-	-	-	-	-	-	-	-	-	-	-	-	-	-	-	-	-	-	-	-	-	-	-	-	-	-	-	-	-	-	-	-	-	-	-	-	-	-	-	-	-	-	-	-	-	-	-	-	-	-	-	-	-	-	-	-	-	-	-	-	-	-	-	-	-	C	A	G	-	-	A	-	-	-	-	-	-	-	-	-	-	-	-	-	-	C	A	G	C	C	-	-	-	-	-	-	-	-	-	-	-	-	-	-	-	-	-	-	G	A	G	C	T	C	G	-	-	-	-	-	-	C	T	C	C	G	G	A	A	-	-	-	-	-	-	-	-	-	-	-	-	-	-	-	-	C	T	T	G	-	-	-	-	-	-	-	-	T	G	A	T	T	G	C	C	A	A	C	G	A	C	A	A	G	A	G	G	A	G	C	-	-	-	-	-	-	T	T	C	-	-	-	-	-	-	-	-	-	-	-	-	-	-	-	T	G	-	-	C	C	A	C	T	G	A	-	-	-	-	-	-	-	-	-	-	-	-	-	-	-	-	-	-	-	-	-	-	-	-	-	-	-	-	-	-	-	-	-	-	-	-	-	-	-	-	-	-	-	-	-	-	-	-	-	-	-	-	-	-	-	-	-	-	-	-	-	-	-	-	-	-	-	-	-	-	-	-	-	-	-	-	-	-	-	-	-	-	-	-	-	-	-	-	Chordata	Mammalia	Carnivora	Felidae	Felis	12.5	3.2	9.3	Polyphasic		3.3	25.6	63.9	0.744	0.256	7.75757575757576
panthera_leo	-	-	-	-	-	-	-	-	-	-	-	-	-	-	-	-	-	-	-	-	-	-	-	-	-	-	-	-	-	-	-	-	-	-	-	-	-	-	-	-	-	-	-	-	-	-	-	-	-	-	-	-	-	-	-	-	-	-	-	-	-	-	-	-	-	-	-	-	-	-	-	-	-	-	-	-	-	-	-	-	-	-	-	-	-	-	-	-	-	-	-	-	-	-	-	-	-	-	-	-	-	-	-	-	-	-	-	-	-	-	-	-	-	-	-	-	-	-	-	-	-	-	-	-	-	-	-	-	-	-	-	-	-	-	-	-	-	-	-	-	-	-	-	-	-	-	-	-	-	-	-	-	-	-	-	-	-	-	-	-	-	-	-	-	-	-	-	-	-	-	-	-	-	-	-	-	-	-	-	-	-	-	-	-	-	-	-	-	-	-	-	-	-	-	-	-	-	-	-	-	-	-	-	-	-	-	-	-	-	-	-	-	-	-	-	-	-	-	-	-	-	-	-	-	-	-	-	-	-	-	-	-	-	-	-	-	-	-	-	-	-	-	-	-	-	-	-	-	-	-	-	-	-	-	-	-	-	-	-	-	-	-	-	-	-	-	-	-	-	-	-	-	-	-	-	-	-	-	-	-	-	-	-	-	-	-	-	-	-	-	-	-	-	-	-	-	-	-	-	-	-	-	-	-	-	-	-	-	-	-	-	-	-	-	-	-	-	-	-	-	-	-	-	-	-	-	-	-	-	-	-	-	-	-	-	-	-	-	-	-	-	-	-	-	-	-	-	-	-	-	-	-	-	-	-	-	-	-	-	-	-	-	-	-	-	-	-	-	-	-	-	-	-	-	-	-	-	-	-	-	-	-	-	-	-	-	-	-	-	-	-	-	-	-	-	-	-	-	-	-	-	-	-	-	-	-	-	-	-	-	-	-	-	-	-	-	-	-	-	-	-	-	-	-	-	-	-	-	-	-	-	-	-	-	-	-	-	-	-	-	-	-	-	-	-	-	-	-	-	-	-	-	-	-	-	-	-	-	-	-	-	-	-	-	-	-	-	-	-	-	-	-	-	-	-	-	-	-	-	-	-	-	-	-	-	-	-	-	-	-	-	-	-	-	-	-	-	-	-	-	-	-	-	-	-	-	-	-	-	-	-	-	-	-	-	-	-	-	-	-	-	-	-	-	-	-	A	T	G	A	A	G	G	C	G	C	T	G	A	G	C	C	C	G	G	T	G	C	G	C	-	-	-	-	-	-	-	-	-	G	G	C	T	G	C	T	A	C	G	A	G	G	C	G	G	T	G	T	G	C	T	G	C	C	T	G	T	C	T	G	A	A	C	G	C	A	G	C	C	T	-	-	-	-	G	G	C	C	A	T	C	G	C	G	C	G	G	G	G	C	C	G	C	-	-	-	G	G	C	A	A	G	G	G	T	C	C	G	G	C	A	G	C	C	G	A	G	G	A	G	C	C	G	C	T	G	A	G	C	C	T	G	T	T	G	G	A	C	G	A	C	A	T	G	A	A	T	C	A	C	T	G	C	T	A	C	T	C	G	C	G	C	C	T	G	C	G	A	G	A	A	C	T	A	G	T	A	C	C	C	G	G	A	G	T	A	C	C	G	C	G	A	G	G	C	A	C	T	C	A	G	C	T	T	A	G	C	C	A	G	G	T	G	G	A	A	A	T	C	C	T	G	C	A	G	C	G	C	G	T	C	A	T	C	G	A	C	T	A	C	A	T	T	C	T	G	G	A	C	C	T	G	C	A	G	G	T	G	G	T	T	C	T	-	-	-	G	-	-	-	-	-	-	-	-	-	-	-	-	-	-	-	-	-	-	-	-	-	-	-	-	-	-	-	-	-	-	-	-	-	-	-	-	-	-	-	-	-	-	-	-	-	-	-	-	-	-	-	-	-	-	-	-	-	-	-	-	-	-	-	-	-	-	-	-	-	-	-	-	-	-	-	-	-	-	-	-	-	-	-	-	-	-	-	-	-	-	-	-	-	-	-	-	G	C	C	G	A	G	-	-	-	-	-	-	-	-	-	-	-	-	-	-	-	-	-	-	-	-	-	-	-	-	-	-	-	-	-	-	-	-	C	C	C	G	C	-	-	-	C	C	C	G	G	G	A	C	-	-	-	-	-	-	-	-	-	C	C	C	C	A	G	A	-	-	-	-	-	-	-	-	-	-	-	-	-	C	G	G	C	C	C	G	C	A	T	C	T	T	C	C	C	A	T	C	-	-	-	-	-	-	-	-	-	-	-	-	-	-	-	-	-	-	-	-	-	-	-	-	-	-	-	-	-	-	-	-	-	-	-	-	-	-	-	-	-	-	-	-	-	-	-	-	-	-	-	-	-	-	-	-	-	-	-	-	-	-	-	-	-	-	-	-	-	-	-	-	-	-	-	-	-	-	-	-	-	-	-	-	-	-	-	-	-	-	-	-	-	-	-	-	-	-	-	-	-	-	-	-	-	-	-	-	-	-	-	-	-	-	-	-	-	C	A	G	-	-	A	-	-	-	-	-	-	-	-	-	-	-	-	-	-	C	A	G	C	C	-	-	-	-	-	-	-	-	-	-	-	-	-	-	-	-	-	-	G	A	G	C	T	C	G	-	-	-	-	-	-	C	T	C	C	G	G	A	A	-	-	-	-	-	-	-	-	-	-	-	-	-	-	-	-	C	T	T	G	-	-	-	-	-	-	-	-	T	G	A	T	T	T	C	C	A	A	C	G	A	C	A	A	G	A	G	G	A	G	C	-	-	-	-	-	-	T	T	C	-	-	-	-	-	-	-	-	-	-	-	-	-	-	-	T	G	-	-	C	C	A	C	T	G	A	-	-	-	-	-	-	-	-	-	-	-	-	-	-	-	-	-	-	-	-	-	-	-	-	-	-	-	-	-	-	-	-	-	-	-	-	-	-	-	-	-	-	-	-	-	-	-	-	-	-	-	-	-	-	-	-	-	-	-	-	-	-	-	-	-	-	-	-	-	-	-	-	-	-	-	-	-	-	-	-	-	-	-	-	-	-	-	-	Chordata	Mammalia	Carnivora	Felidae	Panthera	14	2.6	11.4		nocturnal			108	0.814285714285714	0.185714285714286	
equus_asinus	-	-	-	-	-	-	-	-	-	-	-	-	-	-	-	-	-	-	-	-	-	-	-	-	-	-	-	-	-	-	-	-	-	-	-	-	-	-	-	-	-	-	-	-	-	-	-	-	-	-	-	-	-	-	-	-	-	-	-	-	-	-	-	-	-	-	-	-	-	-	-	-	-	-	-	-	-	-	-	-	-	-	-	-	-	-	-	-	-	-	-	-	-	-	-	-	-	-	-	-	-	-	-	-	-	-	-	-	-	-	-	-	-	-	-	-	-	-	-	-	-	-	-	-	-	-	-	-	-	-	-	-	-	-	-	-	-	-	-	-	-	-	-	-	-	-	-	-	-	-	-	-	-	-	-	-	-	-	-	-	-	-	-	-	-	-	-	-	-	-	-	-	-	-	-	-	-	-	-	-	-	-	-	-	-	-	-	-	-	-	-	-	-	-	-	-	-	-	-	-	-	A	T	G	A	T	T	T	T	A	A	G	T	G	A	T	T	T	T	T	T	A	A	A	T	C	C	T	T	G	C	T	G	G	C	A	A	A	G	A	G	G	C	C	C	G	C	C	T	T	T	C	C	T	C	A	G	T	A	T	C	A	G	C	G	C	T	T	C	C	T	C	A	T	T	C	T	T	T	G	A	A	T	C	C	G	C	G	G	C	T	C	C	G	C	G	G	T	A	T	T	C	G	G	C	G	T	C	A	G	A	C	C	A	G	C	C	G	G	A	G	G	A	A	G	C	C	T	G	T	T	T	G	C	A	A	T	T	T	A	A	C	C	G	G	G	T	C	G	T	G	A	A	C	G	C	C	C	A	G	G	G	C	T	G	G	C	G	G	A	G	G	C	G	G	G	G	C	C	C	A	G	G	C	G	C	G	C	T	G	C	T	T	T	G	C	A	T	A	A	G	G	G	G	G	C	G	T	G	C	C	T	T	C	G	A	G	G	C	G	G	C	T	T	C	T	A	T	A	A	G	T	G	C	G	G	G	C	C	T	C	G	G	C	G	A	G	C	G	T	G	T	G	C	G	C	A	C	T	G	C	A	A	G	C	T	G	C	T	C	T	A	G	G	G	G	T	T	G	T	T	T	G	G	C	T	T	T	C	T	G	C	G	C	C	C	T	C	T	C	G	G	C	A	C	T	T	-	C	C	A	A	C	C	T	C	A	A	T	C	C	C	C	A	C	C	A	T	G	A	A	G	G	C	G	C	T	G	A	G	C	C	C	G	G	T	G	C	G	C	-	-	-	-	-	-	-	-	-	G	G	C	T	G	C	T	A	C	G	A	G	G	C	G	G	T	G	T	G	C	T	G	T	C	T	G	T	C	G	G	A	A	C	G	C	A	G	C	C	T	-	-	-	-	C	G	C	C	A	T	C	G	C	G	C	G	G	G	G	C	C	G	C	-	-	-	G	G	G	A	A	G	G	G	C	C	C	G	G	C	A	G	C	A	G	A	G	G	A	A	C	C	G	C	T	G	A	G	C	C	T	G	C	T	G	G	A	C	G	A	C	A	T	G	A	A	C	C	A	C	T	G	C	T	A	C	T	C	A	C	G	T	C	T	G	A	G	G	G	A	A	C	T	G	G	T	A	C	C	C	G	G	A	G	T	C	C	C	G	C	G	A	G	G	C	A	C	T	C	A	G	C	T	T	A	G	C	C	A	G	G	T	G	G	A	A	A	T	C	C	T	G	C	A	G	C	G	C	G	T	C	A	T	C	G	A	C	T	A	C	A	T	C	C	T	C	G	A	C	C	T	G	C	A	G	G	T	G	G	T	C	C	T	-	-	-	G	-	-	-	-	-	-	-	-	-	-	-	-	-	-	-	-	-	-	-	-	-	-	-	-	-	-	-	-	-	-	-	-	-	-	-	-	-	-	-	-	-	-	-	-	-	-	-	-	-	-	-	-	-	-	-	-	-	-	-	-	-	-	-	-	-	-	-	-	-	-	-	-	-	-	-	-	-	-	-	-	-	-	-	-	-	-	-	-	-	-	-	-	-	-	-	-	G	C	G	G	A	G	-	-	-	-	-	-	-	-	-	-	-	-	-	-	-	-	-	-	-	-	-	-	-	-	-	-	-	-	-	-	-	-	C	C	C	G	C	-	-	-	T	C	C	T	G	G	A	C	-	-	-	-	-	-	-	-	-	C	C	C	C	A	G	A	-	-	-	-	-	-	-	-	-	-	-	-	-	C	A	G	T	C	C	G	C	A	T	C	T	T	C	C	T	A	T	C	C	A	G	G	T	G	A	C	C	G	T	G	G	G	C	G	T	G	C	G	C	G	G	G	A	G	C	C	G	G	G	G	C	G	G	G	G	C	T	G	A	G	C	T	C	C	A	G	G	G	C	C	G	G	G	A	T	G	C	T	G	C	T	G	G	A	C	C	C	C	T	A	G	A	A	A	T	C	C	C	A	A	G	G	G	C	C	A	T	G	C	G	T	A	A	C	T	C	T	C	C	C	C	C	C	T	T	T	C	C	C	T	T	C	T	C	T	C	A	G	-	-	A	-	-	-	-	-	-	-	-	-	-	-	-	-	-	C	A	G	C	C	-	-	-	-	-	-	-	-	-	-	-	-	-	-	-	-	-	-	G	A	G	C	T	C	G	-	-	-	-	-	-	C	C	C	C	G	G	A	A	-	-	-	-	-	-	-	-	-	-	-	-	-	-	-	-	C	T	T	G	-	-	-	-	-	-	-	-	T	G	A	T	C	T	C	C	A	A	C	G	A	C	A	A	G	A	G	G	A	G	T	-	-	-	-	-	-	T	T	C	-	-	-	-	-	-	-	-	-	-	-	-	-	-	-	T	G	-	-	C	C	A	C	T	G	A	-	-	-	-	-	-	-	-	-	-	-	-	-	-	-	-	-	-	-	-	-	-	-	-	-	-	-	-	-	-	-	-	-	-	-	-	-	-	-	-	-	-	-	-	-	-	-	-	-	-	-	-	-	-	-	-	-	-	-	-	-	-	-	-	-	-	-	-	-	-	-	-	-	-	-	-	-	-	-	-	-	-	-	-	-	-	-	-	Chordata	Mammalia	Perissodactyla	Equidae	Equus	3.1	0.4	2.7	Monophasic		187	419		0.870967741935484	0.129032258064516	2.24064171122995
equus_caballus	-	-	-	-	-	-	-	-	-	-	-	-	-	-	-	-	-	-	-	-	-	-	-	-	-	-	-	-	-	-	-	-	-	-	-	-	-	-	-	-	-	-	-	-	-	-	-	-	-	-	-	-	-	-	-	-	-	-	-	-	-	-	-	-	-	-	-	-	-	-	-	-	-	-	-	-	-	-	-	-	-	-	-	-	-	-	-	-	-	-	-	-	-	-	-	-	-	-	-	-	-	-	-	-	-	-	-	-	-	-	-	-	-	-	-	-	-	-	-	-	-	-	-	-	-	-	-	-	-	-	-	-	-	-	-	-	-	-	-	-	-	-	-	-	-	-	-	-	-	-	-	-	-	-	-	-	-	-	-	-	-	-	-	-	-	-	-	-	-	-	-	-	-	-	-	-	-	-	-	-	-	-	-	-	-	-	-	-	-	-	-	-	-	-	-	-	-	-	-	-	-	A	T	G	A	T	T	T	T	A	A	G	T	G	A	T	T	T	T	T	T	A	A	A	T	C	C	T	T	G	C	T	G	G	C	A	A	C	G	A	G	G	C	C	C	G	C	C	T	T	T	C	C	T	C	A	G	T	A	T	C	A	G	C	G	C	T	T	C	C	T	C	A	T	T	C	T	T	T	G	A	A	T	C	C	G	C	G	G	C	T	C	C	G	C	G	G	T	A	T	T	C	G	G	C	G	T	C	A	G	A	C	C	A	G	C	C	G	G	A	G	G	A	A	G	C	C	T	G	T	T	T	G	C	A	A	T	T	T	A	A	C	C	G	G	G	T	C	G	T	G	A	A	C	G	C	C	C	A	G	G	G	C	T	G	G	C	G	G	A	G	G	C	G	G	G	G	C	C	C	A	G	G	C	G	C	G	C	T	G	C	T	T	T	G	C	A	T	A	A	G	G	G	G	G	C	G	T	G	C	C	T	T	C	G	A	G	G	C	G	G	C	T	T	C	T	A	T	A	A	G	T	G	C	G	G	G	C	C	T	C	G	G	C	G	A	G	C	G	T	G	C	G	C	G	C	A	C	T	G	C	A	A	G	C	T	G	C	T	C	T	A	G	G	G	G	T	T	G	T	T	T	G	G	C	T	T	T	C	T	G	C	G	C	C	C	T	C	T	C	T	G	C	A	C	C	T	-	C	C	A	A	C	C	T	C	A	A	T	C	C	T	C	A	C	C	A	T	G	A	A	G	G	C	G	C	T	G	A	G	C	C	C	G	G	T	G	C	G	T	-	-	-	-	-	-	-	-	-	G	G	C	T	G	C	T	A	C	G	A	G	G	C	G	G	T	G	T	G	C	T	G	C	C	T	G	T	C	G	G	A	A	C	G	C	A	G	C	C	T	-	-	-	-	C	G	C	C	A	T	C	G	C	G	C	G	G	G	G	C	C	G	C	-	-	-	G	G	G	A	A	G	G	G	C	C	C	G	G	C	A	G	C	A	G	A	G	G	A	A	C	C	G	C	T	G	A	G	C	C	T	G	C	T	G	G	A	C	G	A	C	A	T	G	A	A	C	C	A	C	T	G	C	T	A	C	T	C	A	C	G	T	C	T	G	A	G	G	G	A	A	C	T	G	G	T	A	C	C	C	G	G	A	G	T	C	C	C	G	C	G	A	G	G	C	A	C	T	C	A	G	C	T	T	A	G	C	C	A	G	G	T	G	G	A	A	A	T	C	C	T	G	C	A	G	C	G	C	G	T	C	A	T	C	G	A	C	T	A	C	A	T	C	C	T	C	G	A	C	C	T	G	C	A	G	G	T	G	G	T	C	C	T	-	-	-	G	-	-	-	-	-	-	-	-	-	-	-	-	-	-	-	-	-	-	-	-	-	-	-	-	-	-	-	-	-	-	-	-	-	-	-	-	-	-	-	-	-	-	-	-	-	-	-	-	-	-	-	-	-	-	-	-	-	-	-	-	-	-	-	-	-	-	-	-	-	-	-	-	-	-	-	-	-	-	-	-	-	-	-	-	-	-	-	-	-	-	-	-	-	-	-	-	G	C	G	G	A	G	-	-	-	-	-	-	-	-	-	-	-	-	-	-	-	-	-	-	-	-	-	-	-	-	-	-	-	-	-	-	-	-	C	C	C	G	C	-	-	-	T	C	C	T	G	G	A	C	-	-	-	-	-	-	-	-	-	C	C	C	C	A	G	A	-	-	-	-	-	-	-	-	-	-	-	-	-	C	A	G	T	C	C	G	C	A	T	C	T	T	C	C	T	A	T	C	-	-	-	-	-	-	-	-	-	-	-	-	-	-	-	-	-	-	-	-	-	-	-	-	-	-	-	-	-	-	-	-	-	-	-	-	-	-	-	-	-	-	-	-	-	-	-	-	-	-	-	-	-	-	-	-	-	-	-	-	-	-	-	-	-	-	-	-	-	-	-	-	-	-	-	-	-	-	-	-	-	-	-	-	-	-	-	-	-	-	-	-	-	-	-	-	-	-	-	-	-	-	-	-	-	-	-	-	-	-	-	-	-	-	-	-	-	C	A	G	-	-	A	-	-	-	-	-	-	-	-	-	-	-	-	-	-	C	A	G	C	C	-	-	-	-	-	-	-	-	-	-	-	-	-	-	-	-	-	-	G	A	G	C	T	C	G	-	-	-	-	-	-	C	C	C	C	A	G	A	A	-	-	-	-	-	-	-	-	-	-	-	-	-	-	-	-	C	T	T	G	-	-	-	-	-	-	-	-	T	G	A	T	C	T	C	C	A	A	C	G	A	C	A	A	G	A	G	G	A	G	T	-	-	-	-	-	-	T	T	C	-	-	-	-	-	-	-	-	-	-	-	-	-	-	-	T	G	-	-	C	C	A	C	T	G	A	-	-	-	-	-	-	-	-	-	-	-	-	-	-	-	-	-	-	-	-	-	-	-	-	-	-	-	-	-	-	-	-	-	-	-	-	-	-	-	-	-	-	-	-	-	-	-	-	-	-	-	-	-	-	-	-	-	-	-	-	-	-	-	-	-	-	-	-	-	-	-	-	-	-	-	-	-	-	-	-	-	-	-	-	-	-	-	-	Chordata	Mammalia	Perissodactyla	Equidae	Equus	2.9	0.6	2.3	Monophasic	nocturnal	521	655	337	0.793103448275862	0.206896551724138	1.25719769673704
camelus_dromedarius	-	-	-	-	-	-	-	-	-	-	-	-	-	-	-	-	-	-	-	-	-	-	-	-	-	-	-	-	-	-	-	-	-	-	-	-	-	-	-	-	-	-	-	-	-	-	-	-	-	-	-	-	-	-	-	-	-	-	-	-	-	-	-	-	-	-	-	-	-	-	-	-	-	-	-	-	-	-	-	-	-	-	-	-	-	-	-	-	-	-	-	-	-	-	-	-	-	-	-	-	-	-	-	-	-	-	-	-	-	-	-	-	-	-	-	-	-	-	-	-	-	-	-	-	-	-	-	-	-	-	-	-	-	-	-	-	-	-	-	-	-	-	-	-	-	-	-	-	-	-	-	-	-	-	-	-	-	-	-	-	-	-	-	-	-	-	-	-	-	-	-	-	-	-	-	-	-	-	-	-	-	-	-	-	-	-	-	-	-	-	-	-	-	-	-	-	-	-	-	-	-	-	-	-	-	-	-	-	-	-	-	-	-	-	-	-	-	-	-	-	-	-	-	-	-	-	-	-	-	-	-	-	-	-	-	-	-	-	-	-	-	-	-	-	-	-	-	-	-	-	-	-	-	-	-	-	-	-	-	-	-	-	-	-	-	-	-	-	-	-	-	-	-	-	-	-	-	-	-	-	-	-	-	-	-	-	-	-	-	-	-	-	-	-	-	-	-	-	-	-	-	-	-	-	-	-	-	-	-	-	-	-	-	-	-	-	-	-	-	-	-	-	-	-	-	-	-	-	-	-	-	-	-	-	-	-	-	-	-	-	-	-	-	-	-	-	-	-	-	-	-	-	-	-	-	-	-	-	-	-	-	-	-	-	-	-	-	-	-	-	-	-	-	-	-	-	-	-	-	-	-	-	-	-	-	-	-	-	-	-	-	-	-	-	-	-	-	-	-	-	-	-	-	-	-	-	-	-	-	-	-	-	-	-	-	-	-	-	-	-	-	-	-	-	-	-	-	-	-	-	-	-	-	-	-	-	-	-	-	-	-	-	-	-	-	-	-	-	-	-	-	-	-	-	-	-	-	-	-	-	-	-	-	-	-	-	-	-	-	-	-	-	-	-	-	-	-	-	-	-	-	-	-	-	-	-	-	-	-	-	-	-	-	-	-	-	-	-	-	-	-	-	-	-	-	-	-	-	-	-	-	-	-	-	-	-	-	-	-	-	-	-	-	-	-	-	A	T	G	A	A	G	G	C	G	C	T	A	A	G	T	C	C	G	G	T	C	C	G	C	-	-	-	-	-	-	-	-	-	G	G	C	T	G	T	T	A	T	G	A	G	G	C	G	G	T	G	T	G	C	T	G	C	C	T	G	T	C	G	G	A	A	C	G	C	A	G	C	C	T	-	-	-	-	G	G	C	C	A	T	C	G	C	G	C	G	G	G	G	C	C	G	C	-	-	-	G	G	C	A	A	G	G	G	C	C	C	G	G	G	A	G	C	C	G	A	G	G	A	G	C	C	G	C	T	G	A	G	C	C	T	G	C	T	G	G	A	C	G	A	C	A	T	G	A	A	C	C	A	C	T	G	C	T	A	C	T	C	G	C	G	T	C	T	G	C	G	G	G	A	A	C	T	G	G	T	A	C	C	G	G	G	G	G	T	C	C	C	G	C	G	A	G	G	C	A	C	T	C	A	G	C	T	T	A	G	C	C	A	G	G	T	G	G	A	A	A	T	C	C	T	G	C	A	G	C	G	C	G	T	C	A	T	C	G	A	C	T	A	C	A	T	C	C	T	C	G	A	C	C	T	G	C	A	G	G	T	G	G	T	C	C	T	-	-	-	G	-	-	-	-	-	-	-	-	-	-	-	-	-	-	-	-	-	-	-	-	-	-	-	-	-	-	-	-	-	-	-	-	-	-	-	-	-	-	-	-	-	-	-	-	-	-	-	-	-	-	-	-	-	-	-	-	-	-	-	-	-	-	-	-	-	-	-	-	-	-	-	-	-	-	-	-	-	-	-	-	-	-	-	-	-	-	-	-	-	-	-	-	-	-	-	-	G	C	G	G	A	G	-	-	-	-	-	-	-	-	-	-	-	-	-	-	-	-	-	-	-	-	-	-	-	-	-	-	-	-	-	-	-	-	C	C	G	G	C	-	-	-	T	C	C	T	G	G	A	C	-	-	-	-	-	-	-	-	-	C	C	C	C	A	G	A	-	-	-	-	-	-	-	-	-	-	-	-	-	C	G	G	C	C	C	G	C	A	T	C	T	T	C	C	C	A	T	C	-	-	-	-	-	-	-	-	-	-	-	-	-	-	-	-	-	-	-	-	-	-	-	-	-	-	-	-	-	-	-	-	-	-	-	-	-	-	-	-	-	-	-	-	-	-	-	-	-	-	-	-	-	-	-	-	-	-	-	-	-	-	-	-	-	-	-	-	-	-	-	-	-	-	-	-	-	-	-	-	-	-	-	-	-	-	-	-	-	-	-	-	-	-	-	-	-	-	-	-	-	-	-	-	-	-	-	-	-	-	-	-	-	-	-	-	-	C	A	G	-	-	A	-	-	-	-	-	-	-	-	-	-	-	-	-	-	C	A	G	C	C	-	-	-	-	-	-	-	-	-	-	-	-	-	-	-	-	-	-	G	A	G	C	T	C	G	-	-	-	-	-	-	C	T	C	C	G	G	A	A	-	-	-	-	-	-	-	-	-	-	-	-	-	-	-	-	C	T	T	G	-	-	-	-	-	-	-	-	T	G	A	T	C	T	C	C	A	G	C	G	A	C	C	A	A	A	G	G	A	G	C	-	-	-	-	-	-	T	T	C	-	-	-	-	-	-	-	-	-	-	-	-	-	-	-	T	G	-	-	C	C	A	C	T	G	A	-	-	-	-	-	-	-	-	-	-	-	-	-	-	-	-	-	-	-	-	-	-	-	-	-	-	-	-	-	-	-	-	-	-	-	-	-	-	-	-	-	-	-	-	-	-	-	-	-	-	-	-	-	-	-	-	-	-	-	-	-	-	-	-	-	-	-	-	-	-	-	-	-	-	-	-	-	-	-	-	-	-	-	-	-	-	-	-	Chordata	Mammalia	Artiodactyla	Camelidae	Camelus	1.7	0.5	1.2	Polyphasic	diurnal	467			0.705882352941177	0.294117647058824	
canis_lupus_familiaris	-	-	-	-	-	-	-	-	-	-	-	-	-	-	-	-	-	-	-	-	-	-	-	-	-	-	-	-	-	-	-	-	-	-	-	-	-	-	-	-	-	-	-	-	-	-	-	-	-	-	-	-	-	-	-	-	-	-	-	-	-	-	-	-	-	-	-	-	-	-	-	-	-	-	-	-	-	-	-	-	-	-	-	-	-	-	-	-	-	-	-	-	-	-	-	-	-	-	-	-	-	-	-	-	-	-	-	-	-	-	-	-	-	-	-	-	-	-	-	-	-	-	-	-	-	-	-	-	-	-	-	-	-	-	-	-	-	-	-	-	-	-	-	-	-	-	-	-	-	-	-	-	-	-	-	-	-	-	-	-	-	-	-	-	-	-	-	-	-	-	-	-	-	-	-	-	-	-	-	-	-	-	-	-	-	-	-	-	-	-	-	-	-	-	-	-	-	-	-	-	-	-	-	-	-	-	-	-	-	-	-	-	-	-	-	-	-	-	-	-	-	-	-	-	-	-	-	-	-	-	-	-	-	-	-	-	-	-	-	-	-	-	-	-	-	-	-	-	-	-	-	-	-	-	-	-	-	-	-	-	-	-	-	-	-	-	-	-	-	-	-	-	-	-	-	-	-	-	-	-	-	-	-	-	-	-	-	-	-	-	-	-	-	-	-	-	-	-	-	-	-	-	-	-	-	-	-	-	-	-	-	-	-	-	-	-	-	-	-	-	-	-	-	-	-	-	-	-	-	-	-	-	-	-	-	-	-	-	-	-	-	-	-	-	-	-	-	-	-	-	-	-	-	-	-	-	-	-	-	-	-	-	-	-	-	-	-	-	-	-	-	-	-	-	-	-	-	-	-	-	-	-	-	-	-	-	-	-	-	-	-	-	-	-	-	-	-	-	-	-	-	-	-	-	-	-	-	-	-	-	-	-	-	-	-	-	-	-	-	-	-	-	-	-	-	-	-	-	-	-	-	-	-	-	-	-	-	-	-	-	-	-	-	-	-	-	-	-	-	-	-	-	-	-	-	-	-	-	-	-	-	-	-	-	-	-	-	-	-	-	-	-	-	-	-	-	-	-	-	-	-	-	-	-	-	-	-	-	-	-	-	-	-	-	-	-	-	-	-	-	-	-	-	-	-	-	-	-	-	-	-	-	-	-	-	-	-	-	-	-	-	-	-	-	-	-	A	T	G	A	A	G	G	C	G	C	T	G	A	G	C	C	C	G	G	T	G	C	G	C	-	-	-	-	-	-	-	-	-	G	G	C	T	G	C	T	A	C	G	A	G	G	C	G	G	T	G	T	G	C	T	G	C	C	T	G	T	C	C	G	A	A	C	G	C	A	G	C	C	T	-	-	-	-	G	G	C	C	A	T	C	G	C	G	C	G	C	G	G	G	C	G	C	-	-	-	G	G	C	A	A	G	G	G	C	C	C	G	G	C	G	G	C	C	G	A	G	G	A	G	C	C	G	C	T	G	A	G	C	C	T	G	T	T	G	G	A	C	G	A	C	A	T	G	A	A	C	C	A	C	T	G	C	T	A	C	T	C	G	C	G	C	T	T	G	C	G	G	G	A	A	C	T	C	G	T	A	C	C	C	G	G	A	G	T	C	C	C	G	C	G	A	G	G	C	A	C	T	C	A	G	C	T	T	A	G	C	C	A	G	G	T	G	G	A	A	A	T	C	C	T	G	C	A	G	C	G	C	G	T	C	A	T	C	G	A	C	T	A	C	A	T	C	C	T	C	G	A	C	C	T	G	C	A	G	G	T	G	G	T	C	C	T	-	-	-	G	-	-	-	-	-	-	-	-	-	-	-	-	-	-	-	-	-	-	-	-	-	-	-	-	-	-	-	-	-	-	-	-	-	-	-	-	-	-	-	-	-	-	-	-	-	-	-	-	-	-	-	-	-	-	-	-	-	-	-	-	-	-	-	-	-	-	-	-	-	-	-	-	-	-	-	-	-	-	-	-	-	-	-	-	-	-	-	-	-	-	-	-	-	-	-	-	G	C	C	G	A	G	-	-	-	-	-	-	-	-	-	-	-	-	-	-	-	-	-	-	-	-	-	-	-	-	-	-	-	-	-	-	-	-	C	C	C	G	C	-	-	-	C	C	C	T	G	G	A	C	-	-	-	-	-	-	-	-	-	C	C	C	C	C	G	A	-	-	-	-	-	-	-	-	-	-	-	-	-	C	G	G	C	C	C	G	C	A	T	C	T	T	C	C	C	A	T	C	-	-	-	-	-	-	-	-	-	-	-	-	-	-	-	-	-	-	-	-	-	-	-	-	-	-	-	-	-	-	-	-	-	-	-	-	-	-	-	-	-	-	-	-	-	-	-	-	-	-	-	-	-	-	-	-	-	-	-	-	-	-	-	-	-	-	-	-	-	-	-	-	-	-	-	-	-	-	-	-	-	-	-	-	-	-	-	-	-	-	-	-	-	-	-	-	-	-	-	-	-	-	-	-	-	-	-	-	-	-	-	-	-	-	-	-	-	C	A	G	-	-	A	-	-	-	-	-	-	-	-	-	-	-	-	-	-	C	A	G	C	C	-	-	-	-	-	-	-	-	-	-	-	-	-	-	-	-	-	-	G	A	G	C	T	C	G	-	-	-	-	-	-	C	T	C	C	G	G	A	A	-	-	-	-	-	-	-	-	-	-	-	-	-	-	-	-	C	T	C	G	-	-	-	-	-	-	-	-	T	G	A	T	C	T	C	C	A	A	C	G	A	C	A	A	G	A	G	G	A	G	C	-	-	-	-	-	-	T	T	C	-	-	-	-	-	-	-	-	-	-	-	-	-	-	-	T	G	-	-	C	C	A	C	T	G	A	-	-	-	-	-	-	-	-	-	-	-	-	-	-	-	-	-	-	-	-	-	-	-	-	-	-	-	-	-	-	-	-	-	-	-	-	-	-	-	-	-	-	-	-	-	-	-	-	-	-	-	-	-	-	-	-	-	-	-	-	-	-	-	-	-	-	-	-	-	-	-	-	-	-	-	-	-	-	-	-	-	-	-	-	-	-	-	-	Chordata	Mammalia	Carnivora	Canidae	Canis	10.1	2.9	7.2	Polyphasic	nocturnal	14	70	62	0.712871287128713	0.287128712871287	5
vulpes_vulpes	-	-	-	-	-	-	-	-	-	-	-	-	-	-	-	-	-	-	-	-	-	-	-	-	-	-	-	-	-	-	-	-	-	-	-	-	-	-	-	-	-	-	-	-	-	-	-	-	-	-	-	-	-	-	-	-	-	-	-	-	-	-	-	-	-	-	-	-	-	-	-	-	-	-	-	-	-	-	-	-	-	-	-	-	-	-	-	-	-	-	-	-	-	-	-	-	-	-	-	-	-	-	-	-	-	-	-	-	-	-	-	-	-	-	-	-	-	-	-	-	-	-	-	-	-	-	-	-	-	-	-	-	-	-	-	-	-	-	-	-	-	-	-	-	-	-	-	-	-	-	-	-	-	-	-	-	-	-	-	-	-	-	-	-	-	-	-	-	-	-	-	-	-	-	-	-	-	-	-	-	-	-	-	-	-	-	-	-	-	-	-	-	-	-	-	-	-	-	-	-	-	-	-	-	-	-	-	-	-	-	-	-	-	-	-	-	-	-	-	-	-	-	-	-	-	-	-	-	-	-	-	-	-	-	-	-	-	-	-	-	-	-	-	-	-	-	-	-	-	-	-	-	-	-	-	-	-	-	-	-	-	-	-	-	-	-	-	-	-	-	-	-	-	-	-	-	-	-	-	-	-	-	-	-	-	-	-	-	-	-	-	-	-	-	-	-	-	-	-	-	-	-	-	-	-	-	-	-	-	-	-	-	-	-	-	-	-	-	-	-	-	-	-	-	-	-	-	-	-	-	-	-	-	-	-	-	-	-	-	-	-	-	-	-	-	-	-	-	-	-	-	-	-	-	-	-	-	-	-	-	-	-	-	-	-	-	-	-	-	-	-	-	-	-	-	-	-	-	-	-	-	-	-	-	-	-	-	-	-	-	-	-	-	-	-	-	-	-	-	-	-	-	-	-	-	-	-	-	-	-	-	-	-	-	-	-	-	-	-	-	-	-	-	-	-	-	-	-	-	-	-	-	-	-	-	-	-	-	-	-	-	-	-	-	-	-	-	-	-	-	-	-	-	-	-	-	-	-	-	-	-	-	-	-	-	-	-	-	-	-	-	-	-	-	-	-	-	-	-	-	-	-	-	-	-	-	-	-	-	-	-	-	-	-	-	-	-	-	-	-	-	-	-	-	-	-	-	-	-	-	-	-	-	-	-	-	-	-	-	-	-	-	-	-	-	-	A	T	G	A	A	G	G	C	G	C	T	G	A	G	C	C	C	G	G	T	G	C	G	C	-	-	-	-	-	-	-	-	-	G	G	C	T	G	C	T	A	C	G	A	G	G	C	G	G	T	G	T	G	C	T	G	C	C	T	G	T	C	C	G	A	A	C	G	C	A	G	C	C	T	-	-	-	-	G	G	C	C	A	T	C	G	C	G	C	G	C	G	G	G	C	G	C	-	-	-	G	G	C	A	A	G	G	G	C	C	C	G	G	C	G	G	C	C	G	A	G	G	A	G	C	C	G	C	T	G	A	G	C	C	T	G	T	T	G	G	A	C	G	A	C	A	T	G	A	A	C	C	A	C	T	G	C	T	A	C	T	C	G	C	G	C	T	T	G	C	G	G	G	A	A	C	T	C	G	T	A	C	C	C	G	G	A	G	T	C	C	C	G	C	G	A	G	G	C	A	C	T	C	A	G	C	T	T	A	G	C	C	A	G	G	T	G	G	A	A	A	T	C	C	T	G	C	A	G	C	G	C	G	T	C	A	T	C	G	A	C	T	A	C	A	T	C	C	T	C	G	A	C	C	T	G	C	A	G	G	T	G	G	T	C	C	T	-	-	-	G	-	-	-	-	-	-	-	-	-	-	-	-	-	-	-	-	-	-	-	-	-	-	-	-	-	-	-	-	-	-	-	-	-	-	-	-	-	-	-	-	-	-	-	-	-	-	-	-	-	-	-	-	-	-	-	-	-	-	-	-	-	-	-	-	-	-	-	-	-	-	-	-	-	-	-	-	-	-	-	-	-	-	-	-	-	-	-	-	-	-	-	-	-	-	-	-	G	C	C	G	A	G	-	-	-	-	-	-	-	-	-	-	-	-	-	-	-	-	-	-	-	-	-	-	-	-	-	-	-	-	-	-	-	-	C	C	C	G	C	-	-	-	C	C	C	T	G	G	A	C	-	-	-	-	-	-	-	-	-	C	C	C	C	C	G	A	-	-	-	-	-	-	-	-	-	-	-	-	-	C	G	G	C	C	C	G	C	A	T	C	T	T	C	C	C	A	T	C	-	-	-	-	-	-	-	-	-	-	-	-	-	-	-	-	-	-	-	-	-	-	-	-	-	-	-	-	-	-	-	-	-	-	-	-	-	-	-	-	-	-	-	-	-	-	-	-	-	-	-	-	-	-	-	-	-	-	-	-	-	-	-	-	-	-	-	-	-	-	-	-	-	-	-	-	-	-	-	-	-	-	-	-	-	-	-	-	-	-	-	-	-	-	-	-	-	-	-	-	-	-	-	-	-	-	-	-	-	-	-	-	-	-	-	-	-	C	A	G	-	-	A	-	-	-	-	-	-	-	-	-	-	-	-	-	-	C	A	G	C	C	-	-	-	-	-	-	-	-	-	-	-	-	-	-	-	-	-	-	G	A	G	C	T	C	G	-	-	-	-	-	-	C	T	C	C	G	G	A	A	-	-	-	-	-	-	-	-	-	-	-	-	-	-	-	-	C	T	C	G	-	-	-	-	-	-	-	-	T	G	A	T	C	T	C	C	A	A	C	G	A	C	A	A	G	A	G	G	A	G	C	-	-	-	-	-	-	T	T	C	-	-	-	-	-	-	-	-	-	-	-	-	-	-	-	T	G	-	-	C	C	A	C	T	G	A	-	-	-	-	-	-	-	-	-	-	-	-	-	-	-	-	-	-	-	-	-	-	-	-	-	-	-	-	-	-	-	-	-	-	-	-	-	-	-	-	-	-	-	-	-	-	-	-	-	-	-	-	-	-	-	-	-	-	-	-	-	-	-	-	-	-	-	-	-	-	-	-	-	-	-	-	-	-	-	-	-	-	-	-	-	-	-	-	Chordata	Mammalia	Carnivora	Canidae	Vulpes	9.8	2.4	7.4	Polyphasic	nocturnal	4.23	50.4	52	0.755102040816326	0.244897959183673	11.9148936170213
microcebus_murinus	-	-	-	-	-	-	-	-	-	-	-	-	-	-	-	-	-	-	-	-	-	-	-	-	-	-	-	-	-	-	-	-	-	-	-	-	-	-	-	-	-	-	-	-	-	-	-	-	-	-	-	-	-	-	-	-	-	-	-	-	-	-	-	-	-	-	-	-	-	-	-	-	-	-	-	-	-	-	-	-	-	-	-	-	-	-	-	-	-	-	-	-	-	-	-	-	-	-	-	-	-	-	-	-	-	-	-	-	-	-	-	-	-	-	-	-	-	-	-	-	-	-	-	-	-	-	-	-	-	-	-	-	-	-	-	-	-	-	-	-	-	-	-	-	-	-	-	-	-	-	-	-	-	-	-	-	-	-	-	-	-	-	-	-	-	-	-	-	-	-	-	-	-	-	-	-	-	-	-	-	-	-	-	-	-	-	-	-	-	-	-	-	-	-	-	-	-	-	-	-	-	-	-	-	-	-	-	-	-	-	-	-	-	-	-	-	-	-	-	-	-	-	-	-	-	-	-	-	-	-	-	-	-	-	-	-	-	-	-	-	-	-	-	-	-	-	-	-	-	-	-	-	-	-	-	-	-	-	-	-	-	-	-	-	-	-	-	-	-	-	-	-	-	-	-	-	-	-	-	-	-	-	-	-	-	-	-	-	-	-	-	-	-	-	-	-	-	-	-	-	-	-	-	-	-	-	-	-	-	-	-	-	-	-	-	-	-	-	-	-	-	-	-	-	-	-	-	-	-	-	-	-	-	-	-	-	-	-	-	-	-	-	-	-	-	-	-	-	-	-	-	-	-	-	-	-	-	-	-	-	-	-	-	-	-	-	-	-	-	-	-	-	-	-	-	-	-	-	-	-	-	-	-	-	-	-	-	-	-	-	-	-	-	-	-	-	-	-	-	-	-	-	-	-	-	-	-	-	-	-	-	-	-	-	-	-	-	-	-	-	-	-	-	-	-	-	-	-	-	-	-	-	-	-	-	-	-	-	-	-	-	-	-	-	-	-	-	-	-	-	-	-	-	-	-	-	-	-	-	-	-	-	-	-	-	-	-	-	-	-	-	-	-	-	-	-	-	-	-	-	-	-	-	-	-	-	-	-	-	-	-	-	-	-	-	-	-	-	-	-	-	-	-	-	-	-	-	-	-	-	-	-	-	-	-	-	-	-	-	-	-	-	-	-	-	-	A	T	G	A	A	G	G	C	G	C	T	G	A	G	C	C	C	G	G	T	G	C	G	C	-	-	-	-	-	-	-	-	-	G	G	C	T	G	C	T	A	C	G	A	G	G	C	G	G	T	G	T	G	C	T	G	C	C	T	G	T	C	G	G	A	A	C	G	C	A	G	C	C	T	-	-	-	-	G	G	C	C	A	T	C	G	C	G	C	G	G	G	G	C	C	G	A	-	-	-	G	G	C	A	A	G	G	G	C	C	C	G	G	C	G	G	C	C	G	A	G	G	A	G	C	C	G	C	T	G	A	G	C	C	T	G	C	T	G	G	A	C	G	A	C	A	T	G	A	A	C	C	A	C	T	G	C	T	A	C	T	C	G	C	G	C	C	T	G	C	G	G	G	A	A	C	T	G	G	T	A	C	C	G	G	G	A	G	T	C	C	C	G	A	G	A	G	G	C	A	C	T	C	A	G	C	T	T	A	G	C	C	A	G	G	T	G	G	A	A	A	T	C	C	T	G	C	A	G	C	G	C	G	T	C	A	T	C	G	A	C	T	A	C	A	T	C	C	T	C	G	A	C	C	T	G	C	A	G	G	T	G	G	T	C	C	T	-	-	-	G	-	-	-	-	-	-	-	-	-	-	-	-	-	-	-	-	-	-	-	-	-	-	-	-	-	-	-	-	-	-	-	-	-	-	-	-	-	-	-	-	-	-	-	-	-	-	-	-	-	-	-	-	-	-	-	-	-	-	-	-	-	-	-	-	-	-	-	-	-	-	-	-	-	-	-	-	-	-	-	-	-	-	-	-	-	-	-	-	-	-	-	-	-	-	-	-	G	C	C	G	A	G	-	-	-	-	-	-	-	-	-	-	-	-	-	-	-	-	-	-	-	-	-	-	-	-	-	-	-	-	-	-	-	-	C	C	G	G	C	-	-	-	C	C	C	T	G	G	G	C	-	-	-	-	-	-	-	-	-	C	C	C	C	A	G	A	-	-	-	-	-	-	-	-	-	-	-	-	-	C	G	G	C	C	C	G	C	A	T	C	T	C	C	C	C	A	T	C	-	-	-	-	-	-	-	-	-	-	-	-	-	-	-	-	-	-	-	-	-	-	-	-	-	-	-	-	-	-	-	-	-	-	-	-	-	-	-	-	-	-	-	-	-	-	-	-	-	-	-	-	-	-	-	-	-	-	-	-	-	-	-	-	-	-	-	-	-	-	-	-	-	-	-	-	-	-	-	-	-	-	-	-	-	-	-	-	-	-	-	-	-	-	-	-	-	-	-	-	-	-	-	-	-	-	-	-	-	-	-	-	-	-	-	-	-	C	A	G	-	-	A	-	-	-	-	-	-	-	-	-	-	-	-	-	-	C	A	G	C	C	-	-	-	-	-	-	-	-	-	-	-	-	-	-	-	-	-	-	G	A	G	C	T	C	G	-	-	-	-	-	-	C	T	C	C	A	G	A	A	-	-	-	-	-	-	-	-	-	-	-	-	-	-	-	-	C	T	T	G	-	-	-	-	-	-	-	-	T	G	A	T	C	G	C	C	A	A	C	G	A	C	A	A	G	A	G	G	A	G	C	-	-	-	-	-	-	T	T	C	-	-	-	-	-	-	-	-	-	-	-	-	-	-	-	T	G	-	-	C	C	A	C	T	G	A	-	-	-	-	-	-	-	-	-	-	-	-	-	-	-	-	-	-	-	-	-	-	-	-	-	-	-	-	-	-	-	-	-	-	-	-	-	-	-	-	-	-	-	-	-	-	-	-	-	-	-	-	-	-	-	-	-	-	-	-	-	-	-	-	-	-	-	-	-	-	-	-	-	-	-	-	-	-	-	-	-	-	-	-	-	-	-	-	Chordata	Mammalia	Primates	Cheirogaleidae	Microcebus	15.36	0.989	14.371	Polyphasic	nocturnal	0.06095369			0.935611979166667	0.0643880208333333	
propithecus_coquereli	-	-	-	-	-	-	-	-	-	-	-	-	-	-	-	-	-	-	-	-	-	-	-	-	-	-	-	-	-	-	-	-	-	-	-	-	-	-	-	-	-	-	-	-	-	-	-	-	-	-	-	-	-	-	-	-	-	-	-	-	-	-	-	-	-	-	-	-	-	-	-	-	-	-	-	-	-	-	-	-	-	-	-	-	-	-	-	-	-	-	-	-	-	-	-	-	-	-	-	-	-	-	-	-	-	-	-	-	-	-	-	-	-	-	-	-	-	-	-	-	-	-	-	-	-	-	-	-	-	-	-	-	-	-	-	-	-	-	-	-	-	-	-	-	-	-	-	-	-	-	-	-	-	-	-	-	-	-	-	-	-	-	-	-	-	-	-	-	-	-	-	-	-	-	-	-	-	-	-	-	-	-	-	-	-	-	-	-	-	-	-	-	-	-	-	-	-	-	-	-	-	-	-	-	-	-	-	-	-	-	-	-	-	-	-	-	-	-	-	-	-	-	-	-	-	-	-	-	-	-	-	-	-	-	-	-	-	-	-	-	-	-	-	-	-	-	-	-	-	-	-	-	-	-	-	-	-	-	-	-	-	-	-	-	-	-	-	-	-	-	-	-	-	-	-	-	-	-	-	-	-	-	-	-	-	-	-	-	-	-	-	-	-	-	-	-	-	-	-	-	-	-	-	-	-	-	-	-	-	-	-	-	-	-	-	-	-	-	-	-	-	-	-	-	-	-	-	-	-	-	-	-	-	-	-	-	-	-	-	-	-	-	-	-	-	-	-	-	-	-	-	-	-	-	-	-	-	-	-	-	-	-	-	-	-	-	-	-	-	-	-	-	-	-	-	-	-	-	-	-	-	-	-	-	-	-	-	-	-	-	-	-	-	-	-	-	-	-	-	-	-	-	-	-	-	-	-	-	-	-	-	-	-	-	-	-	-	-	-	-	-	-	-	-	-	-	-	-	-	-	-	-	-	-	-	-	-	-	-	-	-	-	-	-	-	-	-	-	-	-	-	-	-	-	-	-	-	-	-	-	-	-	-	-	-	-	-	-	-	-	-	-	-	-	-	-	-	-	-	-	-	-	-	-	-	-	-	-	-	-	-	-	-	-	-	-	-	-	-	-	-	-	-	-	-	-	-	-	-	-	-	-	-	-	-	-	-	-	-	-	-	-	-	-	-	-	A	T	G	A	A	G	G	C	G	C	T	G	A	G	C	C	C	G	G	T	G	C	G	C	-	-	-	-	-	-	-	-	-	G	G	C	T	G	C	T	A	C	G	A	G	G	C	G	G	T	G	T	G	C	T	G	C	C	T	T	T	C	G	G	A	A	C	G	C	A	G	C	C	T	-	-	-	-	G	G	C	C	A	T	C	G	C	G	A	G	G	G	G	C	C	G	C	-	-	-	G	G	C	A	A	G	G	G	C	C	C	G	G	C	G	G	C	C	G	A	G	G	A	G	C	C	G	C	T	G	A	G	C	C	T	G	C	T	G	G	A	C	G	A	C	A	T	G	A	A	C	C	A	C	T	G	C	T	A	C	T	C	G	C	G	C	C	T	G	C	G	G	G	A	A	C	T	G	G	T	A	C	C	C	G	G	A	G	T	C	C	C	G	A	G	A	G	G	C	A	C	T	C	A	G	C	T	T	A	G	C	C	A	G	G	T	G	G	A	A	A	T	C	C	T	G	C	A	G	C	G	C	G	T	C	A	T	C	G	A	C	T	A	C	A	T	C	C	T	C	G	A	C	C	T	G	C	A	G	G	T	G	G	T	C	C	T	-	-	-	G	-	-	-	-	-	-	-	-	-	-	-	-	-	-	-	-	-	-	-	-	-	-	-	-	-	-	-	-	-	-	-	-	-	-	-	-	-	-	-	-	-	-	-	-	-	-	-	-	-	-	-	-	-	-	-	-	-	-	-	-	-	-	-	-	-	-	-	-	-	-	-	-	-	-	-	-	-	-	-	-	-	-	-	-	-	-	-	-	-	-	-	-	-	-	-	-	G	C	C	G	A	A	-	-	-	-	-	-	-	-	-	-	-	-	-	-	-	-	-	-	-	-	-	-	-	-	-	-	-	-	-	-	-	-	C	C	G	G	C	-	-	-	C	C	C	T	G	G	G	C	-	-	-	-	-	-	-	-	-	C	C	C	C	A	G	A	-	-	-	-	-	-	-	-	-	-	-	-	-	C	G	G	C	C	C	G	C	A	T	C	T	C	C	C	C	A	T	C	-	-	-	-	-	-	-	-	-	-	-	-	-	-	-	-	-	-	-	-	-	-	-	-	-	-	-	-	-	-	-	-	-	-	-	-	-	-	-	-	-	-	-	-	-	-	-	-	-	-	-	-	-	-	-	-	-	-	-	-	-	-	-	-	-	-	-	-	-	-	-	-	-	-	-	-	-	-	-	-	-	-	-	-	-	-	-	-	-	-	-	-	-	-	-	-	-	-	-	-	-	-	-	-	-	-	-	-	-	-	-	-	-	-	-	-	-	C	A	G	-	-	A	-	-	-	-	-	-	-	-	-	-	-	-	-	-	C	A	G	C	C	-	-	-	-	-	-	-	-	-	-	-	-	-	-	-	-	-	-	G	A	G	C	T	T	G	-	-	-	-	-	-	C	T	C	C	G	G	A	A	-	-	-	-	-	-	-	-	-	-	-	-	-	-	-	-	C	T	T	G	-	-	-	-	-	-	-	-	T	G	A	T	C	G	C	C	A	A	C	G	A	C	A	A	G	A	G	G	A	G	C	-	-	-	-	-	-	T	T	C	-	-	-	-	-	-	-	-	-	-	-	-	-	-	-	T	G	-	-	C	C	A	C	T	G	A	-	-	-	-	-	-	-	-	-	-	-	-	-	-	-	-	-	-	-	-	-	-	-	-	-	-	-	-	-	-	-	-	-	-	-	-	-	-	-	-	-	-	-	-	-	-	-	-	-	-	-	-	-	-	-	-	-	-	-	-	-	-	-	-	-	-	-	-	-	-	-	-	-	-	-	-	-	-	-	-	-	-	-	-	-	-	-	-	Chordata	Mammalia	Primates	Indriidae	Propithecus	10.63				diurnal						
sus_scrofa	-	-	-	-	-	-	-	-	-	-	-	-	-	-	-	-	-	-	-	-	-	-	-	-	-	-	-	-	-	-	-	-	-	-	-	-	-	-	-	-	-	-	-	-	-	-	-	-	-	-	-	-	-	-	-	-	-	-	-	-	-	-	-	-	-	-	-	-	-	-	-	-	-	-	-	-	-	-	-	-	-	-	-	-	-	-	-	-	-	-	-	-	-	-	-	-	-	-	-	-	-	-	-	-	-	-	-	-	-	-	-	-	-	-	-	-	-	-	-	-	-	-	-	-	-	-	-	-	-	-	-	-	-	-	-	-	-	-	-	-	-	-	-	-	-	-	-	-	-	-	-	-	-	-	-	-	-	-	-	-	-	-	-	-	-	-	-	-	-	-	-	-	-	-	-	-	-	-	-	-	-	-	-	-	-	-	-	-	-	-	-	-	-	-	-	-	-	-	-	-	-	-	-	-	-	-	-	-	-	-	-	-	-	-	-	-	-	-	-	-	-	-	-	-	-	-	-	-	-	-	-	-	-	-	-	-	-	-	-	-	-	-	-	-	-	-	-	-	-	-	-	-	-	-	-	-	-	-	-	-	-	-	-	-	-	-	-	-	-	-	-	-	-	-	-	-	-	-	-	-	-	-	-	-	-	-	-	-	-	-	-	-	-	-	-	-	-	-	-	-	-	-	-	-	-	-	-	-	-	-	-	-	-	-	-	-	-	-	-	-	-	-	-	-	-	-	-	-	-	-	-	-	-	-	-	-	-	-	-	-	-	-	-	-	-	-	-	-	-	-	-	-	-	-	-	-	-	-	-	-	-	-	-	-	-	-	-	-	-	-	-	-	-	-	-	-	-	-	-	-	-	-	-	-	-	-	-	-	-	-	-	-	-	-	-	-	-	-	-	-	-	-	-	-	-	-	-	-	-	-	-	-	-	-	-	-	-	-	-	-	-	-	-	-	-	-	-	-	-	-	-	-	-	-	-	-	-	-	-	-	-	-	-	-	-	-	-	-	-	-	-	-	-	-	-	-	-	-	-	-	-	-	-	-	-	-	-	-	-	-	-	-	-	-	-	-	-	-	-	-	-	-	-	-	-	-	-	-	-	-	-	-	-	-	-	-	-	-	-	-	-	-	-	-	-	-	-	-	-	-	-	-	-	-	-	-	-	-	-	-	-	-	-	-	-	-	A	T	G	A	A	G	G	C	G	C	T	G	A	G	C	C	C	T	G	T	C	C	G	C	-	-	-	-	-	-	-	-	-	G	G	C	T	G	C	T	A	C	G	A	G	G	C	G	G	T	G	T	G	C	T	G	C	C	T	A	T	C	G	G	A	A	C	G	C	A	G	C	C	T	-	-	-	-	G	G	C	C	A	T	C	G	C	G	C	G	G	G	G	C	C	G	C	-	-	-	G	G	C	A	A	G	G	G	T	C	C	A	G	C	A	G	C	T	G	A	G	G	A	G	C	C	-	-	-	C	A	G	C	C	T	G	C	T	T	G	A	T	G	A	C	A	T	G	A	A	C	C	A	C	T	G	C	T	A	C	T	C	G	C	G	T	C	T	C	C	G	G	G	A	A	C	T	G	G	T	A	C	C	C	G	G	A	G	T	C	C	C	G	C	G	A	G	G	C	A	C	T	C	A	G	C	T	T	A	G	C	C	A	G	G	T	G	G	A	A	A	T	C	C	T	G	C	A	G	C	G	C	G	T	C	A	T	C	G	A	C	T	A	C	A	T	C	C	T	C	G	A	C	C	T	G	C	A	G	G	T	G	G	T	C	C	T	-	-	-	G	-	-	-	-	-	-	-	-	-	-	-	-	-	-	-	-	-	-	-	-	-	-	-	-	-	-	-	-	-	-	-	-	-	-	-	-	-	-	-	-	-	-	-	-	-	-	-	-	-	-	-	-	-	-	-	-	-	-	-	-	-	-	-	-	-	-	-	-	-	-	-	-	-	-	-	-	-	-	-	-	-	-	-	-	-	-	-	-	-	-	-	-	-	-	-	-	G	C	C	G	A	G	-	-	-	-	-	-	-	-	-	-	-	-	-	-	-	-	-	-	-	-	-	-	-	-	-	-	-	-	-	-	-	-	C	C	C	G	C	-	-	-	T	C	C	C	G	G	A	C	-	-	-	-	-	-	-	-	-	C	C	C	C	A	G	A	-	-	-	-	-	-	-	-	-	-	-	-	-	C	G	G	C	C	C	G	C	A	T	C	T	T	C	C	C	A	T	C	-	-	-	-	-	-	-	-	-	-	-	-	-	-	-	-	-	-	-	-	-	-	-	-	-	-	-	-	-	-	-	-	-	-	-	-	-	-	-	-	-	-	-	-	-	-	-	-	-	-	-	-	-	-	-	-	-	-	-	-	-	-	-	-	-	-	-	-	-	-	-	-	-	-	-	-	-	-	-	-	-	-	-	-	-	-	-	-	-	-	-	-	-	-	-	-	-	-	-	-	-	-	-	-	-	-	-	-	-	-	-	-	-	-	-	-	-	C	A	G	-	-	A	-	-	-	-	-	-	-	-	-	-	-	-	-	-	C	A	G	C	C	-	-	-	-	-	-	-	-	-	-	-	-	-	-	-	-	-	-	G	A	G	C	T	C	G	-	-	-	-	-	-	C	T	C	C	G	G	A	A	-	-	-	-	-	-	-	-	-	-	-	-	-	-	-	-	C	T	T	G	-	-	-	-	-	-	-	-	T	G	A	T	C	T	C	C	A	A	T	G	A	C	C	A	A	A	C	G	A	C	C	-	-	-	-	-	-	T	T	C	-	-	-	-	-	-	-	-	-	-	-	-	-	-	-	T	G	-	-	C	C	A	C	T	G	A	-	-	-	-	-	-	-	-	-	-	-	-	-	-	-	-	-	-	-	-	-	-	-	-	-	-	-	-	-	-	-	-	-	-	-	-	-	-	-	-	-	-	-	-	-	-	-	-	-	-	-	-	-	-	-	-	-	-	-	-	-	-	-	-	-	-	-	-	-	-	-	-	-	-	-	-	-	-	-	-	-	-	-	-	-	-	-	-	Chordata	Mammalia	Artiodactyla	Suidae	Sus	9.1	2.4	6.7	Polyphasic	nocturnal	86.25	180	117	0.736263736263736	0.263736263736264	2.08695652173913
capra_hircus	-	-	-	-	-	-	-	-	-	-	-	-	-	-	-	-	-	-	-	-	-	-	-	-	-	-	-	-	-	-	-	-	-	-	-	-	-	-	-	-	-	-	-	-	-	-	-	-	-	-	-	-	-	-	-	-	-	-	-	-	-	-	-	-	-	-	-	-	-	-	-	-	-	-	-	-	-	-	-	-	-	-	-	-	-	-	-	-	-	-	-	-	-	-	-	-	-	-	-	-	-	-	-	-	-	-	-	-	-	-	-	-	-	-	-	-	-	-	-	-	-	-	-	-	-	-	-	-	-	-	-	-	-	-	-	-	-	-	-	-	-	-	-	-	-	-	-	-	-	-	-	-	-	-	-	-	-	-	-	-	-	-	-	-	-	-	-	-	-	-	-	-	-	-	-	-	-	-	-	-	-	-	-	-	-	-	-	-	-	-	-	-	-	-	-	-	-	-	-	-	-	-	-	-	-	-	-	-	-	-	-	-	-	-	-	-	-	-	-	-	-	-	-	-	-	-	-	-	-	-	-	-	-	-	-	-	-	-	-	-	-	-	-	-	-	-	-	-	-	-	-	-	-	-	-	-	-	-	-	-	-	-	-	-	-	-	-	-	-	-	-	-	-	-	-	-	-	-	-	-	-	-	-	-	-	-	-	-	-	-	-	-	-	-	-	-	-	-	-	-	-	-	-	-	-	-	-	-	-	-	-	-	-	-	-	-	-	-	-	-	-	-	-	-	-	-	-	-	-	-	-	-	-	-	-	-	-	-	-	-	-	-	-	-	-	-	-	-	-	-	-	-	-	-	-	-	-	-	-	-	-	-	-	-	-	-	-	-	-	-	-	-	-	-	-	-	-	-	-	-	-	-	-	-	-	-	-	-	-	-	-	-	-	-	-	-	-	-	-	-	-	-	-	-	-	-	-	-	-	-	-	-	-	-	-	-	-	-	-	-	-	-	-	-	-	-	-	-	-	-	A	T	G	C	A	G	A	C	T	T	C	G	G	C	G	A	G	C	G	T	G	C	G	C	G	C	G	T	T	G	C	A	G	G	C	T	G	C	T	C	T	A	G	A	G	G	G	T	C	T	C	T	G	G	C	T	T	T	C	T	T	C	T	T	C	C	T	T	C	C	A	G	C	A	C	T	T	C	C	C	A	A	C	C	T	C	A	T	T	G	C	T	C	A	G	T	A	T	G	A	A	G	G	C	G	C	T	C	A	G	C	C	C	G	G	T	T	C	G	C	-	-	-	-	-	-	-	-	-	G	G	C	T	G	C	T	A	C	G	A	G	G	C	G	G	T	G	T	G	C	T	G	C	C	T	G	T	C	G	G	A	A	C	G	C	A	G	C	C	T	-	-	-	-	G	G	C	C	A	T	C	G	C	G	C	G	C	G	G	C	C	G	T	-	-	-	G	G	C	A	A	G	A	G	C	C	C	G	G	C	C	G	C	C	G	A	G	G	A	G	C	C	G	C	T	G	A	G	C	C	T	G	C	T	T	G	A	C	G	A	C	A	T	G	A	A	C	C	A	C	T	G	C	T	A	C	T	C	G	C	G	G	C	T	G	A	G	G	G	A	A	C	T	G	G	T	A	C	C	C	G	G	A	G	T	C	C	C	G	C	G	A	G	G	C	A	C	T	C	A	G	C	T	T	A	G	C	C	A	G	G	T	G	G	A	A	A	T	C	C	T	G	C	A	G	C	G	C	G	T	C	A	T	C	G	A	C	T	A	C	A	T	C	C	T	C	G	A	C	C	T	G	C	A	G	G	T	G	G	T	C	C	T	-	-	-	G	-	-	-	-	-	-	-	-	-	-	-	-	-	-	-	-	-	-	-	-	-	-	-	-	-	-	-	-	-	-	-	-	-	-	-	-	-	-	-	-	-	-	-	-	-	-	-	-	-	-	-	-	-	-	-	-	-	-	-	-	-	-	-	-	-	-	-	-	-	-	-	-	-	-	-	-	-	-	-	-	-	-	-	-	-	-	-	-	-	-	-	-	-	-	-	-	G	C	C	G	A	G	-	-	-	-	-	-	-	-	-	-	-	-	-	-	-	-	-	-	-	-	-	-	-	-	-	-	-	-	-	-	-	-	C	C	G	G	C	-	-	-	C	C	C	T	G	G	G	C	-	-	-	-	-	-	-	-	-	C	C	C	C	A	G	A	-	-	-	-	-	-	-	-	-	-	-	-	-	C	G	G	C	C	C	T	C	A	T	C	T	T	C	C	C	A	T	C	-	-	-	-	-	-	-	-	-	-	-	-	-	-	-	-	-	-	-	-	-	-	-	-	-	-	-	-	-	-	-	-	-	-	-	-	-	-	-	-	-	-	-	-	-	-	-	-	-	-	-	-	-	-	-	-	-	-	-	-	-	-	-	-	-	-	-	-	-	-	-	-	-	-	-	-	-	-	-	-	-	-	-	-	-	-	-	-	-	-	-	-	-	-	-	-	-	-	-	-	-	-	-	-	-	-	-	-	-	-	-	-	-	-	-	-	-	C	A	G	-	-	A	-	-	-	-	-	-	-	-	-	-	-	-	-	-	C	A	G	C	C	-	-	-	-	-	-	-	-	-	-	-	-	-	-	-	-	-	-	G	A	G	C	T	C	G	-	-	-	-	-	-	C	T	C	C	G	G	A	A	-	-	-	-	-	-	-	-	-	-	-	-	-	-	-	-	C	T	T	G	-	-	-	-	-	-	-	-	T	C	A	T	C	T	C	C	A	A	G	G	A	C	C	A	A	A	G	G	A	G	C	-	-	-	-	-	-	T	T	C	-	-	-	-	-	-	-	-	-	-	-	-	-	-	-	T	G	-	-	C	C	A	C	T	G	A	-	-	-	-	-	-	-	-	-	-	-	-	-	-	-	-	-	-	-	-	-	-	-	-	-	-	-	-	-	-	-	-	-	-	-	-	-	-	-	-	-	-	-	-	-	-	-	-	-	-	-	-	-	-	-	-	-	-	-	-	-	-	-	-	-	-	-	-	-	-	-	-	-	-	-	-	-	-	-	-	-	-	-	-	-	-	-	-	Chordata	Mammalia	Artiodactyla	Bovidae	Capra	5.4	0.7	4.7	Monophasic	diurnal	29	115	163.9	0.87037037037037	0.12962962962963	3.96551724137931
bos_taurus	-	-	-	-	-	-	-	-	-	-	-	-	-	-	-	-	-	-	-	-	-	-	-	-	-	-	-	-	-	-	-	-	-	-	-	-	-	-	-	-	-	-	-	-	-	-	-	-	-	-	-	-	-	-	-	-	-	-	-	-	-	-	-	-	-	-	-	-	-	-	-	-	-	-	-	-	-	-	-	-	-	-	-	-	-	-	-	-	-	-	-	-	-	-	-	-	-	-	-	-	-	-	-	-	-	-	-	-	-	-	-	-	-	-	-	-	-	-	-	-	-	-	-	-	-	-	-	-	-	-	-	-	-	-	-	-	-	-	-	-	-	-	-	-	-	-	-	-	-	-	-	-	-	-	-	-	-	-	-	-	-	-	-	-	-	-	-	-	-	-	-	-	-	-	-	-	-	-	-	-	-	-	-	-	-	-	-	-	-	-	-	-	-	-	-	-	-	-	-	-	-	-	-	-	-	-	-	-	-	-	-	-	-	-	-	-	-	-	-	-	-	-	-	-	-	-	-	-	-	-	-	-	-	-	-	-	-	-	-	-	-	-	-	-	-	-	-	-	-	-	-	-	-	-	-	-	-	-	-	-	-	-	-	-	-	-	-	-	-	-	-	-	-	-	-	-	-	-	-	-	-	-	-	-	-	-	-	-	-	-	-	-	-	-	-	-	-	-	-	-	-	-	-	-	-	-	-	-	-	-	-	-	-	-	-	-	-	-	-	-	-	-	-	-	-	-	-	-	-	-	-	-	-	-	-	-	-	-	-	-	-	-	-	-	-	-	-	-	-	-	-	-	-	-	-	-	-	-	-	-	-	-	-	-	-	-	-	-	-	-	-	-	-	-	-	-	-	-	-	-	-	-	-	-	-	-	-	-	-	-	-	-	-	-	-	-	-	-	-	-	-	-	-	-	-	-	-	-	-	-	-	-	-	-	-	-	-	-	-	-	-	-	-	-	-	-	-	-	-	-	-	-	-	-	-	-	-	-	-	-	-	-	-	-	-	-	-	-	-	-	-	-	-	-	-	-	-	-	-	-	-	-	-	-	-	-	-	-	-	-	-	-	-	-	-	-	-	-	-	-	-	-	-	-	-	-	-	-	-	-	-	-	-	-	-	-	-	-	-	-	-	-	-	-	-	-	-	-	-	-	-	-	-	-	-	-	-	-	-	-	-	-	-	-	-	-	A	T	G	A	A	G	G	C	G	C	T	C	A	G	C	C	C	G	G	T	T	C	G	C	-	-	-	-	-	-	-	-	-	G	G	C	T	G	C	T	A	C	G	A	G	G	C	G	G	T	A	T	G	C	T	G	C	C	T	G	T	C	G	G	A	A	C	G	C	A	G	C	C	T	-	-	-	-	G	G	C	C	A	T	C	G	C	G	C	G	G	G	G	C	C	G	T	-	-	-	G	G	C	A	A	G	A	G	C	C	C	G	G	C	C	G	C	C	G	A	G	G	A	G	C	C	G	C	T	G	A	G	C	C	T	G	C	T	T	G	A	C	G	A	C	A	T	G	A	A	C	C	A	C	T	G	C	T	A	C	T	C	G	C	G	A	C	T	G	A	G	G	G	A	A	C	T	G	G	T	A	C	C	C	G	G	A	G	T	C	C	C	G	C	G	A	G	G	C	A	C	T	C	A	G	C	T	T	A	G	C	C	A	G	G	T	G	G	A	A	A	T	C	C	T	G	C	A	G	C	G	C	G	T	C	A	T	C	G	A	C	T	A	C	A	T	C	C	T	C	G	A	C	C	T	G	C	A	G	G	T	G	G	T	C	C	T	-	-	-	G	-	-	-	-	-	-	-	-	-	-	-	-	-	-	-	-	-	-	-	-	-	-	-	-	-	-	-	-	-	-	-	-	-	-	-	-	-	-	-	-	-	-	-	-	-	-	-	-	-	-	-	-	-	-	-	-	-	-	-	-	-	-	-	-	-	-	-	-	-	-	-	-	-	-	-	-	-	-	-	-	-	-	-	-	-	-	-	-	-	-	-	-	-	-	-	-	G	C	C	G	A	G	-	-	-	-	-	-	-	-	-	-	-	-	-	-	-	-	-	-	-	-	-	-	-	-	-	-	-	-	-	-	-	-	C	C	G	G	C	-	-	-	C	C	C	T	G	G	G	C	-	-	-	-	-	-	-	-	-	C	C	C	C	A	G	A	-	-	-	-	-	-	-	-	-	-	-	-	-	C	G	G	C	C	C	G	C	A	T	C	T	T	C	C	C	A	T	C	-	-	-	-	-	-	-	-	-	-	-	-	-	-	-	-	-	-	-	-	-	-	-	-	-	-	-	-	-	-	-	-	-	-	-	-	-	-	-	-	-	-	-	-	-	-	-	-	-	-	-	-	-	-	-	-	-	-	-	-	-	-	-	-	-	-	-	-	-	-	-	-	-	-	-	-	-	-	-	-	-	-	-	-	-	-	-	-	-	-	-	-	-	-	-	-	-	-	-	-	-	-	-	-	-	-	-	-	-	-	-	-	-	-	-	-	-	C	A	G	-	-	A	-	-	-	-	-	-	-	-	-	-	-	-	-	-	C	A	G	C	T	-	-	-	-	-	-	-	-	-	-	-	-	-	-	-	-	-	-	G	A	G	C	T	C	G	-	-	-	-	-	-	C	T	C	C	G	G	A	A	-	-	-	-	-	-	-	-	-	-	-	-	-	-	-	-	C	T	T	G	-	-	-	-	-	-	-	-	T	G	A	T	C	T	C	C	A	A	C	G	A	C	C	A	A	A	G	G	A	G	C	-	-	-	-	-	-	T	T	C	-	-	-	-	-	-	-	-	-	-	-	-	-	-	-	T	G	-	-	C	C	A	C	T	G	A	-	-	-	-	-	-	-	-	-	-	-	-	-	-	-	-	-	-	-	-	-	-	-	-	-	-	-	-	-	-	-	-	-	-	-	-	-	-	-	-	-	-	-	-	-	-	-	-	-	-	-	-	-	-	-	-	-	-	-	-	-	-	-	-	-	-	-	-	-	-	-	-	-	-	-	-	-	-	-	-	-	-	-	-	-	-	-	-	Chordata	Mammalia	Artiodactyla	Bovidae	Bos	4	0.8	3.2	Monophasic	diurnal	600	423	280.7	0.8	0.2	0.705
moschus_moschiferus	-	-	-	-	-	-	-	-	-	-	-	-	-	-	-	-	-	-	-	-	-	-	-	-	-	-	-	-	-	-	-	-	-	-	-	-	-	-	-	-	-	-	-	-	-	-	-	-	-	-	-	-	-	-	-	-	-	-	-	-	-	-	-	-	-	-	-	-	-	-	-	-	-	-	-	-	-	-	-	-	-	-	-	-	-	-	-	-	-	-	-	-	-	-	-	-	-	-	-	-	-	-	-	-	-	-	-	-	-	-	-	-	-	-	-	-	-	-	-	-	-	-	-	-	-	-	-	-	-	-	-	-	-	-	-	-	-	-	-	-	-	-	-	-	-	-	-	-	-	-	-	-	-	-	-	-	-	-	-	-	-	-	-	-	-	-	-	-	-	-	-	-	-	-	-	-	-	-	-	-	-	-	-	-	-	-	-	-	-	-	-	-	-	-	-	-	-	-	-	-	-	-	-	-	-	-	-	-	-	-	-	-	-	-	-	-	-	-	-	-	-	-	-	-	-	-	-	-	-	-	-	-	-	-	-	-	-	-	-	-	-	-	-	-	-	-	-	-	-	-	-	-	-	-	-	-	-	-	-	-	-	-	-	-	-	-	-	-	-	-	-	-	-	-	-	-	-	-	-	-	-	-	-	-	-	-	-	-	-	-	-	-	-	-	-	-	-	-	-	-	-	-	-	-	-	-	-	-	-	-	-	-	-	-	-	-	-	-	-	-	-	-	-	-	-	-	-	-	-	-	-	-	-	-	-	-	-	-	-	-	-	-	-	-	-	-	-	-	-	-	-	-	-	-	-	-	-	-	-	-	-	-	-	-	-	-	-	-	-	-	-	-	-	-	-	-	-	-	-	-	-	-	-	-	-	-	-	-	-	-	-	-	-	-	-	-	-	-	-	-	-	-	-	-	-	-	-	-	-	-	-	-	-	-	-	-	-	-	-	-	-	-	-	-	-	-	-	-	-	-	-	-	-	-	-	-	-	-	-	-	-	-	-	-	-	-	-	-	-	-	-	-	-	-	-	-	-	-	-	-	-	-	-	-	-	-	-	-	-	-	-	-	-	-	-	-	-	-	-	-	-	-	-	-	-	-	-	-	-	-	-	-	-	-	-	-	-	-	-	-	-	-	-	-	-	-	-	-	-	-	-	-	-	-	-	-	-	-	-	-	-	-	-	-	-	-	A	T	G	A	A	G	G	C	G	C	T	C	A	G	C	C	C	G	G	T	G	C	G	C	-	-	-	-	-	-	-	-	-	G	G	C	T	G	C	T	A	C	G	A	G	G	C	G	G	T	G	T	G	C	T	G	C	C	T	G	T	C	G	G	A	A	C	G	A	A	G	C	C	T	-	-	-	-	G	G	C	C	A	T	C	G	C	G	C	G	G	G	G	C	C	G	T	-	-	-	G	G	C	A	A	G	A	G	C	C	C	G	G	C	C	G	C	C	G	A	G	G	A	G	C	C	G	C	T	G	A	G	C	C	T	G	C	T	T	G	A	C	G	A	C	A	T	G	A	A	C	C	A	C	T	G	C	T	A	C	T	C	G	C	G	G	C	T	G	A	G	G	G	A	A	C	T	G	G	T	A	C	C	C	G	G	A	G	T	C	C	C	G	C	G	A	G	G	C	A	C	T	C	A	G	C	T	T	A	G	C	C	A	G	G	T	G	G	A	A	A	T	C	C	T	G	C	A	G	C	G	C	G	T	C	A	T	C	G	A	C	T	A	C	A	T	C	C	T	C	G	A	C	C	T	G	C	A	G	G	T	G	G	T	C	C	T	-	-	-	G	-	-	-	-	-	-	-	-	-	-	-	-	-	-	-	-	-	-	-	-	-	-	-	-	-	-	-	-	-	-	-	-	-	-	-	-	-	-	-	-	-	-	-	-	-	-	-	-	-	-	-	-	-	-	-	-	-	-	-	-	-	-	-	-	-	-	-	-	-	-	-	-	-	-	-	-	-	-	-	-	-	-	-	-	-	-	-	-	-	-	-	-	-	-	-	-	G	C	C	G	A	G	-	-	-	-	-	-	-	-	-	-	-	-	-	-	-	-	-	-	-	-	-	-	-	-	-	-	-	-	-	-	-	-	C	C	G	G	C	-	-	-	C	C	C	T	G	G	G	C	-	-	-	-	-	-	-	-	-	C	T	C	C	A	G	A	-	-	-	-	-	-	-	-	-	-	-	-	-	C	G	G	C	C	C	G	C	A	T	C	T	T	C	C	C	A	T	C	-	-	-	-	-	-	-	-	-	-	-	-	-	-	-	-	-	-	-	-	-	-	-	-	-	-	-	-	-	-	-	-	-	-	-	-	-	-	-	-	-	-	-	-	-	-	-	-	-	-	-	-	-	-	-	-	-	-	-	-	-	-	-	-	-	-	-	-	-	-	-	-	-	-	-	-	-	-	-	-	-	-	-	-	-	-	-	-	-	-	-	-	-	-	-	-	-	-	-	-	-	-	-	-	-	-	-	-	-	-	-	-	-	-	-	-	-	C	A	G	-	-	A	-	-	-	-	-	-	-	-	-	-	-	-	-	-	C	A	G	C	C	-	-	-	-	-	-	-	-	-	-	-	-	-	-	-	-	-	-	G	A	G	C	T	C	G	-	-	-	-	-	-	C	T	C	C	G	G	A	A	-	-	-	-	-	-	-	-	-	-	-	-	-	-	-	-	C	T	T	G	-	-	-	-	-	-	-	-	T	G	A	T	C	T	C	C	A	A	C	G	A	C	C	A	A	A	G	G	A	G	C	-	-	-	-	-	-	T	T	C	-	-	-	-	-	-	-	-	-	-	-	-	-	-	-	T	G	-	-	C	C	A	C	T	G	A	-	-	-	-	-	-	-	-	-	-	-	-	-	-	-	-	-	-	-	-	-	-	-	-	-	-	-	-	-	-	-	-	-	-	-	-	-	-	-	-	-	-	-	-	-	-	-	-	-	-	-	-	-	-	-	-	-	-	-	-	-	-	-	-	-	-	-	-	-	-	-	-	-	-	-	-	-	-	-	-	-	-	-	-	-	-	-	-	Chordata	Mammalia	Artiodactyla	Moschidae	Moschus	10.24	0.74	9.5		nocturnal	16		167.3	0.927734375	0.072265625	
physeter_catodon	-	-	-	-	-	-	-	-	-	-	-	-	-	-	-	-	-	-	-	-	-	-	-	-	-	-	-	-	-	-	-	-	-	-	-	-	-	-	-	-	-	-	-	-	-	-	-	-	-	-	-	-	-	-	-	-	-	-	-	-	-	-	-	-	-	-	-	-	-	-	-	-	-	-	-	-	-	-	-	-	-	-	-	-	-	-	-	-	-	-	-	-	-	-	-	-	-	-	-	-	-	-	-	-	-	-	-	-	-	-	-	-	-	-	-	-	-	-	-	-	-	-	-	-	-	-	-	-	-	-	-	-	-	-	-	-	-	-	-	-	-	-	-	-	-	-	-	-	-	-	-	-	-	-	-	-	-	-	-	-	-	-	-	-	-	-	-	-	-	-	-	-	-	-	-	-	-	-	-	-	-	-	-	-	-	-	-	-	-	-	-	-	-	-	-	-	-	-	-	-	-	-	-	-	-	-	-	-	-	-	-	-	-	-	-	-	-	-	-	-	-	-	-	-	-	-	-	-	-	-	-	-	-	-	-	-	-	-	-	-	-	-	-	-	-	-	-	-	-	-	-	-	-	-	-	-	-	-	-	-	-	-	-	-	-	-	-	-	-	-	-	-	-	-	-	-	-	-	-	-	-	-	-	-	-	-	-	-	-	-	-	-	-	-	-	-	-	-	-	-	-	-	-	-	-	-	-	-	-	-	-	-	-	-	-	-	-	-	-	-	-	-	-	-	-	-	-	-	G	T	C	T	G	G	A	G	G	T	C	A	G	A	C	G	A	A	C	A	G	C	A	A	A	T	T	G	G	G	G	A	A	C	A	A	G	G	C	G	G	C	A	C	T	A	A	T	T	C	C	T	T	A	C	A	A	G	T	T	T	C	C	C	T	T	G	A	-	-	A	A	A	A	T	C	T	T	T	T	G	C	T	T	A	C	C	A	A	A	G	A	A	A	A	A	A	A	A	A	A	A	A	A	G	C	-	-	-	-	-	-	-	-	-	-	-	-	-	-	-	-	-	-	-	-	-	-	-	-	-	-	-	-	-	-	-	-	-	-	-	-	-	-	-	-	-	-	-	-	-	-	-	-	-	-	-	-	T	T	C	T	T	T	G	C	T	G	T	T	C	G	G	G	G	A	T	T	T	-	A	C	G	A	C	C	T	C	G	G	-	-	-	-	-	-	-	-	A	A	G	A	C	T	G	C	G	C	T	G	A	G	C	C	C	G	G	T	G	C	G	C	-	-	-	-	-	-	-	-	-	G	G	C	T	G	C	T	A	C	G	A	G	G	C	G	G	T	G	T	G	C	T	G	C	C	T	G	T	C	G	G	A	A	C	G	C	A	G	C	C	T	-	-	-	-	G	G	C	C	A	T	C	G	C	G	C	G	G	G	G	C	C	G	C	-	-	-	G	G	C	A	A	G	A	G	C	C	C	G	G	C	A	G	C	T	G	A	G	G	A	G	C	C	G	C	T	G	A	G	C	C	T	G	C	T	T	G	A	C	G	A	C	A	T	G	A	A	C	C	A	C	T	G	C	T	A	C	T	C	G	C	G	T	C	T	G	C	G	G	G	A	A	C	T	G	G	T	A	C	C	C	G	G	A	G	T	C	C	C	G	C	G	A	G	G	C	A	C	T	C	A	G	C	T	T	A	G	C	C	A	G	G	T	G	G	A	A	A	T	C	C	T	G	C	A	A	C	G	C	G	T	C	A	T	C	G	A	C	T	A	C	A	T	C	C	T	C	G	A	C	C	T	T	C	A	G	G	T	G	G	T	C	C	T	-	-	-	G	-	-	-	-	-	-	-	-	-	-	-	-	-	-	-	-	-	-	-	-	-	-	-	-	-	-	-	-	-	-	-	-	-	-	-	-	-	-	-	-	-	-	-	-	-	-	-	-	-	-	-	-	-	-	-	-	-	-	-	-	-	-	-	-	-	-	-	-	-	-	-	-	-	-	-	-	-	-	-	-	-	-	-	-	-	-	-	-	-	-	-	-	-	-	-	-	G	C	C	G	A	G	-	-	-	-	-	-	-	-	-	-	-	-	-	-	-	-	-	-	-	-	-	-	-	-	-	-	-	-	-	-	-	-	C	C	C	G	C	-	-	-	T	C	C	T	G	G	A	C	-	-	-	-	-	-	-	-	-	C	C	C	C	A	G	A	-	-	-	-	-	-	-	-	-	-	-	-	-	C	G	G	C	C	C	G	C	A	T	C	T	T	C	C	C	A	T	C	-	-	-	-	-	-	-	-	-	-	-	-	-	-	-	-	-	-	-	-	-	-	-	-	-	-	-	-	-	-	-	-	-	-	-	-	-	-	-	-	-	-	-	-	-	-	-	-	-	-	-	-	-	-	-	-	-	-	-	-	-	-	-	-	-	-	-	-	-	-	-	-	-	-	-	-	-	-	-	-	-	-	-	-	-	-	-	-	-	-	-	-	-	-	-	-	-	-	-	-	-	-	-	-	-	-	-	-	-	-	-	-	-	-	-	-	-	C	A	G	G	T	G	-	-	-	-	-	-	-	-	-	-	-	-	-	-	C	G	C	G	T	-	-	-	-	-	-	-	-	-	-	-	-	-	-	-	-	-	-	G	G	G	C	G	T	G	-	-	-	-	-	-	C	T	-	T	G	G	A	G	-	-	-	-	-	-	-	-	-	-	-	-	-	-	-	-	C	A	G	G	G	G	C	G	G	G	G	C	T	G	A	G	C	T	C	C	A	-	-	G	G	G	C	T	G	G	G	A	T	G	C	-	-	-	-	-	-	T	G	C	-	-	-	-	-	-	-	-	-	-	-	-	-	-	-	G	G	G	A	C	C	C	C	T	A	G	-	-	-	-	-	-	-	-	-	-	-	-	-	-	-	-	-	-	-	-	-	-	-	-	-	-	-	-	-	-	-	-	-	-	-	-	-	-	-	-	-	-	-	-	-	-	-	-	-	-	-	-	-	-	-	-	-	-	-	-	-	-	-	-	-	-	-	-	-	-	-	-	-	-	-	-	-	-	-	-	-	-	-	-	-	-	-	-	Chordata	Mammalia	Artiodactyla	Physeteridae	Physeter	1.68										
delphinapterus_leucas	-	-	-	-	-	-	-	-	-	-	-	-	-	-	-	-	-	-	-	-	-	-	-	-	-	-	-	-	-	-	-	-	-	-	-	-	-	-	-	-	-	-	-	-	-	-	-	-	-	-	-	-	-	-	-	-	-	-	-	-	-	-	-	-	-	-	-	-	-	-	-	-	-	-	-	-	-	-	-	-	-	-	-	-	-	-	-	-	-	-	-	-	-	-	-	-	-	-	-	-	-	-	-	-	-	-	-	-	-	-	-	-	-	-	-	-	-	-	-	-	-	-	-	-	-	-	-	-	-	-	-	-	-	-	-	-	-	-	-	-	-	-	-	-	-	-	-	-	-	-	-	-	-	-	-	-	-	-	-	-	-	-	-	-	-	-	-	-	-	-	-	-	-	-	-	-	-	-	-	-	-	-	-	-	-	-	-	-	-	-	-	-	-	-	-	-	-	-	-	-	-	A	T	G	G	T	T	T	T	A	A	G	T	G	A	T	T	T	T	T	T	A	A	A	T	C	C	T	T	T	C	T	G	G	C	A	A	A	G	A	G	G	C	C	C	G	C	C	T	C	T	C	C	T	C	T	G	C	A	T	C	A	G	C	G	C	T	T	C	C	T	C	A	T	T	C	T	T	T	G	A	A	T	C	C	G	C	G	G	C	T	C	C	G	C	G	G	T	A	T	T	C	G	G	C	G	T	C	A	G	A	C	C	C	G	C	C	A	G	A	G	G	A	C	G	C	C	T	G	T	T	T	G	C	A	A	T	T	T	A	C	C	C	G	G	G	C	T	G	T	G	A	A	C	G	C	C	C	A	G	G	G	T	C	G	A	C	G	G	A	G	G	C	G	G	G	G	C	C	A	A	G	G	A	G	G	G	C	T	G	T	T	T	T	G	C	A	T	A	A	A	G	G	G	G	C	G	T	G	C	C	T	T	C	C	A	G	G	C	G	G	G	C	T	C	T	A	T	A	A	C	T	G	C	G	G	A	T	C	T	C	C	G	T	G	A	G	A	G	T	G	C	G	C	G	C	G	T	T	G	C	T	A	G	C	T	G	C	T	C	A	A	G	G	G	G	T	T	C	T	T	T	G	G	C	T	T	T	T	T	T	T	C	T	T	C	T	T	T	C	G	G	C	A	C	T	T	-	C	C	A	A	C	C	T	C	A	T	T	C	C	T	C	A	A	T	A	T	G	A	A	G	G	C	G	C	T	G	A	G	C	C	C	G	G	T	G	C	G	T	-	-	-	-	-	-	-	-	-	G	G	C	T	G	C	T	A	C	G	A	G	G	C	G	G	T	G	T	G	C	T	G	C	C	T	G	T	C	G	G	A	A	C	G	C	A	G	C	C	T	-	-	-	-	G	G	C	C	A	T	C	G	C	G	C	G	G	G	G	C	C	G	C	-	-	-	G	G	C	A	A	G	A	G	C	C	C	G	G	C	A	G	C	T	G	A	G	G	A	G	C	C	G	C	T	G	A	G	C	C	T	G	C	T	T	G	A	C	G	A	C	A	T	G	A	A	C	C	A	C	T	G	C	T	A	C	T	C	G	C	G	T	C	T	G	C	G	G	G	A	A	C	T	G	G	T	A	C	C	C	G	G	A	G	T	C	C	C	G	C	G	A	G	G	C	A	C	T	C	A	G	C	T	T	A	G	C	C	A	G	G	T	G	G	A	A	A	T	C	C	T	G	C	A	G	C	G	C	G	T	C	A	T	C	G	A	C	T	A	C	A	T	C	C	T	C	G	A	C	C	T	T	C	A	G	G	T	G	G	T	C	C	T	-	-	-	G	-	-	-	-	-	-	-	-	-	-	-	-	-	-	-	-	-	-	-	-	-	-	-	-	-	-	-	-	-	-	-	-	-	-	-	-	-	-	-	-	-	-	-	-	-	-	-	-	-	-	-	-	-	-	-	-	-	-	-	-	-	-	-	-	-	-	-	-	-	-	-	-	-	-	-	-	-	-	-	-	-	-	-	-	-	-	-	-	-	-	-	-	-	-	-	-	G	C	C	G	A	G	-	-	-	-	-	-	-	-	-	-	-	-	-	-	-	-	-	-	-	-	-	-	-	-	-	-	-	-	-	-	-	-	C	C	C	G	C	-	-	-	T	C	C	T	G	G	A	C	-	-	-	-	-	-	-	-	-	C	C	C	C	A	G	A	-	-	-	-	-	-	-	-	-	-	-	-	-	C	G	G	C	C	C	G	C	A	T	C	T	T	C	C	C	A	T	C	-	-	-	-	-	-	-	-	-	-	-	-	-	-	-	-	-	-	-	-	-	-	-	-	-	-	-	-	-	-	-	-	-	-	-	-	-	-	-	-	-	-	-	-	-	-	-	-	-	-	-	-	-	-	-	-	-	-	-	-	-	-	-	-	-	-	-	-	-	-	-	-	-	-	-	-	-	-	-	-	-	-	-	-	-	-	-	-	-	-	-	-	-	-	-	-	-	-	-	-	-	-	-	-	-	-	-	-	-	-	-	-	-	-	-	-	-	C	A	G	-	-	A	-	-	-	-	-	-	-	-	-	-	-	-	-	-	C	A	G	C	C	-	-	-	-	-	-	-	-	-	-	-	-	-	-	-	-	-	-	G	A	G	C	T	T	G	-	-	-	-	-	-	C	T	C	C	G	G	A	A	-	-	-	-	-	-	-	-	-	-	-	-	-	-	-	-	C	T	T	G	-	-	-	-	-	-	-	-	T	G	A	T	C	T	C	C	A	A	C	G	A	C	C	A	A	A	G	G	A	G	C	-	-	-	-	-	-	T	T	C	-	-	-	-	-	-	-	-	-	-	-	-	-	-	-	T	G	-	-	C	C	A	C	T	G	A	-	-	-	-	-	-	-	-	-	-	-	-	-	-	-	-	-	-	-	-	-	-	-	-	-	-	-	-	-	-	-	-	-	-	-	-	-	-	-	-	-	-	-	-	-	-	-	-	-	-	-	-	-	-	-	-	-	-	-	-	-	-	-	-	-	-	-	-	-	-	-	-	-	-	-	-	-	-	-	-	-	-	-	-	-	-	-	-	Chordata	Mammalia	Artiodactyla	Monodontidae	Delphinapterus	8				diurnal						
tursiops_truncatus	-	-	-	-	-	-	-	-	-	-	-	-	-	-	-	-	-	-	-	-	-	-	-	-	-	-	-	-	-	-	-	-	-	-	-	-	-	-	-	-	-	-	-	-	-	-	-	-	-	-	-	-	-	-	-	-	-	-	-	-	-	-	-	-	-	-	-	-	-	-	-	-	-	-	-	-	-	-	-	-	-	-	-	-	-	-	-	-	-	-	-	-	-	-	-	-	-	-	-	-	-	-	-	-	-	-	-	-	-	-	-	-	-	-	-	-	-	-	-	-	-	-	-	-	-	-	-	-	-	-	-	-	-	-	-	-	-	-	-	-	-	-	-	-	-	-	-	-	-	-	-	-	-	-	-	-	-	-	-	-	-	-	-	-	-	-	-	-	-	-	-	-	-	-	-	-	-	-	-	-	-	-	-	-	-	-	-	-	-	-	-	-	-	-	-	-	-	-	-	-	-	-	-	-	-	-	-	-	-	-	-	-	-	-	-	-	-	-	-	-	-	-	-	-	-	-	-	-	-	-	-	-	-	-	-	-	-	-	-	-	-	-	-	-	-	-	-	-	-	-	-	-	-	-	-	-	-	-	-	-	-	-	-	-	-	-	-	-	-	-	-	-	-	-	-	-	-	-	-	-	-	-	-	-	-	-	-	-	-	-	-	-	-	-	-	-	-	-	-	-	-	-	-	-	-	-	-	-	-	-	-	-	-	-	-	-	-	-	-	-	-	-	-	-	-	-	-	-	-	-	-	-	-	-	-	-	-	-	-	-	-	-	-	-	-	-	-	-	-	-	-	-	-	-	-	-	-	-	-	-	-	-	-	-	-	-	-	-	-	-	-	-	-	-	-	-	-	-	-	-	-	-	-	-	-	-	-	-	-	-	-	-	-	-	-	-	-	-	-	-	-	-	-	-	-	-	-	-	-	-	-	-	-	-	-	-	-	-	-	-	-	-	-	-	-	-	-	-	-	-	-	-	-	-	-	-	-	-	-	-	-	-	-	-	-	-	-	-	-	-	-	-	-	-	-	-	-	-	-	-	-	-	-	-	-	-	-	-	-	-	-	-	-	-	-	-	-	-	-	-	-	-	-	-	-	-	-	-	-	-	-	-	-	-	-	-	-	-	-	-	-	-	-	-	-	-	-	-	-	-	-	-	-	-	-	-	-	-	-	-	-	-	-	-	-	-	A	T	G	A	A	G	G	C	G	C	T	G	A	G	C	C	C	G	G	T	G	C	G	C	-	-	-	-	-	-	-	-	-	G	G	C	T	G	C	T	A	C	G	A	G	G	C	G	G	T	G	T	G	C	T	G	C	C	T	G	T	C	G	G	A	A	C	G	C	A	G	C	C	T	-	-	-	-	G	G	C	C	A	T	C	G	C	G	C	G	G	G	G	C	C	G	C	-	-	-	G	G	C	A	A	G	A	G	C	C	C	G	G	C	A	G	C	T	G	A	G	G	A	G	C	C	G	C	T	G	A	G	C	C	T	G	C	T	T	G	A	C	G	A	C	A	T	G	A	A	C	C	A	C	T	G	C	T	A	C	T	C	G	C	G	T	C	T	G	C	G	G	G	A	A	C	T	G	G	T	A	C	C	C	G	G	A	G	T	C	C	C	G	C	G	A	G	G	C	A	C	T	C	A	G	C	T	T	A	G	C	C	A	G	G	T	G	G	A	A	A	T	C	C	T	G	C	A	G	C	G	C	G	T	C	A	T	C	G	A	C	T	A	C	A	T	C	C	T	C	G	A	C	C	T	T	C	A	G	G	T	G	G	T	C	C	T	-	-	-	G	-	-	-	-	-	-	-	-	-	-	-	-	-	-	-	-	-	-	-	-	-	-	-	-	-	-	-	-	-	-	-	-	-	-	-	-	-	-	-	-	-	-	-	-	-	-	-	-	-	-	-	-	-	-	-	-	-	-	-	-	-	-	-	-	-	-	-	-	-	-	-	-	-	-	-	-	-	-	-	-	-	-	-	-	-	-	-	-	-	-	-	-	-	-	-	-	G	C	C	G	A	G	-	-	-	-	-	-	-	-	-	-	-	-	-	-	-	-	-	-	-	-	-	-	-	-	-	-	-	-	-	-	-	-	C	C	C	G	C	-	-	-	T	C	C	T	G	G	A	C	-	-	-	-	-	-	-	-	-	C	C	C	C	A	G	A	-	-	-	-	-	-	-	-	-	-	-	-	-	C	G	G	C	C	C	G	C	A	T	C	T	T	C	C	C	A	T	C	-	-	-	-	-	-	-	-	-	-	-	-	-	-	-	-	-	-	-	-	-	-	-	-	-	-	-	-	-	-	-	-	-	-	-	-	-	-	-	-	-	-	-	-	-	-	-	-	-	-	-	-	-	-	-	-	-	-	-	-	-	-	-	-	-	-	-	-	-	-	-	-	-	-	-	-	-	-	-	-	-	-	-	-	-	-	-	-	-	-	-	-	-	-	-	-	-	-	-	-	-	-	-	-	-	-	-	-	-	-	-	-	-	-	-	-	-	C	A	G	-	-	A	-	-	-	-	-	-	-	-	-	-	-	-	-	-	C	A	G	C	T	-	-	-	-	-	-	-	-	-	-	-	-	-	-	-	-	-	-	G	A	G	C	T	T	G	-	-	-	-	-	-	C	T	C	C	G	G	A	A	-	-	-	-	-	-	-	-	-	-	-	-	-	-	-	-	C	T	T	G	-	-	-	-	-	-	-	-	T	G	A	T	C	T	C	C	A	A	C	G	A	C	C	A	A	A	G	G	A	G	C	-	-	-	-	-	-	T	T	C	-	-	-	-	-	-	-	-	-	-	-	-	-	-	-	T	G	-	-	C	C	A	C	T	G	A	-	-	-	-	-	-	-	-	-	-	-	-	-	-	-	-	-	-	-	-	-	-	-	-	-	-	-	-	-	-	-	-	-	-	-	-	-	-	-	-	-	-	-	-	-	-	-	-	-	-	-	-	-	-	-	-	-	-	-	-	-	-	-	-	-	-	-	-	-	-	-	-	-	-	-	-	-	-	-	-	-	-	-	-	-	-	-	-	Chordata	Mammalia	Artiodactyla	Delphinidae	Tursiops	10.4				diurnal	400					
ornithorhynchus_anatinus	T	T	C	C	T	T	A	G	A	C	G	A	A	T	C	C	C	C	C	G	C	A	A	A	T	C	G	G	A	T	T	C	T	T	T	T	C	T	C	T	C	C	G	A	A	A	G	T	T	T	C	C	G	A	G	G	G	T	T	T	C	T	C	C	G	G	C	T	G	G	C	G	G	G	G	A	C	C	C	C	G	C	C	C	G	T	G	C	G	C	C	G	C	C	G	G	G	G	C	C	G	G	A	G	G	A	G	G	C	T	C	C	G	G	G	T	T	G	G	C	G	A	G	G	A	G	G	G	C	G	G	C	G	G	G	G	A	C	A	G	A	G	A	G	A	G	G	C	T	C	T	C	T	G	T	C	G	T	C	A	G	A	G	G	A	G	T	C	T	T	T	C	G	G	G	G	G	A	G	C	G	A	A	A	A	G	G	A	A	A	A	A	C	A	C	A	T	T	T	T	C	A	A	T	T	T	C	A	A	T	C	A	C	T	G	G	C	G	C	G	G	A	G	G	A	G	C	C	G	G	A	G	C	C	C	C	C	G	G	C	C	T	T	C	G	C	G	A	C	C	G	T	A	C	A	G	A	A	A	A	C	A	G	A	G	T	C	T	C	C	C	T	G	T	G	G	T	C	G	G	G	A	A	C	C	C	C	C	G	C	C	C	C	T	T	T	G	G	A	A	G	T	C	G	G	C	G	C	T	T	C	C	T	C	G	T	T	C	T	T	C	C	G	T	C	C	G	G	C	C	A	A	T	G	G	G	G	A	G	C	T	C	G	G	T	A	A	C	G	C	C	T	C	C	G	C	C	C	G	C	C	G	T	T	C	C	G	A	C	C	A	A	T	G	G	G	A	G	G	G	G	G	A	G	G	C	G	G	G	G	A	T	C	T	A	T	T	T	G	C	A	T	A	A	A	G	A	G	G	G	C	G	T	G	T	C	C	G	G	G	A	G	C	A	G	A	G	C	G	C	T	T	A	T	A	A	A	A	G	A	G	T	G	C	G	C	G	C	C	G	C	G	G	G	G	G	C	G	G	G	G	A	G	A	G	C	G	G	G	A	G	C	G	G	C	G	A	C	G	G	C	G	C	G	G	G	G	A	A	G	G	A	C	T	G	G	C	C	C	G	G	G	A	G	C	G	G	C	T	G	G	G	G	G	T	G	A	G	C	G	G	C	G	C	G	-	A	T	G	A	A	G	G	C	C	A	T	C	A	G	C	C	C	C	G	T	C	C	G	T	T	C	G	G	T	G	C	G	C	G	G	C	T	G	C	T	A	C	G	A	G	G	C	C	G	T	G	T	G	C	T	G	C	C	T	G	T	C	G	G	A	G	C	A	G	A	G	C	C	T	-	-	-	-	G	G	C	C	A	T	C	G	C	C	C	G	G	G	G	C	G	G	C	G	G	G	G	G	C	A	A	G	A	G	G	C	C	G	G	C	C	C	T	G	G	A	G	G	A	G	C	C	C	C	T	G	G	G	G	C	T	G	C	T	C	T	A	C	G	A	C	A	T	G	A	A	C	G	G	C	T	G	C	T	A	C	T	C	G	C	G	G	C	T	G	C	G	G	G	A	G	C	T	G	G	T	G	C	C	C	G	G	T	A	T	C	C	C	C	C	G	G	G	G	C	A	C	G	A	C	G	C	T	G	A	G	C	C	A	G	G	T	G	G	A	A	A	T	C	C	T	G	C	A	G	C	A	C	G	T	C	A	T	C	G	A	C	T	A	C	A	T	C	C	T	C	G	A	C	T	T	G	C	A	G	G	G	G	G	C	C	T	T	-	-	-	G	-	-	-	-	-	-	-	-	-	-	-	-	-	-	-	-	-	-	-	-	-	-	-	-	-	-	-	-	-	-	-	-	-	-	-	-	-	-	-	-	-	-	-	-	-	-	-	-	-	-	-	-	-	-	-	-	-	-	-	-	-	-	-	-	-	-	-	-	-	-	-	-	-	-	-	-	-	-	-	-	-	-	-	-	-	-	-	-	-	-	-	-	-	-	-	-	G	A	G	G	A	A	-	-	-	-	-	-	-	-	-	-	-	-	-	-	-	-	-	-	-	-	-	-	-	-	-	-	-	-	-	-	-	-	C	C	G	G	C	-	-	-	G	G	C	G	G	G	C	G	C	G	G	G	A	C	C	C	C	C	C	A	C	G	G	G	-	-	-	-	-	-	-	-	-	-	-	-	-	-	-	-	C	C	C	G	C	T	C	C	T	C	T	C	C	C	T	C	-	-	-	-	-	-	-	-	-	-	-	-	-	-	-	-	-	-	-	-	-	-	-	-	-	-	-	-	-	-	-	-	-	-	-	-	-	-	-	-	-	-	-	-	-	-	-	-	-	-	-	-	-	-	-	-	-	-	-	-	-	-	-	-	-	-	-	-	-	-	-	-	-	-	-	-	-	-	-	-	-	-	-	-	-	-	-	-	-	-	-	-	-	-	-	-	-	-	-	-	-	-	-	-	-	-	-	-	-	-	-	-	-	-	-	-	-	A	A	G	-	-	G	-	-	-	-	-	-	-	-	-	-	-	-	-	-	C	G	G	C	C	-	-	-	-	-	-	-	-	-	-	-	-	-	-	-	-	-	-	G	A	G	C	T	G	G	-	-	-	-	-	-	C	T	T	C	G	G	A	G	-	-	-	-	-	-	-	-	-	-	-	-	-	-	-	-	T	-	-	-	-	-	-	-	-	-	-	-	T	G	T	A	C	T	C	C	G	G	C	G	A	C	G	A	G	A	G	G	C	G	G	-	-	-	-	-	-	T	T	G	-	-	-	-	-	-	-	-	-	-	-	-	-	-	-	T	G	-	-	T	C	C	G	T	G	A	-	-	-	-	-	-	-	-	-	-	-	-	-	-	-	-	-	-	-	-	-	-	-	-	-	-	-	-	-	-	-	-	-	-	-	-	-	-	-	-	-	-	-	-	-	-	-	-	-	-	-	-	-	-	-	-	-	-	-	-	-	-	-	-	-	-	-	-	-	-	-	-	-	-	-	-	-	-	-	-	-	-	-	-	-	-	-	-	Chordata	Mammalia	Monotremata	Ornithorhynchidae	Ornithorhynchus	14.2	8	6.2	Monophasic	diurnal				0.436619718309859	0.563380281690141	
terrapene_carolina_triunguis	-	-	-	-	-	-	-	-	-	-	-	-	-	-	-	-	-	-	-	-	-	-	-	-	-	-	-	-	-	-	-	-	-	-	-	-	-	-	-	-	-	-	-	-	-	-	-	-	-	-	-	-	-	-	-	-	-	-	-	-	-	-	-	-	-	-	-	-	-	-	-	-	-	-	-	-	-	-	-	-	-	-	-	-	-	-	-	-	-	-	-	-	-	-	-	-	-	-	-	-	-	-	-	-	-	-	-	-	-	-	-	-	-	-	-	-	-	-	-	-	-	-	-	-	-	-	-	-	-	-	-	-	-	-	-	-	-	-	-	-	-	-	-	-	-	-	-	-	-	-	-	-	-	-	-	-	-	-	-	-	-	-	-	-	-	-	-	-	-	-	-	-	-	-	-	-	-	-	-	-	-	-	-	-	-	-	-	-	-	-	-	-	-	-	-	-	-	-	-	-	-	-	-	-	-	-	-	-	-	-	-	-	-	-	-	-	-	-	-	-	-	-	-	-	-	-	-	-	-	-	-	-	-	-	-	-	-	-	-	-	-	-	-	-	-	-	-	-	-	-	-	-	-	-	-	-	-	-	-	-	-	-	-	-	-	-	-	-	-	-	-	-	-	-	-	-	-	-	-	-	-	-	-	-	-	-	-	-	-	-	-	-	-	-	-	-	-	-	-	-	-	-	-	-	-	-	-	-	-	-	-	-	-	-	-	-	-	-	-	-	-	-	-	-	-	-	-	-	-	-	-	-	-	-	-	-	-	-	-	-	-	-	-	-	-	-	-	-	-	-	-	-	-	-	-	-	-	-	-	-	-	-	-	-	-	-	-	-	-	-	-	-	-	-	-	-	-	-	-	-	-	-	-	-	-	-	-	-	-	-	-	-	-	-	-	-	-	-	-	-	-	-	-	-	-	-	-	-	-	-	-	-	-	-	-	-	-	-	-	-	-	-	-	-	-	-	-	-	-	-	-	-	-	-	-	-	-	-	-	-	-	-	-	-	-	-	-	-	-	-	-	-	-	-	-	-	-	-	-	-	-	-	-	-	-	-	-	-	-	-	-	-	-	-	-	-	-	-	-	-	-	-	-	-	-	-	-	-	-	-	-	-	-	-	-	-	-	-	-	-	-	-	-	-	-	-	-	-	-	-	-	-	-	-	-	-	-	-	-	-	-	-	-	-	-	-	A	T	G	A	A	A	G	C	C	A	T	C	A	G	C	C	C	G	G	T	G	C	G	G	T	C	C	G	T	C	A	G	G	A	G	C	T	G	C	T	A	C	G	A	A	G	C	C	G	T	G	T	G	C	T	G	C	C	T	G	T	C	G	G	A	C	C	A	G	A	G	C	C	T	-	-	-	-	G	G	C	C	A	T	C	G	C	C	C	G	G	G	G	C	A	G	C	C	C	C	G	G	C	A	A	G	A	G	C	C	C	G	G	C	G	C	T	G	G	A	G	G	A	G	C	C	C	A	T	G	A	G	C	C	T	G	C	T	C	T	A	C	G	A	C	A	T	G	A	A	C	G	A	T	T	G	C	T	A	C	T	C	C	A	A	G	C	T	G	C	G	C	G	A	G	C	T	G	G	T	G	C	C	G	G	G	C	A	T	C	C	C	G	C	A	G	G	G	C	A	C	G	A	A	G	C	T	G	A	G	C	C	A	G	G	T	G	G	A	G	A	T	C	C	T	G	C	A	G	C	A	C	G	T	C	A	T	C	G	A	C	T	A	C	A	T	C	T	T	C	G	A	C	C	T	G	C	A	G	A	T	C	G	T	G	C	T	-	-	-	G	-	-	-	-	-	-	-	-	-	-	-	-	-	-	-	-	-	-	-	-	-	-	-	-	-	-	-	-	-	-	-	-	-	-	-	-	-	-	-	-	-	-	-	-	-	-	-	-	-	-	-	-	-	-	-	-	-	-	-	-	-	-	-	-	-	-	-	-	-	-	-	-	-	-	-	-	-	-	-	-	-	-	-	-	-	-	-	-	-	-	-	-	-	-	-	-	G	A	G	G	A	G	-	-	-	-	-	-	-	-	-	-	-	-	-	-	-	-	-	-	-	-	-	-	-	-	-	-	-	-	-	-	-	-	C	A	G	G	C	-	-	-	G	A	A	G	G	G	C	C	A	G	G	A	C	A	C	G	G	C	C	G	C	C	G	A	-	-	-	-	-	-	-	-	-	-	-	-	-	G	A	C	C	G	C	C	C	T	C	C	T	C	T	C	C	C	T	G	-	-	-	-	-	-	-	-	-	-	-	-	-	-	-	-	-	-	-	-	-	-	-	-	-	-	-	-	-	-	-	-	-	-	-	-	-	-	-	-	-	-	-	-	-	-	-	-	-	-	-	-	-	-	-	-	-	-	-	-	-	-	-	-	-	-	-	-	-	-	-	-	-	-	-	-	-	-	-	-	-	-	-	-	-	-	-	-	-	-	-	-	-	-	-	-	-	-	-	-	-	-	-	-	-	-	-	-	-	-	-	-	-	-	-	-	-	A	C	G	-	-	G	T	A	A	G	C	A	C	G	G	G	G	C	C	C	C	G	G	C	T	T	A	G	A	A	T	C	A	T	A	G	A	A	T	C	T	C	A	G	G	G	T	T	G	G	A	A	G	G	G	A	C	C	T	C	A	G	G	A	G	G	T	A	T	C	T	A	G	T	C	C	A	A	C	C	C	-	-	-	-	-	-	-	-	-	-	-	C	C	T	G	C	T	C	-	-	A	A	A	G	C	A	G	G	A	C	C	A	A	T	C	C	C	C	A	A	C	T	A	-	-	-	-	-	-	-	-	-	-	-	-	-	-	-	A	A	-	-	T	C	C	C	C	A	A	A	T	G	G	C	C	C	C	C	T	C	A	A	G	G	A	T	T	G	A	-	-	-	-	-	-	-	-	-	-	-	-	-	-	-	-	-	-	-	-	-	-	-	-	-	-	-	-	-	-	-	-	-	-	-	-	-	-	-	-	-	-	-	-	-	-	-	-	-	-	-	-	-	-	-	-	-	-	-	-	-	-	-	-	-	-	-	-	Chordata	Sarcopterygii	Testudines	Emydidae	Terrapene	20.9										
parus_major	-	-	-	-	-	-	-	-	-	-	-	-	-	-	-	-	-	-	-	-	-	-	-	-	-	-	-	-	-	-	-	-	-	-	-	-	-	-	-	-	-	-	-	-	-	-	-	-	-	-	-	-	-	-	-	-	-	-	-	-	-	-	-	-	-	-	-	-	-	-	-	-	-	-	-	-	-	-	-	-	-	-	-	-	-	-	-	-	-	-	-	-	-	-	-	-	-	-	-	-	-	-	-	-	-	-	-	-	-	-	-	-	-	-	-	-	-	-	-	-	-	-	-	-	-	-	-	-	-	-	-	-	-	-	-	-	-	-	-	-	-	-	-	-	-	-	-	-	-	-	-	-	-	-	-	-	-	-	-	-	-	-	-	-	-	-	-	-	-	-	-	-	-	-	-	-	-	-	-	-	-	-	-	-	-	-	-	-	-	-	-	-	-	-	-	-	-	-	-	-	-	-	-	-	-	-	-	-	-	-	-	-	-	-	-	-	-	-	-	-	-	-	-	-	-	-	-	-	-	-	-	-	-	-	-	-	-	-	-	-	-	-	-	-	-	-	-	-	-	-	-	-	-	-	-	-	-	-	-	-	-	-	-	-	-	-	-	-	-	-	-	-	-	-	-	-	-	-	-	-	-	-	-	-	-	-	-	-	-	-	-	-	-	-	-	-	-	-	-	-	-	-	-	-	-	-	-	-	-	-	-	-	-	-	-	-	-	-	-	-	-	-	-	-	-	-	-	-	-	-	-	-	-	-	-	-	-	-	-	-	-	-	-	-	-	-	-	-	-	-	-	-	-	-	-	-	-	-	-	-	-	-	-	-	-	-	-	-	-	-	-	-	-	-	-	-	-	-	-	-	-	-	-	-	-	-	-	-	-	-	-	-	-	-	-	-	-	-	-	-	-	-	-	-	-	-	-	-	-	-	-	-	-	-	-	-	-	-	-	-	-	-	-	-	-	-	-	-	-	-	-	-	-	-	-	-	-	-	-	-	-	-	-	-	-	-	-	-	-	-	-	-	-	-	-	-	-	-	-	-	-	-	-	-	-	-	-	-	-	-	-	-	-	-	-	-	-	-	-	-	-	-	-	-	-	-	-	-	-	-	-	-	-	-	-	-	-	-	-	-	-	-	-	-	-	-	-	-	-	-	-	-	-	-	-	-	-	-	-	-	-	-	-	-	-	-	A	T	G	A	A	A	G	C	C	A	T	C	A	G	C	C	C	G	G	T	G	C	G	C	T	C	C	G	T	C	C	G	G	A	G	C	T	G	C	T	A	C	G	A	G	G	C	C	G	T	T	T	G	C	T	G	C	C	T	C	T	C	G	G	A	G	C	A	G	A	G	T	T	T	-	-	-	-	G	G	C	C	A	T	C	G	C	C	C	G	A	G	G	C	A	G	C	C	A	C	A	A	C	A	A	G	A	G	C	C	C	G	G	C	C	T	T	G	G	A	A	G	A	G	C	C	C	A	T	G	A	A	C	T	T	G	C	T	C	T	A	C	G	A	T	A	T	G	A	A	C	G	A	C	T	G	C	T	A	T	T	C	C	A	A	A	T	T	G	C	G	G	G	A	G	C	T	G	G	T	G	C	C	G	G	G	C	A	T	C	C	C	T	C	A	A	G	G	C	A	C	C	A	A	G	G	T	G	A	G	C	C	A	G	G	T	G	G	A	G	A	T	C	C	T	G	C	A	G	C	A	C	G	T	C	A	T	A	G	A	C	T	A	C	A	T	C	T	T	C	G	A	C	C	T	C	C	A	G	A	T	C	G	T	A	C	T	-	-	-	G	-	-	-	-	-	-	-	-	-	-	-	-	-	-	-	-	-	-	-	-	-	-	-	-	-	-	-	-	-	-	-	-	-	-	-	-	-	-	-	-	-	-	-	-	-	-	-	-	-	-	-	-	-	-	-	-	-	-	-	-	-	-	-	-	-	-	-	-	-	-	-	-	-	-	-	-	-	-	-	-	-	-	-	-	-	-	-	-	-	-	-	-	-	-	-	-	G	A	G	G	A	G	-	-	-	-	-	-	-	-	-	-	-	-	-	-	-	-	-	-	-	-	-	-	-	-	-	-	-	-	-	-	-	-	G	G	G	T	C	-	-	-	C	A	A	G	G	G	C	T	G	C	G	A	C	C	C	C	T	C	C	T	C	C	G	A	-	-	-	-	-	-	-	-	-	-	-	-	-	G	G	C	C	A	C	C	C	T	A	C	T	C	T	C	C	C	T	T	-	-	-	-	-	-	-	-	-	-	-	-	-	-	-	-	-	-	-	-	-	-	-	-	-	-	-	-	-	-	-	-	-	-	-	-	-	-	-	-	-	-	-	-	-	-	-	-	-	-	-	-	-	-	-	-	-	-	-	-	-	-	-	-	-	-	-	-	-	-	-	-	-	-	-	-	-	-	-	-	-	-	-	-	-	-	-	-	-	-	-	-	-	-	-	-	-	-	-	-	-	-	-	-	-	-	-	-	-	-	-	-	-	-	-	-	-	A	A	G	-	-	G	-	-	-	-	-	-	-	-	-	-	-	-	-	-	C	G	G	C	T	-	-	-	-	-	-	-	-	-	-	-	-	-	-	-	-	-	-	G	A	A	C	T	C	G	-	-	-	-	-	-	C	C	T	C	A	G	A	A	-	-	-	-	-	-	-	-	-	-	-	-	-	-	-	-	C	-	-	-	-	-	-	-	-	-	-	-	T	C	C	G	C	A	C	C	A	A	A	G	A	C	G	A	G	A	G	A	A	G	T	-	-	-	-	-	-	T	T	G	-	-	-	-	-	-	-	-	-	-	-	-	-	-	-	T	G	-	-	T	C	A	C	T	A	A	-	-	-	-	-	-	-	-	-	-	-	-	-	-	-	-	-	-	-	-	-	-	-	-	-	-	-	-	-	-	-	-	-	-	-	-	-	-	-	-	-	-	-	-	-	-	-	-	-	-	-	-	-	-	-	-	-	-	-	-	-	-	-	-	-	-	-	-	-	-	-	-	-	-	-	-	-	-	-	-	-	-	-	-	-	-	-	-	Chordata	Aves	Passeriformes	Paridae	Parus	8										
taeniopygia_guttata	-	-	-	-	-	-	-	-	-	-	-	-	-	-	-	-	-	-	-	-	-	-	-	-	-	-	-	-	-	-	-	-	-	-	-	-	-	-	-	-	-	-	-	-	-	-	-	-	-	-	-	-	-	-	-	-	-	-	-	-	-	-	-	-	-	-	-	-	-	-	-	-	-	-	-	-	-	-	-	-	-	-	-	-	-	-	-	-	-	-	-	-	-	-	-	-	-	-	-	-	-	-	-	-	-	-	-	-	-	-	-	-	-	-	-	-	-	-	-	-	-	-	-	-	-	-	-	-	-	-	-	-	-	-	-	-	-	-	-	-	-	-	-	-	-	-	-	-	-	-	-	-	-	-	-	-	-	-	-	-	-	-	-	-	-	-	-	-	-	-	-	-	-	-	-	-	-	-	-	-	-	-	-	-	-	-	-	-	-	-	-	-	-	-	-	-	-	-	-	-	-	-	-	-	-	-	-	-	-	-	-	-	-	-	-	-	-	-	-	-	-	-	-	-	-	-	-	-	-	-	-	-	-	-	-	-	-	-	-	-	-	-	-	-	-	-	-	-	-	-	-	-	-	-	-	-	-	-	-	-	-	-	-	-	-	-	-	-	-	-	-	-	-	-	-	-	-	-	-	-	-	-	-	-	-	-	-	-	-	-	-	-	-	-	-	-	-	-	-	-	-	-	-	-	-	-	-	-	-	-	-	-	-	-	-	-	-	-	-	-	-	-	-	-	-	-	-	-	-	-	-	-	-	-	-	-	-	-	-	-	-	-	-	-	-	-	-	-	-	-	-	-	-	-	-	-	-	-	-	-	-	-	-	-	-	-	-	-	-	-	-	-	-	-	-	-	-	-	-	-	-	-	-	-	-	-	-	-	-	-	-	-	-	-	-	-	-	-	-	-	-	-	-	-	-	-	-	-	-	-	-	-	-	-	-	-	-	-	-	-	-	-	-	-	-	-	-	-	-	-	-	-	-	-	-	-	-	-	-	-	-	-	-	-	-	-	-	-	-	-	-	-	-	-	-	-	-	-	-	-	-	-	-	-	-	-	-	-	-	-	-	-	-	-	-	-	-	-	-	-	-	-	-	-	-	-	-	-	-	-	-	-	-	-	-	-	-	-	-	-	-	-	-	-	-	-	-	-	-	-	-	-	-	-	-	-	-	-	-	-	-	-	-	-	-	-	A	T	G	A	A	A	G	C	C	A	T	C	A	G	C	C	C	G	G	T	G	C	G	C	T	C	C	G	T	C	C	G	G	A	G	C	T	G	C	T	A	C	G	A	G	G	C	C	G	T	T	T	G	C	T	G	C	C	T	C	T	C	G	G	A	G	C	A	G	A	G	T	T	T	-	-	-	-	A	G	C	C	A	T	C	G	C	C	C	G	G	G	G	C	A	G	C	C	A	C	A	A	C	A	A	G	A	G	C	C	C	G	G	C	C	T	T	G	G	A	A	G	A	G	C	C	C	A	T	G	A	A	C	T	T	G	C	T	C	T	A	C	G	A	T	A	T	G	A	A	C	G	A	C	T	G	C	T	A	T	T	C	C	A	A	A	T	T	G	C	G	G	G	A	G	C	T	G	G	T	G	C	C	G	G	G	C	A	T	C	C	C	T	C	A	A	G	G	C	A	C	C	A	A	G	G	T	G	A	G	C	C	A	G	G	T	G	G	A	G	A	T	C	C	T	G	C	A	G	C	A	C	G	T	C	A	T	A	G	A	C	T	A	C	A	T	C	T	T	C	G	A	C	C	T	C	C	A	G	A	T	C	G	T	G	C	T	-	-	-	G	-	-	-	-	-	-	-	-	-	-	-	-	-	-	-	-	-	-	-	-	-	-	-	-	-	-	-	-	-	-	-	-	-	-	-	-	-	-	-	-	-	-	-	-	-	-	-	-	-	-	-	-	-	-	-	-	-	-	-	-	-	-	-	-	-	-	-	-	-	-	-	-	-	-	-	-	-	-	-	-	-	-	-	-	-	-	-	-	-	-	-	-	-	-	-	-	G	A	G	G	A	G	-	-	-	-	-	-	-	-	-	-	-	-	-	-	-	-	-	-	-	-	-	-	-	-	-	-	-	-	-	-	-	-	G	G	G	T	C	-	-	-	C	A	A	G	G	G	C	C	G	C	G	A	T	C	C	C	T	C	C	T	C	C	G	A	-	-	-	-	-	-	-	-	-	-	-	-	-	G	G	C	C	A	C	C	C	T	A	C	T	T	T	C	C	C	T	T	-	-	-	-	-	-	-	-	-	-	-	-	-	-	-	-	-	-	-	-	-	-	-	-	-	-	-	-	-	-	-	-	-	-	-	-	-	-	-	-	-	-	-	-	-	-	-	-	-	-	-	-	-	-	-	-	-	-	-	-	-	-	-	-	-	-	-	-	-	-	-	-	-	-	-	-	-	-	-	-	-	-	-	-	-	-	-	-	-	-	-	-	-	-	-	-	-	-	-	-	-	-	-	-	-	-	-	-	-	-	-	-	-	-	-	-	-	A	A	G	-	-	G	-	-	-	-	-	-	-	-	-	-	-	-	-	-	C	G	G	C	T	-	-	-	-	-	-	-	-	-	-	-	-	-	-	-	-	-	-	G	A	A	C	T	C	G	-	-	-	-	-	-	C	C	T	C	A	G	A	A	-	-	-	-	-	-	-	-	-	-	-	-	-	-	-	-	C	-	-	-	-	-	-	-	-	-	-	-	T	C	C	G	C	A	C	C	A	A	A	G	A	C	G	A	G	A	G	A	A	G	T	-	-	-	-	-	-	T	T	G	-	-	-	-	-	-	-	-	-	-	-	-	-	-	-	T	G	-	-	T	C	A	C	T	A	A	-	-	-	-	-	-	-	-	-	-	-	-	-	-	-	-	-	-	-	-	-	-	-	-	-	-	-	-	-	-	-	-	-	-	-	-	-	-	-	-	-	-	-	-	-	-	-	-	-	-	-	-	-	-	-	-	-	-	-	-	-	-	-	-	-	-	-	-	-	-	-	-	-	-	-	-	-	-	-	-	-	-	-	-	-	-	-	-	Chordata	Aves	Passeriformes	Estrildidae	Taeniopygia		0.22		Biphasic	diurnal	0.012	0.7				58.3333333333333
anas_platyrhynchos_platyrhynchos	-	-	-	-	-	-	-	-	-	-	-	-	-	-	-	-	-	-	-	-	-	-	-	-	-	-	-	-	-	-	-	-	-	-	-	-	-	-	-	-	-	-	-	-	-	-	-	-	-	-	-	-	-	-	-	-	-	-	-	-	-	-	-	-	-	-	-	-	-	-	-	-	-	-	-	-	-	-	-	-	-	-	-	-	-	-	-	-	-	-	-	-	-	-	-	-	-	-	-	-	-	-	-	-	-	-	-	-	-	-	-	-	-	-	-	-	-	-	-	-	-	-	-	-	-	-	-	-	-	-	-	-	-	-	-	-	-	-	-	-	-	-	-	-	-	-	-	-	-	-	-	-	-	-	-	-	-	-	-	-	-	-	-	-	-	-	-	-	-	-	-	-	-	-	-	-	-	-	-	-	-	-	-	-	-	-	-	-	-	-	-	-	-	-	-	-	-	-	-	-	-	-	-	-	-	-	-	-	-	-	-	-	-	-	-	-	-	-	-	-	-	-	-	-	-	-	-	-	-	-	-	-	-	-	-	-	-	-	-	-	-	-	-	-	-	-	-	-	-	-	-	-	-	-	-	-	-	-	-	-	-	-	-	-	-	-	-	-	-	-	-	-	-	-	-	-	-	-	-	-	-	-	-	-	-	-	-	-	-	-	-	-	-	-	-	-	-	-	-	-	-	-	-	-	-	-	-	-	-	-	-	-	-	-	-	-	-	-	-	-	-	-	-	-	-	-	-	-	-	-	-	-	-	-	-	-	-	-	-	-	-	-	-	-	-	-	-	-	-	-	-	-	-	-	-	-	-	-	-	-	-	-	-	-	-	-	-	-	-	-	-	-	-	-	-	-	-	-	-	-	-	-	-	-	-	-	-	-	-	-	-	-	-	-	-	-	-	-	-	-	-	-	-	-	-	-	-	-	-	-	-	-	-	-	-	-	-	-	-	-	-	-	-	-	-	-	-	-	-	-	-	-	-	-	-	-	-	-	-	-	-	-	-	-	-	-	-	-	-	-	-	-	-	-	-	-	-	-	-	-	-	-	-	-	-	-	-	-	-	-	-	-	-	-	-	-	-	-	-	-	-	-	-	-	-	-	-	-	-	-	-	-	-	-	-	-	-	-	-	-	-	-	-	-	-	-	-	-	-	-	-	-	-	-	-	-	-	-	-	-	-	-	-	-	-	-	A	T	G	A	A	A	G	C	C	A	T	C	A	G	C	C	C	C	G	T	G	A	G	G	T	C	C	G	T	C	A	G	G	A	G	C	T	G	C	T	A	C	G	A	G	G	C	C	G	T	G	T	G	C	T	G	C	C	T	G	T	C	G	G	A	G	C	A	G	A	G	C	T	T	-	-	-	-	G	G	C	C	A	T	C	G	C	C	C	G	T	G	G	C	A	G	C	A	G	C	A	A	C	A	A	G	A	G	C	C	C	G	G	C	G	C	T	G	G	A	G	G	A	A	C	C	C	A	T	G	A	G	C	C	T	C	C	T	G	T	A	C	G	A	C	A	T	G	A	A	C	G	A	C	T	G	C	T	A	C	T	C	C	A	A	G	C	T	G	A	G	G	G	A	G	C	T	G	G	T	G	C	C	C	G	G	C	A	T	C	C	C	G	C	A	G	G	G	C	A	C	C	A	A	G	G	T	G	A	G	C	C	A	G	G	T	G	G	A	G	A	T	C	C	T	C	C	A	G	C	A	C	G	T	C	A	T	C	G	A	C	T	A	C	A	T	C	T	T	C	G	A	C	C	T	G	C	A	G	A	T	C	G	T	G	C	T	-	-	-	G	-	-	-	-	-	-	-	-	-	-	-	-	-	-	-	-	-	-	-	-	-	-	-	-	-	-	-	-	-	-	-	-	-	-	-	-	-	-	-	-	-	-	-	-	-	-	-	-	-	-	-	-	-	-	-	-	-	-	-	-	-	-	-	-	-	-	-	-	-	-	-	-	-	-	-	-	-	-	-	-	-	-	-	-	-	-	-	-	-	-	-	-	-	-	-	-	G	A	G	G	A	G	-	-	-	-	-	-	-	-	-	-	-	-	-	-	-	-	-	-	-	-	-	-	-	-	-	-	-	-	-	-	-	-	G	A	G	G	C	-	-	-	C	A	A	G	G	G	C	C	G	C	G	A	C	C	C	G	T	C	C	T	C	G	G	A	-	-	-	-	-	-	-	-	-	-	-	-	-	G	G	C	C	A	C	C	C	T	G	C	T	G	T	C	C	C	T	C	-	-	-	-	-	-	-	-	-	-	-	-	-	-	-	-	-	-	-	-	-	-	-	-	-	-	-	-	-	-	-	-	-	-	-	-	-	-	-	-	-	-	-	-	-	-	-	-	-	-	-	-	-	-	-	-	-	-	-	-	-	-	-	-	-	-	-	-	-	-	-	-	-	-	-	-	-	-	-	-	-	-	-	-	-	-	-	-	-	-	-	-	-	-	-	-	-	-	-	-	-	-	-	-	-	-	-	-	-	-	-	-	-	-	-	-	-	A	A	G	-	-	G	-	-	-	-	-	-	-	-	-	-	-	-	-	-	C	G	G	C	C	-	-	-	-	-	-	-	-	-	-	-	-	-	-	-	-	-	-	G	A	G	C	T	G	G	-	-	-	-	-	-	C	C	T	C	C	G	A	G	-	-	-	-	-	-	-	-	-	-	-	-	-	-	-	-	C	-	-	-	-	-	-	-	-	-	-	-	T	C	T	G	C	T	C	C	A	A	A	G	A	C	G	A	G	A	G	C	G	C	C	-	-	-	-	-	-	C	T	G	-	-	-	-	-	-	-	-	-	-	-	-	-	-	-	T	G	-	-	C	C	A	C	T	A	A	-	-	-	-	-	-	-	-	-	-	-	-	-	-	-	-	-	-	-	-	-	-	-	-	-	-	-	-	-	-	-	-	-	-	-	-	-	-	-	-	-	-	-	-	-	-	-	-	-	-	-	-	-	-	-	-	-	-	-	-	-	-	-	-	-	-	-	-	-	-	-	-	-	-	-	-	-	-	-	-	-	-	-	-	-	-	-	-	Chordata	Aves	Anseriformes	Anatidae	Anas	10.8			Polyphasic	diurnal						
coturnix_japonica	-	-	-	-	-	-	-	-	-	-	-	-	-	-	-	-	-	-	-	-	-	-	-	-	-	-	-	-	-	-	-	-	-	-	-	-	-	-	-	-	-	-	-	-	-	-	-	-	-	-	-	-	-	-	-	-	-	-	-	-	-	-	-	-	-	-	-	-	-	-	-	-	-	-	-	-	-	-	-	-	-	-	-	-	-	-	-	-	-	-	-	-	A	T	G	G	G	T	C	-	-	-	-	-	-	-	-	-	-	-	-	-	-	-	-	-	-	-	-	-	-	-	-	-	-	-	-	-	-	-	-	-	-	-	-	-	-	-	-	-	-	-	-	-	-	-	-	-	-	-	-	-	-	-	-	-	-	-	-	-	-	-	-	-	-	-	-	-	-	-	-	-	-	-	-	-	-	-	-	-	-	-	-	-	-	-	-	-	-	-	-	-	-	-	-	-	-	-	-	-	-	-	-	-	-	-	-	-	-	-	-	-	-	-	-	-	-	-	-	-	-	-	-	-	-	-	-	-	-	-	-	-	-	-	-	-	-	-	-	-	-	-	-	-	-	-	-	-	-	-	-	-	-	-	-	-	-	-	-	-	-	-	-	-	-	-	-	-	-	-	-	-	-	-	-	-	-	-	-	-	-	-	-	-	-	-	-	-	G	C	C	C	A	T	A	T	A	G	A	C	G	G	C	A	C	C	G	C	T	G	G	G	C	C	G	C	C	C	C	A	T	C	C	C	C	A	G	T	G	C	T	C	C	A	G	C	G	A	G	A	T	C	C	G	A	G	T	G	A	T	C	A	G	A	A	C	G	G	G	A	G	G	G	G	T	C	G	G	A	C	G	A	A	C	C	G	G	G	A	G	C	T	G	A	A	G	G	-	A	A	C	C	A	G	G	A	T	C	G	A	A	G	G	G	C	G	A	A	G	-	-	-	T	T	C	T	C	G	G	T	G	G	T	C	T	C	A	A	G	C	T	-	-	-	-	-	-	-	-	-	-	-	-	-	-	-	-	-	-	-	-	-	-	-	-	-	-	-	-	-	-	-	-	-	-	-	-	-	-	-	-	C	A	G	C	T	C	T	A	T	C	A	G	A	T	C	C	A	A	C	A	-	-	C	C	C	C	C	C	A	A	C	C	C	C	G	A	C	C	A	C	C	C	C	C	A	G	C	C	-	-	-	-	-	-	-	A	T	G	A	A	A	G	C	C	A	T	C	A	G	C	C	C	G	G	T	G	C	G	G	T	C	G	G	T	C	A	G	G	A	G	C	T	G	T	T	A	C	G	A	G	G	C	C	G	T	T	T	G	T	T	G	C	C	T	T	T	C	G	G	A	G	C	A	G	A	G	T	T	T	-	-	-	-	G	G	C	C	A	T	A	G	C	T	C	G	A	A	G	C	A	G	C	A	A	C	A	A	C	A	A	G	A	G	C	C	C	G	G	C	G	T	T	G	G	A	G	G	A	A	C	C	C	A	T	G	A	A	T	T	T	A	C	T	G	T	A	C	G	A	T	A	T	G	A	A	C	G	A	C	T	G	C	T	A	T	T	C	C	A	A	A	T	T	G	A	G	G	G	A	G	T	T	G	G	T	G	C	C	G	G	G	C	A	T	C	C	C	G	C	A	G	G	G	C	A	C	C	A	A	G	C	T	G	A	G	C	C	A	G	G	T	G	G	A	G	A	T	C	C	T	C	C	A	G	C	A	C	G	T	C	A	T	C	G	A	T	T	A	T	A	T	C	T	T	C	G	A	C	C	T	G	C	A	G	A	T	C	G	T	G	C	T	-	-	-	G	-	-	-	-	-	-	-	-	-	-	-	-	-	-	-	-	-	-	-	-	-	-	-	-	-	-	-	-	-	-	-	-	-	-	-	-	-	-	-	-	-	-	-	-	-	-	-	-	-	-	-	-	-	-	-	-	-	-	-	-	-	-	-	-	-	-	-	-	-	-	-	-	-	-	-	-	-	-	-	-	-	-	-	-	-	-	-	-	-	-	-	-	-	-	-	-	G	A	A	G	A	G	-	-	-	-	-	-	-	-	-	-	-	-	-	-	-	-	-	-	-	-	-	-	-	-	-	-	-	-	-	-	-	-	G	G	G	G	C	-	-	-	C	A	A	G	G	G	G	C	G	A	G	A	C	C	C	C	T	C	C	T	C	G	G	G	-	-	-	-	-	-	-	-	-	-	-	-	-	A	G	C	C	A	C	C	C	T	A	C	T	G	T	C	T	C	T	T	-	-	-	-	-	-	-	-	-	-	-	-	-	-	-	-	-	-	-	-	-	-	-	-	-	-	-	-	-	-	-	-	-	-	-	-	-	-	-	-	-	-	-	-	-	-	-	-	-	-	-	-	-	-	-	-	-	-	-	-	-	-	-	-	-	-	-	-	-	-	-	-	-	-	-	-	-	-	-	-	-	-	-	-	-	-	-	-	-	-	-	-	-	-	-	-	-	-	-	-	-	-	-	-	-	-	-	-	-	-	-	-	-	-	-	-	-	A	A	G	-	-	G	-	-	-	-	-	-	-	-	-	-	-	-	-	-	C	G	G	C	T	-	-	-	-	-	-	-	-	-	-	-	-	-	-	-	-	-	-	G	A	G	T	T	G	G	-	-	-	-	-	-	C	G	T	C	C	G	A	G	-	-	-	-	-	-	-	-	-	-	-	-	-	-	-	-	C	-	-	-	-	-	-	-	-	-	-	-	T	G	T	G	C	T	C	C	A	A	A	G	A	C	G	A	G	A	G	A	A	G	T	-	-	-	-	-	-	T	T	G	-	-	-	-	-	-	-	-	-	-	-	-	-	-	-	T	G	-	-	T	C	A	C	T	A	A	-	-	-	-	-	-	-	-	-	-	-	-	-	-	-	-	-	-	-	-	-	-	-	-	-	-	-	-	-	-	-	-	-	-	-	-	-	-	-	-	-	-	-	-	-	-	-	-	-	-	-	-	-	-	-	-	-	-	-	-	-	-	-	-	-	-	-	-	-	-	-	-	-	-	-	-	-	-	-	-	-	-	-	-	-	-	-	-	Chordata	Aves	Galliformes	Phasianidae	Coturnix	11.208	0.456	10.752	Polyphasic	nocturnal	0.145			0.9593147751606	0.0406852248394004	
gallus_gallus	-	-	-	-	-	-	-	-	-	-	-	-	-	-	-	-	-	-	-	-	-	-	-	-	-	-	-	-	-	-	-	-	-	-	-	-	-	-	-	-	-	-	-	-	-	-	-	-	-	-	-	-	-	-	-	-	-	-	-	-	-	-	-	-	-	-	-	-	-	-	-	-	-	-	-	-	-	-	-	-	-	-	-	-	-	-	-	-	-	-	-	-	A	T	G	G	G	G	C	C	G	C	C	G	A	G	G	G	T	C	A	T	C	G	G	A	G	A	G	G	G	G	G	G	G	G	G	G	G	G	G	G	G	G	G	G	G	G	G	G	G	G	G	G	G	G	G	G	G	A	A	G	G	A	G	T	T	C	C	T	T	T	T	G	C	T	T	C	A	T	T	T	A	C	A	T	G	A	A	T	A	T	G	G	G	T	G	G	G	G	C	A	C	G	G	A	G	G	C	T	C	G	T	T	T	G	C	A	T	A	A	A	A	G	G	G	G	C	G	T	G	G	T	T	T	G	G	G	T	C	T	A	T	T	T	G	C	A	T	A	C	A	A	T	G	G	G	G	C	G	T	G	G	T	T	A	T	G	G	G	G	-	-	-	-	-	-	-	-	-	-	-	-	-	-	-	-	-	-	-	-	-	-	-	-	-	C	T	G	C	C	C	A	T	A	T	A	G	A	G	G	G	C	G	A	C	G	C	T	G	T	G	C	C	G	C	C	C	C	A	T	C	C	C	C	A	G	T	G	C	G	G	C	A	G	T	G	A	G	A	T	C	C	G	A	G	C	G	C	T	C	G	G	A	G	C	G	C	G	A	G	G	G	G	T	C	G	G	A	G	G	A	G	C	C	G	G	G	A	G	C	G	A	A	G	G	A	C	G	G	G	G	A	G	C	A	T	C	G	A	G	G	G	G	T	G	A	A	G	C	A	A	T	T	C	T	C	G	G	C	G	G	T	C	C	C	A	C	G	C	T	-	-	-	-	-	-	-	-	-	-	-	-	-	-	-	-	-	-	-	-	-	-	-	-	-	-	-	-	-	-	-	-	-	-	-	-	-	-	-	-	C	A	G	C	C	C	C	C	T	C	A	G	A	C	T	C	A	G	C	A	T	C	C	C	C	C	C	C	C	A	C	C	C	C	G	A	C	C	A	C	C	C	C	C	A	C	C	C	C	A	C	C	A	T	T	A	T	G	A	A	A	G	C	C	A	T	C	A	G	C	C	C	G	G	T	G	C	G	G	T	C	G	G	T	C	A	G	G	A	G	C	T	G	T	T	A	C	G	A	G	G	C	C	G	T	T	T	G	C	T	G	C	C	T	C	T	C	G	G	A	G	C	A	G	A	G	T	T	T	-	-	-	-	G	G	C	C	A	T	C	G	C	C	C	G	C	A	G	C	A	G	C	A	A	C	A	A	C	A	A	G	A	G	C	C	C	G	G	C	G	C	T	G	G	A	G	G	A	A	C	C	C	A	T	G	A	A	T	C	T	G	T	T	G	T	A	C	G	A	C	A	T	G	A	A	C	G	A	C	T	G	C	T	A	C	T	C	C	A	A	A	T	T	G	C	G	G	G	A	G	T	T	G	G	T	G	C	C	G	G	G	C	A	T	C	C	C	G	C	A	G	G	G	C	A	C	C	A	A	G	C	T	G	A	G	C	C	A	G	G	T	G	G	A	G	A	T	C	C	T	C	C	A	G	C	A	C	G	T	C	A	T	C	G	A	T	T	A	T	A	T	C	T	T	C	G	A	C	C	T	G	C	A	G	A	T	C	G	T	G	C	T	-	-	-	G	-	-	-	-	-	-	-	-	-	-	-	-	-	-	-	-	-	-	-	-	-	-	-	-	-	-	-	-	-	-	-	-	-	-	-	-	-	-	-	-	-	-	-	-	-	-	-	-	-	-	-	-	-	-	-	-	-	-	-	-	-	-	-	-	-	-	-	-	-	-	-	-	-	-	-	-	-	-	-	-	-	-	-	-	-	-	-	-	-	-	-	-	-	-	-	-	G	A	A	G	A	G	-	-	-	-	-	-	-	-	-	-	-	-	-	-	-	-	-	-	-	-	-	-	-	-	-	-	-	-	-	-	-	-	G	G	G	G	C	-	-	-	C	A	A	G	G	G	G	C	G	A	G	A	C	C	C	C	T	C	C	T	C	G	G	A	-	-	-	-	-	-	-	-	-	-	-	-	-	G	G	C	C	A	C	C	C	T	G	C	T	G	T	C	C	C	T	T	-	-	-	-	-	-	-	-	-	-	-	-	-	-	-	-	-	-	-	-	-	-	-	-	-	-	-	-	-	-	-	-	-	-	-	-	-	-	-	-	-	-	-	-	-	-	-	-	-	-	-	-	-	-	-	-	-	-	-	-	-	-	-	-	-	-	-	-	-	-	-	-	-	-	-	-	-	-	-	-	-	-	-	-	-	-	-	-	-	-	-	-	-	-	-	-	-	-	-	-	-	-	-	-	-	-	-	-	-	-	-	-	-	-	-	-	-	A	A	G	-	-	G	-	-	-	-	-	-	-	-	-	-	-	-	-	-	C	G	G	C	T	-	-	-	-	-	-	-	-	-	-	-	-	-	-	-	-	-	-	G	A	G	T	T	G	G	-	-	-	-	-	-	C	C	T	C	C	G	G	G	-	-	-	-	-	-	-	-	-	-	-	-	-	-	-	-	C	-	-	-	-	-	-	-	-	-	-	-	T	G	T	G	C	T	C	C	A	A	A	G	A	C	G	A	G	A	G	A	A	G	T	-	-	-	-	-	-	T	T	G	-	-	-	-	-	-	-	-	-	-	-	-	-	-	-	T	G	-	-	T	C	A	C	T	A	A	-	-	-	-	-	-	-	-	-	-	-	-	-	-	-	-	-	-	-	-	-	-	-	-	-	-	-	-	-	-	-	-	-	-	-	-	-	-	-	-	-	-	-	-	-	-	-	-	-	-	-	-	-	-	-	-	-	-	-	-	-	-	-	-	-	-	-	-	-	-	-	-	-	-	-	-	-	-	-	-	-	-	-	-	-	-	-	-	Chordata	Aves	Galliformes	Phasianidae	Gallus	11.7	1.2			diurnal	0.55	2.7			0.102564102564103	4.90909090909091
meleagris_gallopavo	-	-	-	-	-	-	-	-	-	-	-	-	-	-	-	-	-	-	-	-	-	-	-	-	-	-	-	-	-	-	-	-	-	-	-	-	-	-	-	-	-	-	-	-	-	-	-	-	-	-	-	-	-	-	-	-	-	-	-	-	-	-	-	-	-	-	-	-	-	-	-	-	-	-	-	-	-	-	-	-	-	-	-	-	-	-	-	-	-	-	-	-	-	-	-	-	-	-	-	-	-	-	-	-	-	-	-	-	-	-	-	-	-	-	-	-	-	-	-	-	-	-	-	-	-	-	-	-	-	-	-	-	-	-	-	-	-	-	-	-	-	-	-	-	-	-	-	-	-	-	-	-	-	-	-	-	-	-	-	-	-	-	-	-	-	-	-	-	-	-	-	-	-	-	-	-	-	-	-	-	-	-	-	-	-	-	-	-	-	-	-	-	-	-	-	-	-	-	-	-	-	-	-	-	-	-	-	-	-	-	-	-	-	-	-	-	-	-	-	-	-	-	-	-	-	-	-	-	-	-	-	-	-	-	-	-	-	-	-	-	-	-	-	-	-	-	-	-	-	-	-	-	-	-	-	-	-	-	-	-	-	-	-	-	-	-	-	-	-	-	-	-	-	-	-	-	-	-	-	-	-	-	-	-	-	-	-	-	-	-	-	-	-	-	-	-	-	-	-	-	-	-	-	-	-	-	-	-	-	-	-	-	-	-	-	-	-	-	-	-	-	-	-	-	-	-	-	-	-	-	-	-	-	-	-	-	-	-	-	-	-	-	-	-	-	-	-	-	-	-	-	-	-	-	-	-	-	-	-	-	-	-	-	-	-	-	-	-	-	-	-	-	-	-	-	-	-	-	-	-	-	-	-	-	-	-	-	-	-	-	-	-	-	-	-	-	-	-	-	-	-	-	-	-	-	-	-	-	-	-	-	-	-	-	-	-	-	-	-	-	-	-	-	-	-	-	-	-	-	-	-	-	-	-	-	-	-	-	-	-	-	-	-	-	-	-	-	-	-	-	-	-	-	-	-	-	-	-	-	-	-	-	-	-	-	-	-	-	-	-	-	-	-	-	-	-	-	-	-	-	-	-	-	-	-	-	-	-	-	-	-	-	-	-	-	-	-	-	-	-	-	-	-	-	-	-	-	-	-	-	-	-	-	-	-	-	-	-	-	-	-	-	-	-	-	-	A	T	G	A	A	A	G	C	C	A	T	C	A	G	C	C	C	G	G	T	G	C	G	G	T	C	G	G	T	C	A	G	G	A	G	C	T	G	T	T	A	C	G	A	G	G	C	C	G	T	T	T	G	C	T	G	C	C	T	C	T	C	G	G	A	G	C	A	A	A	G	T	T	T	-	-	-	-	G	G	C	C	A	T	C	G	C	T	C	G	C	A	G	C	A	G	C	A	A	C	A	A	C	A	A	G	A	G	C	C	C	G	G	C	G	T	T	G	G	A	G	G	A	A	C	C	C	A	T	G	A	A	T	C	T	G	C	T	G	T	A	C	G	A	T	A	T	G	A	A	C	G	A	C	T	G	C	T	A	C	T	C	C	A	A	A	T	T	G	A	G	G	G	A	G	T	T	G	G	T	G	C	C	G	G	G	C	A	T	C	C	C	G	C	A	G	G	G	C	A	C	C	A	A	G	C	T	G	A	G	C	C	A	G	G	T	G	G	A	A	A	T	C	C	T	C	C	A	G	C	A	C	G	T	C	A	T	C	G	A	T	T	A	T	A	T	C	T	T	C	G	A	C	C	T	G	C	A	G	A	T	C	G	T	G	C	T	-	-	-	G	-	-	-	-	-	-	-	-	-	-	-	-	-	-	-	-	-	-	-	-	-	-	-	-	-	-	-	-	-	-	-	-	-	-	-	-	-	-	-	-	-	-	-	-	-	-	-	-	-	-	-	-	-	-	-	-	-	-	-	-	-	-	-	-	-	-	-	-	-	-	-	-	-	-	-	-	-	-	-	-	-	-	-	-	-	-	-	-	-	-	-	-	-	-	-	-	G	A	G	G	A	G	-	-	-	-	-	-	-	-	-	-	-	-	-	-	-	-	-	-	-	-	-	-	-	-	-	-	-	-	-	-	-	-	G	G	G	G	C	-	-	-	C	A	A	G	G	G	G	C	G	A	G	A	C	C	A	C	T	C	C	T	C	G	G	A	-	-	-	-	-	-	-	-	-	-	-	-	-	G	G	C	C	A	C	C	C	T	G	C	T	G	T	C	C	C	T	G	-	-	-	-	-	-	-	-	-	-	-	-	-	-	-	-	-	-	-	-	-	-	-	-	-	-	-	-	-	-	-	-	-	-	-	-	-	-	-	-	-	-	-	-	-	-	-	-	-	-	-	-	-	-	-	-	-	-	-	-	-	-	-	-	-	-	-	-	-	-	-	-	-	-	-	-	-	-	-	-	-	-	-	-	-	-	-	-	-	-	-	-	-	-	-	-	-	-	-	-	-	-	-	-	-	-	-	-	-	-	-	-	-	-	-	-	-	A	A	G	-	-	G	-	-	-	-	-	-	-	-	-	-	-	-	-	-	C	A	G	C	C	-	-	-	-	-	-	-	-	-	-	-	-	-	-	-	-	-	-	G	A	G	C	T	G	G	-	-	-	-	-	-	C	C	T	C	C	G	A	G	-	-	-	-	-	-	-	-	-	-	-	-	-	-	-	-	C	-	-	-	-	-	-	-	-	-	-	-	T	G	T	G	C	T	C	C	A	A	A	G	A	C	G	A	G	A	G	A	A	G	T	-	-	-	-	-	-	T	T	G	-	-	-	-	-	-	-	-	-	-	-	-	-	-	-	T	G	-	-	T	C	A	C	T	A	A	-	-	-	-	-	-	-	-	-	-	-	-	-	-	-	-	-	-	-	-	-	-	-	-	-	-	-	-	-	-	-	-	-	-	-	-	-	-	-	-	-	-	-	-	-	-	-	-	-	-	-	-	-	-	-	-	-	-	-	-	-	-	-	-	-	-	-	-	-	-	-	-	-	-	-	-	-	-	-	-	-	-	-	-	-	-	-	-	Chordata	Aves	Galliformes	Phasianidae	Meleagris		0.57				5.5	7				1.27272727272727
