	SRR6307204	SRR13705738	SRR13705739	SRR13705740	SRR13705741	SRR13705742	SRR13705745	SRR13705746	SRR13705747	SRR13705748	SRR13705749	SRR10677982	SRR10677983	SRR10677984	SRR10677985	SRR10677986	SRR10677987	SRR10677988	SRR10677989	SRR10677990	SRR10677991	SRR10677992	SRR10677993	SRR10677994	SRR10677995	SRR10677996	SRR10677997	SRR10678000	SRR10678001	SRR10678010	SRR10678011	SRR10678012	SRR10678013	SRR10678014	SRR10678015	SRR10678016	SRR10678017	SRR10678018	SRR10678019	SRR10678020	SRR10678021	SRR10678031	SRR10678032	SRR10678033	SRR10678034	SRR10678035	SRR10678036	SRR10678037	SRR10678040	SRR10678041	SRR16249198	SRR16249199	SRR16249200	SRR16249201	ERR3294132	ERR3294133	ERR3294134	ERR3294135	ERR3294136	ERR3294137	ERR3294138	ERR3294139	ERR3294156	ERR3294157	ERR3294158	ERR3294159	ERR3294160	ERR3294161	ERR3294162	ERR3294163	ERR3294188	ERR3294189	ERR3294190	ERR3294191	ERR3294192	ERR3294193	ERR3294194	ERR3294195	ERR3294196	ERR3294197	ERR3294198	ERR3294199	ERR3294200	ERR3294201	ERR3294202	ERR3294203	ERR3294300	ERR3294301	ERR3294302	ERR3294303	ERR3294304	ERR3294305	ERR3294306	ERR3294307	ERR3294324	ERR3294325	ERR3294326	ERR3294327	ERR3294328	ERR3294329	ERR3294330	ERR3294331	ERR3294332	ERR3294333	ERR3294334	ERR3294335	ERR3294336	ERR3294337	ERR3294338	ERR3294339	ERR3294356	ERR3294357	ERR3294358	ERR3294359	ERR3294360	ERR3294361	ERR3294362	ERR3294363	ERR3294460	ERR3294461	ERR3294462	ERR3294463	ERR3294464	ERR3294467	ERR3294476	ERR3294477	ERR3294478	ERR3294479	ERR3294480	ERR3294481	ERR3294482	ERR3294483	ERR3294484	ERR3294485	ERR3294486	ERR3294487	ERR3294488	ERR3294489	ERR3294490	ERR3294491	ERR3294508	ERR3294509	ERR3294510	ERR3294511	ERR3294512	ERR3294513	ERR3294514	ERR3294515	SRR18059454	SRR18059455	SRR18059456	SRR20988133	SRR20988134	SRR20988135	SRR20988137	SRR20988138	SRR20988139	SRR20988140	SRR20993198	SRR20993199	SRR20993200	SRR20993201	SRR20993202	SRR20993203	SRR20993204	SRR20210894	SRR20210895	SRR20210896	SRR20210897	SRR20210898	SRR20210899	SRR20210900	SRR20210901	SRR20210902	SRR20210903	SRR20210904	SRR20210905	SRR20210906	SRR20210907	SRR20210908	SRR20210909	SRR20210910	SRR20210911	SRR20210912	SRR495397	SRR495398	SRR495399	SRR495400	SRR495401	SRR495402	SRR495403	SRR495404	SRR495405	SRR495406
ADIPOQ	8.02236781857728	1.00000144269432	1.00000144269432	1.00000144269432	1.44269431942324e-06	1.00000144269432	1.00000144269432	1.00000144269432	1.00000144269432	1.00000144269432	1.00000144269432	4.90689064369835	4.75488755559662	4.58496256083345	4.58496256083345	3.32192823915686	4.64385624748253	5.12928305816482	5.20945340462071	5.20945340462071	4.85798104487568	5.04439416307648	5.32192813095474	5.16992504151717	4.75488755559662	5.42626478825315	5.04439416307648	4.90689064369835	5.12928305816482	4.80735497358243	5.12928305816482	5.61470987355796	5.20945340462071	5.70043974588523	5.24792755140924	5.20945340462071	5.04439416307648	5.32192813095474	4.00000009016844	4.58496256083345	5.08746288368255	3.00000018033687	4.08746292611475	4.00000009016844	4.32192816702211	4.52356201878288	1.58496298161942	4.00000009016844	4.45943168421434	4.2479275893749	5.28540225585443	4.2479275893749	4.80735497358243	3.70043982911763	0	0	0	0	0	0	0	0	0	0	0	0	0	0	0	0	0	0	0	0	0	0	0	0	0	0	0	0	0	0	0	0	0	0	0	0	0	0	0	0	0	0	0	0	0	0	0	0	0	0	0	0	0	0	0	0	0	0	0	0	0	0	0	0	0	0	0	0	0	0	0	0	0	0	0	0	0	0	0	0	0	0	0	0	0	0	0	0	0	0	0	0	0	0	1.00000144269432	1.58496298161942	1.00000144269432	1.00000144269432	2.58496274117031	3.00000018033687	1.00000072134734	2.00000036067372	4.85798104487568	1.00000072134734	1.00000144269432	2.58496274117031	3.00000018033687	1.00000072134734	2.00000036067372	4.85798104487568	1.00000072134734	1.00000072134734	1.00000144269432	2.00000036067372	1.44269431942324e-06	1.00000144269432	1.00000144269432	1.00000144269432	1.58496298161942	1.44269431942324e-06	1.00000144269432	2.58496274117031	2.00000036067372	1.00000144269432	3.80735502510725	1.44269431942324e-06	3.32192823915686	2.58496274117031	3.00000018033687	2.32192838342634	4.75488755559662	4.58496256083345	4.45943168421434	4.75488755559662	5.32192813095474	5.39231745712864	4.32192816702211	4.32192816702211	3.45943174979139	3.80735502510725
CRY1	10.5603328351679	7.28540222811029	7.32192810390421	7.9772799292249	7.12928302724993	6.04439414121747	7.14974712966451	7.76155123909284	7.6220518267797	6.8579810075646	7.67948010654298	10.630267125937	10.5526690984748	10.3542493830474	10.4988492075287	10.2679570855729	10.1279943222657	10.5245417160153	10.3026389249298	10.1072170768994	10.1699250026947	10.3728650612006	10.3309168792347	10.1369911133615	10.3869402464018	10.7706638937426	10.589651147451	10.3619437748315	10.007027268296	10.2372099619503	10.1459321470939	10.3037807493185	10.4868350225684	10.5362472166596	10.6653359180735	10.5764843477416	10.4210128568315	10.494855585491	10.4408691686488	10.4470832272431	10.5915223475057	10.6987046676384	10.4030120246405	10.6591039643659	10.9851303741786	10.7952279668406	10.4838157782717	11.0579917234359	10.788718333506	10.4584066142619	10.4481163064422	10.1885888469436	10.88111396144	10.5333297332793	5.49185312838956	5.70043974588523	5.16992504151717	5.67242537025963	5.24792755140924	5.64385621862863	5.52356198741995	5.28540225585443	5.67242537025963	5.80735494782002	6.20945338512483	5.95419633365615	5.75488752888004	5.97727994639984	5.97727994639984	5.90689061965344	6.16992502147974	5.72792048178386	5.97727994639984	6.06608921199053	6.22881870973181	6.33985002069568	5.93073736121362	6.10852447768679	5.72792048178386	5.95419633365615	6.20945338512483	5.97727994639984	5.95419633365615	6.16992502147974	5.80735494782002	6.1292830375549	6.59991285706027	6.74146699988428	6.62935663465229	6.68650054118997	6.72792046817353	6.30378076643907	6.68650054118997	6.44294351243143	5.78135973975548	5.85798102000162	5.67242537025963	6.06608921199053	5.97727994639984	6.00000002254211	5.72792048178386	5.39231745712864	5.95419633365615	5.80735494782002	6.18982457864296	6.2667865594312	6.04439414121747	6.18982457864296	6.18982457864296	5.97727994639984	6.14974713982433	6.1292830375549	6.00000002254211	6.06608921199053	5.83289003947518	5.93073736121362	6.08746286246644	5.49185312838956	5.90689061965344	5.93073736121362	5.83289003947518	5.97727994639984	6.06608921199053	6.08746286246644	6.1292830375549	5.64385621862863	5.80735494782002	6.20945338512483	6.06608921199053	6.08746286246644	6.00000002254211	6.06608921199053	5.90689061965344	6.16992502147974	5.90689061965344	5.83289003947518	5.70043974588523	5.67242537025963	5.93073736121362	6.04439414121747	5.67242537025963	5.75488752888004	5.75488752888004	6.10852447768679	5.67242537025963	5.70043974588523	5.61470987355796	5.83289003947518	5.75488752888004	5.85798102000162	5.28540225585443	1.00000144269432	3.32192823915686	7.26678655006305	5.95419633365615	6.53915882662088	5.12928305816482	5.83289003947518	1.00000144269432	3.32192823915686	7.26678655006305	5.95419633365615	6.53915882662088	5.12928305816482	5.83289003947518	7.88874325498558	7.76818433139479	8.92481250657429	8.54303182412305	10.0834793286615	10.3174126148955	9.50183718689222	11.0077281153329	10.4157417693462	10.5166849502944	11.6934869579349	11.4088604365554	11.28250930682	11.269126679734	11.9621730314713	11.4120405150811	9.65463603031791	10.3003525614723	11.6087168544825	7.69348696446887	7.83289002049235	8.04439412482321	7.70043972507713	8.10852446200533	7.7210991955446	7.6438561969882	7.85798100134609	7.56224243185438	7.7210991955446
CRY2	9.73640193300961	7.247927522935	6.8579810075646	7.74146699314271	7.67948010654298	7.22881870011385	7.14974712966451	7.48381578532401	7.434628235976	6.91886324919769	7.29462075808077	6.67242535611556	6.56985562351721	6.67242535611556	6.70043973201316	6.52356197173848	6.42626477147762	6.55458886702546	6.20945338512483	6.6582114970359	5.95419633365615	6.50779465605249	6.55458886702546	5.32192813095474	5.45943165142582	6.8201789751824	6.20945338512483	6.71424553140608	6.35755202221193	6.53915882662088	6.10852447768679	6.2667865594312	6.87036473191413	6.50779465605249	6.08746286246644	6.2667865594312	6.50779465605249	6.64385620420168	5.85798102000162	6.1292830375549	6.32192811292105	5.5849625307773	5.12928305816482	5.93073736121362	5.97727994639984	5.55458888237328	3.45943174979139	6.16992502147974	5.72792048178386	6.06608921199053	6.75488751552176	6.06608921199053	5.90689061965344	5.8826430738143	4.2479275893749	3.90689069178818	4.75488755559662	4.39231749147852	3.70043982911763	4.08746292611475	4.2479275893749	4.2479275893749	3.58496262094574	4.70043977362936	4.08746292611475	4.90689064369835	4.58496256083345	4.2479275893749	4.08746292611475	4.58496256083345	4.08746292611475	3.90689069178818	4.16992508159203	4.32192816702211	4.32192816702211	4.58496256083345	3.58496262094574	4.32192816702211	4.2479275893749	4.45943168421434	4.52356201878288	4.52356201878288	4.2479275893749	4.45943168421434	4.80735497358243	4.2479275893749	4.80735497358243	5.12928305816482	4.95419635692542	4.75488755559662	5.00000004508422	5.32192813095474	5.08746288368255	5.04439416307648	4.16992508159203	4.70043977362936	4.45943168421434	4.90689064369835	4.32192816702211	4.52356201878288	4.45943168421434	4.39231749147852	4.90689064369835	3.58496262094574	4.39231749147852	4.58496256083345	4.52356201878288	4.52356201878288	4.2479275893749	4.52356201878288	3.16992516174175	3.58496262094574	4.00000009016844	4.70043977362936	3.70043982911763	4.64385624748253	4.32192816702211	3.32192823915686	3.70043982911763	3.80735502510725	4.45943168421434	4.16992508159203	4.64385624748253	4.52356201878288	4.75488755559662	4.32192816702211	4.45943168421434	4.2479275893749	3.58496262094574	5.04439416307648	4.75488755559662	4.39231749147852	4.64385624748253	4.08746292611475	4.16992508159203	3.58496262094574	4.00000009016844	3.80735502510725	3.70043982911763	4.08746292611475	4.16992508159203	3.80735502510725	4.32192816702211	3.80735502510725	4.32192816702211	3.32192823915686	4.08746292611475	4.52356201878288	10.5362472166596	10.871905238429	10.7706638937426	9.6420516947336	8.66533592073861	9.76487159239436	8.1649069317025	9.07948478649353	9.68123841353505	10.0967151558061	9.6420516947336	8.66533592073861	9.76487159239436	8.1649069317025	9.07948478649353	9.68123841353505	10.0967151558061	7.08746285185839	7.00000001127106	8.10852446200533	7.76155123909284	9.50183718689222	9.71252700215936	9.42206476827587	9.93663794047471	9.20701432261864	9.44294349792157	10.3869402464018	10.226412193993	10.3196721220759	10.0140204717102	10.6873756843124	10.2360141930963	7.96578429043287	8.24792751818929	10.2118882957624	9.43879185465707	9.39016895835025	9.39231742492563	9.16490692918909	9.35314682770404	9.69348695924171	9.25974326604428	9.49385545124179	9.32418054886944	9.31061278393149
AHR	14.4237068423119	8.1497471245846	8.78135971680351	9.68999797316605	8.41362793325495	8.00562455480748	8.74146698977193	8.23840474410222	8.46352437735814	8.43879185673588	8.0714623679198	12.0171563867312	12.4509534649707	12.1630206398954	12.7690113213037	12.6282176804513	12.4782640318346	11.6679985361159	12.0440525321429	12.8460779863685	12.4406096670079	11.8788172849973	12.1449768243687	12.1598713370937	12.1972166934173	12.0129736487236	12.2485206052349	12.1956797858035	12.0944076334111	11.5023345806953	11.3253054556519	11.5464121956017	11.7829982093298	11.1421070579409	11.5933911232586	11.8470573464829	11.5655781372603	12.2230966906495	12.2972028827836	12.2997804031447	11.6170082281113	12.6080237506876	12.9108300814839	12.6370776573701	11.6550834456453	11.7619666957975	10.7056323882253	12.1510165392095	12.3845139616684	11.8699793332854	12.5994479817612	12.9648823185481	12.0461008453699	12.6586577923492	6.90689060763098	7.04439413028796	6.62935663465229	6.93073734938826	6.8201789751824	7.12928302724993	7.06608920122415	6.74146699988428	7.18982456876149	7.08746285185839	7.12928302724993	7.27612441458195	6.94251451706847	7.04439413028796	7.11894108310261	7.16992501146103	6.8579810075646	6.72792046817353	6.93073734938826	6.87036473191413	6.83289002681996	6.83289002681996	6.8579810075646	6.97727993494988	7.03342301255039	6.83289002681996	7.10852446723248	6.8201789751824	6.80735493493881	6.91886324919769	6.87036473191413	6.94251451706847	7.357552013415	7.53138146831466	7.40939094462414	7.56224243185438	7.56224243185438	7.31288296435791	7.48381578532401	7.6147098514759	7.4512111200763	7.27612441458195	7.30378075730808	7.36632222298942	7.30378075730808	7.33091688707546	7.33091688707546	7.51569984616762	7.65821148989385	7.57742883558913	7.66533592429205	7.59245704474318	7.46760555823382	7.47573343907143	7.57742883558913	7.49185310434465	6.93073734938826	6.98868469813197	6.88264306158807	6.97727993494988	6.98868469813197	7.08746285185839	7.04439413028796	7.17990909996456	6.16992502147974	6.42626477147762	6.10852447768679	6.28540223735834	6.14974713982433	6.28540223735834	7.247927522935	7.58496250823519	7.6220518267797	7.7210991955446	7.57742883558913	7.26678655006305	7.39231743136623	7.31288296435791	7.36632222298942	7.36632222298942	7.31288296435791	7.434628235976	7.49185310434465	7.46760555823382	7.49185310434465	7.28540222811029	6.67242535611556	6.91886324919769	6.71424553140608	6.71424553140608	6.64385620420168	6.75488751552176	6.68650054118997	6.8579810075646	7.51569984616762	7.93073734347557	5.32192813095474	1.00000144269432	5.35755203980577	9.31967212320473	9.34429591013535	9.54882191038491	5.80735494782002	5.72792048178386	1.00000144269432	5.35755203980577	9.31967212320473	9.34429591013535	9.54882191038491	5.80735494782002	5.72792048178386	6.22881870973181	5.70043974588523	7.06608920122415	6.42626477147762	10.4167975286614	11.3701424800404	9.83130724538569	11.7073591325123	10.3890935229803	11.1491119913422	12.0887882390481	10.9957671515843	11.6595499973258	11.5531492760786	11.1792871052681	11.103943430547	10.7764330332673	9.59618975800836	12.819779932038	11.1318569612517	10.6165488446979	10.5107641689067	10.2761244064377	10.1072170768994	10.5565060556299	10.8603110556955	10.6438561906764	10.1724275098957	9.71252700215936
AANAT	5.32192813095474	1.44269431942324e-06	1.00000072134734	4.64385624748253	4.80735497358243	3.16992516174175	2.80735512815688	2.58496274117031	2.00000036067372	1.58496298161942	2.00000036067372	0	0	0	0	0	0	0	0	0	0	0	0	0	0	0	0	0	0	0	0	0	0	0	0	0	0	0	0	0	0	0	0	0	0	0	0	0	0	0	0	0	0	0	1.00000144269432	1.00000144269432	1.00000144269432	1.00000144269432	1.00000144269432	1.00000144269432	1.00000144269432	1.00000144269432	1.00000144269432	1.00000144269432	1.00000144269432	1.00000144269432	1.00000144269432	1.00000144269432	1.00000144269432	1.00000144269432	1.00000144269432	1.00000144269432	1.00000144269432	1.00000144269432	1.00000144269432	1.00000144269432	1.00000144269432	1.00000144269432	1.00000144269432	1.00000144269432	1.00000144269432	1.00000144269432	1.00000144269432	1.00000144269432	1.00000144269432	1.00000144269432	1.00000144269432	1.00000144269432	1.44269431942324e-06	1.00000144269432	1.00000144269432	1.00000144269432	1.00000144269432	1.00000144269432	1.00000144269432	1.00000144269432	1.00000144269432	1.00000144269432	1.00000144269432	1.00000144269432	1.00000144269432	1.00000144269432	1.00000144269432	1.00000144269432	1.00000144269432	1.00000144269432	1.00000144269432	1.00000144269432	1.00000144269432	1.00000144269432	1.44269431942324e-06	1.00000144269432	1.00000144269432	1.00000144269432	1.00000144269432	1.00000144269432	1.00000144269432	1.00000144269432	1.00000144269432	1.00000144269432	1.00000144269432	1.00000144269432	1.00000144269432	1.00000144269432	1.44269431942324e-06	1.00000144269432	1.00000144269432	1.00000144269432	1.44269431942324e-06	1.44269431942324e-06	1.00000144269432	1.00000144269432	1.00000144269432	1.00000144269432	1.00000144269432	1.00000144269432	1.00000144269432	1.00000144269432	1.00000144269432	1.00000144269432	1.00000144269432	1.00000144269432	1.00000144269432	1.00000144269432	1.00000144269432	1.00000144269432	1.00000144269432	1.00000144269432	3.16992516174175	1.00000144269432	1.00000144269432	5.64385621862863	4.45943168421434	2.00000036067372	1.00000144269432	1.00000144269432	1.00000144269432	1.44269431942324e-06	5.64385621862863	4.45943168421434	2.00000036067372	1.00000144269432	1.00000144269432	1.00000144269432	1.44269431942324e-06	1.00000072134734	1.44269431942324e-06	1.00000144269432	1.00000072134734	3.45943174979139	1.00000144269432	1.00000072134734	1.58496298161942	1.00000144269432	1.44269431942324e-06	2.58496274117031	1.00000072134734	1.00000072134734	1.44269431942324e-06	2.00000036067372	1.44269431942324e-06	1.58496298161942	1.58496298161942	4.16992508159203	1.00000144269432	2.00000036067372	1.00000144269432	2.58496274117031	1.58496298161942	1.00000072134734	1.00000072134734	2.58496274117031	1.58496298161942	1.00000072134734
NPAS2	5.64385621862863	1.00000144269432	1.00000072134734	2.32192838342634	2.00000036067372	1.44269431942324e-06	2.80735512815688	2.00000036067372	2.58496274117031	1.44269431942324e-06	1.00000072134734	6.10852447768679	5.95419633365615	5.72792048178386	5.70043974588523	6.16992502147974	6.61470985883659	7.20945337537689	6.62935663465229	7.03342301255039	6.8579810075646	7.13955136263067	7.15987134686717	6.70043973201316	6.80735493493881	7.02236782412611	7.27612441458195	6.98868469813197	6.98868469813197	6.87036473191413	6.3923174399537	6.78135972664007	7.28540222811029	7.40087944481884	7.41785252332271	6.8579810075646	6.88264306158807	7.15987134686717	6.93073734938826	6.8579810075646	7.12928302724993	6.44294351243143	6.72792046817353	5.85798102000162	7.21916853014468	7.33091688707546	6.55458886702546	7.48381578532401	6.78135972664007	6.53915882662088	6.79441587934736	6.32192811292105	7.30378075730808	6.33985002069568	2.00000036067372	1.58496298161942	1.00000072134734	2.00000036067372	2.00000036067372	1.00000144269432	2.58496274117031	2.32192838342634	1.58496298161942	2.00000036067372	2.00000036067372	2.80735512815688	1.00000072134734	1.58496298161942	1.58496298161942	2.32192838342634	1.00000072134734	1.44269431942324e-06	2.80735512815688	1.00000072134734	1.00000072134734	1.44269431942324e-06	1.00000072134734	1.58496298161942	1.58496298161942	1.00000072134734	1.44269431942324e-06	1.58496298161942	3.00000018033687	1.58496298161942	2.32192838342634	1.00000072134734	1.58496298161942	2.00000036067372	1.58496298161942	2.00000036067372	2.00000036067372	2.00000036067372	2.00000036067372	3.00000018033687	3.32192823915686	1.58496298161942	1.44269431942324e-06	2.00000036067372	1.58496298161942	2.58496274117031	2.32192838342634	1.00000072134734	1.58496298161942	2.00000036067372	1.58496298161942	2.00000036067372	1.00000072134734	1.00000072134734	3.00000018033687	1.00000072134734	1.00000144269432	1.00000072134734	1.00000072134734	2.32192838342634	2.00000036067372	2.00000036067372	2.58496274117031	1.00000072134734	2.00000036067372	1.00000072134734	2.00000036067372	1.44269431942324e-06	2.00000036067372	1.58496298161942	1.44269431942324e-06	2.00000036067372	1.44269431942324e-06	1.58496298161942	2.32192838342634	1.44269431942324e-06	1.44269431942324e-06	1.00000144269432	1.44269431942324e-06	1.58496298161942	2.00000036067372	2.00000036067372	1.58496298161942	2.00000036067372	1.44269431942324e-06	2.00000036067372	1.44269431942324e-06	1.44269431942324e-06	1.44269431942324e-06	1.44269431942324e-06	1.58496298161942	1.00000144269432	3.00000018033687	1.44269431942324e-06	3.58496262094574	4.16992508159203	1.00000144269432	5.93073736121362	4.16992508159203	2.80735512815688	1.00000144269432	3.00000018033687	4.16992508159203	1.58496298161942	5.93073736121362	4.16992508159203	2.80735512815688	1.00000144269432	3.00000018033687	4.16992508159203	1.58496298161942	3.80735502510725	3.58496262094574	6.75488751552176	5.49185312838956	6.37503944872879	8.28077077476949	6.24792753242642	7.357552013415	6.64385620420168	6.95419632202151	6.98868469813197	7.25738785212203	8.82017896560699	6.94251451706847	7.25738785212203	8.57364719127992	4.39231749147852	4.08746292611475	6.30378076643907	4.58496256083345	4.08746292611475	4.85798104487568	4.70043977362936	4.80735497358243	3.70043982911763	4.08746292611475	3.45943174979139	4.39231749147852	4.00000009016844
CLOCK	9.22881869290037	2.00000036067372	3.58496262094574	4.2479275893749	3.00000018033687	3.80735502510725	3.70043982911763	3.32192823915686	3.80735502510725	3.70043982911763	3.32192823915686	10.309476354978	10.0402897223958	10.0334230029141	9.97010589205056	9.97727992493116	10.0182001802044	10.3739526564574	10.274960473305	10.0633950826368	9.91886323876498	10.2008986062642	9.85486838481822	9.77148947115128	9.90839262227499	9.59058705178623	9.85642553018184	9.50581155590404	9.3553510986274	10.2667865418659	10.1382718014523	10.3520434268993	10.5670053711981	10.3652288503453	10.6821167658282	10.5727002274346	10.3151495633887	10.5077946411896	10.338736383688	10.2923216339525	10.2502984190908	10.1686721193857	10.2807707712903	10.3219280960145	10.7185328769254	10.5488219094218	10.1623913300158	10.6715410675964	10.2585660350676	9.76983784528201	9.82336724163861	9.54882191038491	10.3608470852768	9.94104760780823	3.32192823915686	3.58496262094574	3.70043982911763	4.00000009016844	4.2479275893749	4.08746292611475	3.58496262094574	4.32192816702211	4.90689064369835	4.75488755559662	4.45943168421434	5.04439416307648	3.90689069178818	4.75488755559662	4.64385624748253	4.58496256083345	4.00000009016844	4.52356201878288	4.32192816702211	4.90689064369835	4.32192816702211	3.90689069178818	4.64385624748253	3.70043982911763	4.16992508159203	4.08746292611475	3.90689069178818	3.70043982911763	4.16992508159203	4.2479275893749	3.90689069178818	4.75488755559662	4.95419635692542	5.08746288368255	4.70043977362936	4.52356201878288	5.00000004508422	4.16992508159203	4.75488755559662	5.16992504151717	4.00000009016844	4.00000009016844	4.08746292611475	4.52356201878288	4.45943168421434	4.32192816702211	4.52356201878288	4.85798104487568	4.32192816702211	4.16992508159203	4.16992508159203	4.52356201878288	4.45943168421434	4.08746292611475	4.64385624748253	4.58496256083345	4.39231749147852	4.64385624748253	3.80735502510725	4.00000009016844	4.00000009016844	4.00000009016844	4.16992508159203	4.52356201878288	4.00000009016844	4.90689064369835	4.32192816702211	4.52356201878288	4.16992508159203	4.70043977362936	4.08746292611475	3.90689069178818	4.39231749147852	4.2479275893749	4.75488755559662	4.16992508159203	4.32192816702211	4.00000009016844	4.70043977362936	4.52356201878288	4.80735497358243	4.08746292611475	4.75488755559662	3.80735502510725	4.16992508159203	4.32192816702211	3.58496262094574	4.32192816702211	3.90689069178818	3.58496262094574	3.90689069178818	4.16992508159203	4.16992508159203	3.58496262094574	4.08746292611475	5.35755203980577	3.32192823915686	1.00000144269432	1.00000144269432	6.24792753242642	6.35755202221193	6.71424553140608	6.32192811292105	4.08746292611475	1.00000144269432	1.00000144269432	6.24792753242642	6.35755202221193	6.71424553140608	6.32192811292105	4.08746292611475	2.32192838342634	1.58496298161942	4.64385624748253	3.80735502510725	9.50779464218042	9.42626475679904	9.62570884489066	9.21188829697888	8.84862294355883	9.55650605658786	9.57175264539933	9.07681559972249	8.91288933922311	9.21431912322955	8.4553272244148	9.45738088112473	7.34872816308197	6.08746286246644	8.47978026807026	9.59991284404627	9.75321675085068	9.9218409385618	9.57553924872535	9.64565843420983	9.94104760780823	9.75822321639265	9.58308276938389	10.0223678144157	9.37068740898652
PER3	8.83289001732855	5.45943165142582	4.70043977362936	6.37503944872879	5.80735494782002	5.04439416307648	5.12928305816482	6.02236783522376	5.39231745712864	5.08746288368255	4.90689064369835	10.4008794373493	10.3208005500096	10.2900188480849	10.1736771375525	10.2191685216725	10.1215335186351	10.6054795189877	10.3641346561027	10.5545888526369	10.4573808800986	10.5593770914827	10.4573808800986	9.84077792516833	9.77478706124809	10.0251395636631	10.108524458085	10.4625022736197	10.1972166943389	10.4439795436369	10.043027284962	10.3586512019917	10.6873756843124	10.6045532300056	10.6608872711937	10.171176798903	10.2143191220152	10.7030383898519	10.5274770070378	10.5774288289799	10.7090838134122	9.93810932768988	10.2057932506187	10.2854022200183	10.4767462049519	10.5333297332793	10.004220467723	10.4878400348277	10.6978363588309	10.6750749212678	10.6054795189877	9.87036472112475	11.0299773472795	10.286557762763	2.32192838342634	2.58496274117031	2.00000036067372	2.32192838342634	2.32192838342634	2.58496274117031	1.58496298161942	2.80735512815688	4.2479275893749	2.80735512815688	3.45943174979139	4.45943168421434	3.58496262094574	3.45943174979139	3.45943174979139	3.16992516174175	1.58496298161942	2.58496274117031	2.80735512815688	1.58496298161942	2.58496274117031	2.00000036067372	2.32192838342634	2.32192838342634	3.45943174979139	4.16992508159203	4.08746292611475	4.16992508159203	4.00000009016844	4.00000009016844	3.45943174979139	4.32192816702211	3.32192823915686	3.00000018033687	3.70043982911763	4.2479275893749	4.00000009016844	3.32192823915686	3.45943174979139	3.16992516174175	3.16992516174175	3.58496262094574	3.32192823915686	2.58496274117031	2.80735512815688	3.16992516174175	3.45943174979139	3.00000018033687	3.80735502510725	4.00000009016844	3.70043982911763	3.80735502510725	3.70043982911763	3.58496262094574	3.16992516174175	4.08746292611475	3.32192823915686	3.45943174979139	3.32192823915686	2.58496274117031	3.32192823915686	2.58496274117031	2.80735512815688	1.44269431942324e-06	2.58496274117031	2.80735512815688	2.80735512815688	2.32192838342634	1.44269431942324e-06	1.58496298161942	2.32192838342634	3.32192823915686	2.58496274117031	3.80735502510725	2.32192838342634	2.80735512815688	3.32192823915686	3.45943174979139	4.00000009016844	3.80735502510725	3.80735502510725	4.2479275893749	3.70043982911763	3.70043982911763	3.16992516174175	3.80735502510725	2.32192838342634	2.80735512815688	2.00000036067372	2.32192838342634	2.00000036067372	2.58496274117031	2.80735512815688	3.00000018033687	7.56224243185438	10.0539258828883	5.24792755140924	5.90689061965344	5.97727994639984	7.02236782412611	6.44294351243143	8.06608919584096	6.14974713982433	6.95419632202151	5.90689061965344	5.97727994639984	7.02236782412611	6.44294351243143	8.06608919584096	6.14974713982433	6.95419632202151	3.16992516174175	1.58496298161942	4.32192816702211	3.00000018033687	9.21674586062	8.59245704100563	9.24792751581644	7.69348696446887	7.90086681401713	8.42206477037892	8.68299458719189	8.10328781365819	7.7142455245361	7.59245704474318	7.28540222811029	7.6438561969882	6.93073734938826	5.75488752888004	8.42626475889598	6.87036473191413	6.76818433801266	6.75488751552176	6.76818433801266	6.32192811292105	7.00000001127106	6.64385620420168	6.20945338512483	6.72792046817353	6.6582114970359
TIMELESS	8.67948010302422	9.59805250202314	9.23840474171365	10.9978851285346	10.5410966163178	9.43045255375639	9.37937836923747	10.1032878097236	10.4998458880795	9.34651373538176	9.66533591896189	9.04984855217263	8.91886324025537	8.79116289181167	8.56605404197767	8.90689059861413	9.03891899203507	9.34651373538176	9.12670447542404	9.58308276938389	9.27612440760116	9.64385619157809	9.81538329741475	9.51766939010202	9.34207467022209	9.57175264539933	9.50977500630594	9.98726401349391	9.69522829323603	9.48784003583238	9.32642948936949	9.39874369407552	9.70735913380659	9.92035285690393	9.87651694809978	9.52552081105259	9.4777582684673	9.82495874211915	9.6882503108819	9.72962074525233	9.80896417652762	8.87344411559149	9.16992500394699	8.86727874279895	9.55650605658786	9.44086916968669	8.63299520077695	9.48784003583238	9.39446269675399	9.3353903569272	9.99859043115559	9.60733031559922	9.41362793113956	8.89178370625556	5.39231745712864	5.67242537025963	5.67242537025963	5.70043974588523	5.93073736121362	5.35755203980577	5.61470987355796	5.80735494782002	5.75488752888004	5.5849625307773	5.16992504151717	5.28540225585443	5.78135973975548	5.78135973975548	5.5849625307773	5.45943165142582	5.45943165142582	5.61470987355796	5.95419633365615	5.64385621862863	6.02236783522376	5.8826430738143	5.64385621862863	6.00000002254211	5.83289003947518	5.52356198741995	5.28540225585443	5.83289003947518	5.75488752888004	5.85798102000162	5.80735494782002	5.78135973975548	6.6582114970359	6.24792753242642	6.24792753242642	6.49185311235962	6.56985562351721	6.47573344717645	6.2667865594312	6.56985562351721	5.12928305816482	5.55458888237328	5.83289003947518	5.42626478825315	5.32192813095474	5.67242537025963	5.52356198741995	5.90689061965344	5.75488752888004	5.49185312838956	5.39231745712864	5.5849625307773	5.61470987355796	5.64385621862863	5.35755203980577	5.45943165142582	5.97727994639984	5.35755203980577	5.49185312838956	5.5849625307773	5.45943165142582	5.75488752888004	5.67242537025963	5.39231745712864	6.10852447768679	6.04439414121747	5.8826430738143	5.67242537025963	5.93073736121362	5.55458888237328	6.14974713982433	5.90689061965344	5.64385621862863	5.32192813095474	5.64385621862863	5.93073736121362	5.64385621862863	5.80735494782002	5.93073736121362	5.64385621862863	5.93073736121362	5.61470987355796	5.61470987355796	5.52356198741995	5.42626478825315	5.70043974588523	5.24792755140924	5.55458888237328	5.24792755140924	5.12928305816482	5.32192813095474	4.80735497358243	5.08746288368255	5.32192813095474	8.73470962361245	10.1395513536778	8.53527538050947	7.70043972507713	6.75488751552176	9.10590851118948	7.47573343907143	8.27146303257329	7.76818433139479	8.3837042967935	7.70043972507713	6.75488751552176	9.10590851118948	7.47573343907143	8.27146303257329	7.76818433139479	8.3837042967935	6.22881870973181	5.85798102000162	6.55458886702546	5.5849625307773	8.20945337050292	8.19475685934612	7.8265484936464	10.4325419014322	9.45943162068658	9.58496250259967	11.0993478110608	10.6238814909277	10.2491134538992	10.4908508777429	10.9181178517774	10.1935253617332	7.90086681401713	8.01680829325681	10.1636496772736	7.27612441458195	7.04439413028796	7.81378119762902	7.37503944003786	7.46760555823382	7.58496250823519	7.03342301255039	7.46760555823382	7.70043972507713	7.59245704474318
ADORA2A	4.58496256083345	9.82654848887979	9.69174352091577	9.07948478649353	8.60362634869492	10.1215335186351	9.82495874211915	8.55842071709544	7.76818433139479	10.2784494593821	8.98868468961212	6.67242535611556	6.98868469813197	6.6582114970359	6.14974713982433	5.8826430738143	6.08746286246644	6.2667865594312	5.5849625307773	7.20945337537689	7.44294350414008	7.36632222298942	7.67948010654298	7.19967235465062	6.97727993494988	7.47573343907143	7.40939094462414	7.25738785212203	7.11894108310261	7.10852446723248	6.80735493493881	7.13955136263067	7.32192810390421	7.25738785212203	7.17990909996456	7.03342301255039	7.03342301255039	6.74146699988428	6.40939095311058	6.55458886702546	7.08746285185839	6.06608921199053	6.40939095311058	6.59991285706027	7.22881870011385	7.04439413028796	5.16992504151717	7.05528244634852	5.55458888237328	6.67242535611556	6.90689060763098	6.40939095311058	6.40939095311058	6.04439414121747	4.52356201878288	4.85798104487568	4.80735497358243	4.70043977362936	4.75488755559662	5.28540225585443	5.00000004508422	5.00000004508422	5.08746288368255	5.35755203980577	5.08746288368255	4.85798104487568	5.28540225585443	5.20945340462071	5.12928305816482	5.08746288368255	4.70043977362936	4.2479275893749	4.32192816702211	4.00000009016844	3.90689069178818	3.70043982911763	4.08746292611475	4.39231749147852	4.58496256083345	4.90689064369835	4.70043977362936	5.04439416307648	5.04439416307648	4.70043977362936	4.32192816702211	4.95419635692542	6.1292830375549	6.06608921199053	5.93073736121362	5.97727994639984	6.1292830375549	5.97727994639984	6.1292830375549	5.93073736121362	5.42626478825315	5.42626478825315	5.55458888237328	5.75488752888004	4.80735497358243	5.35755203980577	5.35755203980577	5.78135973975548	6.06608921199053	6.06608921199053	5.64385621862863	6.30378076643907	5.55458888237328	5.8826430738143	5.8826430738143	5.45943165142582	4.90689064369835	4.80735497358243	5.24792755140924	5.04439416307648	4.85798104487568	4.75488755559662	5.12928305816482	5.12928305816482	3.45943174979139	4.2479275893749	4.32192816702211	4.45943168421434	4.32192816702211	3.80735502510725	5.64385621862863	5.97727994639984	5.75488752888004	6.02236783522376	5.70043974588523	5.83289003947518	5.83289003947518	5.80735494782002	5.20945340462071	5.35755203980577	5.55458888237328	5.45943165142582	5.12928305816482	5.5849625307773	5.24792755140924	5.67242537025963	5.16992504151717	5.12928305816482	5.12928305816482	4.95419635692542	4.80735497358243	5.28540225585443	4.64385624748253	5.12928305816482	11.3923174233155	11.5603328346902	11.9072662489067	11.9012440328446	10.472690840258	9.29001884923724	8.79116289181167	9.59432460579121	9.97441459123962	11.1730524583989	11.9012440328446	10.472690840258	9.29001884923724	8.79116289181167	9.59432460579121	9.97441459123962	11.1730524583989	2.80735512815688	1.00000144269432	1.44269431942324e-06	1.44269431942324e-06	3.58496262094574	3.70043982911763	1.00000144269432	2.00000036067372	1.00000072134734	1.00000072134734	3.90689069178818	3.16992516174175	2.58496274117031	3.32192823915686	3.80735502510725	3.45943174979139	1.00000072134734	2.58496274117031	4.95419635692542	8.5961897598723	8.76818432808586	8.50779464416215	8.86727874279895	9.06339508398514	8.54303182412305	8.89784545903003	9.26912668148766	8.93073734051923	9.21674586062
MTA1	9.74146698808654	9.24555270863245	8.92481250657429	9.55458885359612	9.5235619580172	9.12670447542404	9.26912668148766	8.94836723450511	9.03066713900544	9.30378075045985	9.30833903241495	9.75822321639265	9.56985561022923	9.55458885359612	9.65105169297333	9.29462075118891	9.4777582684673	9.73470962191914	9.48784003583238	9.88722061699182	10.0498485508116	10.0552824368571	10.0768155983867	9.90989308526973	9.98441846022532	10.0808175289405	9.96000193351657	10.0512089422745	9.73978061146062	9.37503943351966	9.20212382627986	9.25502857217993	9.71767642477981	9.66177809955309	9.62205182128721	9.63481105198643	9.56605404007438	9.66711154384956	9.47978026604968	9.45738088112473	9.48381577927919	9.12412131441466	9.32867492957164	9.18239435588765	9.55074678730684	9.44708322827655	8.07681560239415	9.5603328361233	9.24079133454658	9.31514956452113	10.1163439625372	9.81538329741475	9.30149619726891	9.12412131441466	6.58496251574923	6.61470985883659	6.47573344717645	6.71424553140608	6.68650054118997	6.58496251574923	6.70043973201316	6.71424553140608	7.03342301255039	6.91886324919769	7.06608920122415	7.12928302724993	7.26678655006305	7.11894108310261	7.07681560773746	6.87036473191413	7.10852446723248	6.84549006348955	6.87036473191413	6.93073734938826	6.89481777543143	7.12928302724993	6.74146699988428	6.75488751552176	6.74146699988428	6.95419632202151	6.70043973201316	6.75488751552176	6.62935663465229	7.06608920122415	6.87036473191413	7.03342301255039	8.10328781365819	7.83289002049235	7.75488750884261	7.89481776936969	7.58496250823519	7.70735913898373	7.93073734347557	7.7210991955446	7.28540222811029	7.14974712966451	7.12928302724993	7.58496250823519	7.33091688707546	7.36632222298942	7.15987134686717	7.25738785212203	7.23840474887935	7.4512111200763	7.36632222298942	7.41785252332271	7.40939094462414	7.39231743136623	7.46760555823382	7.38370430111295	7.09803209349115	6.74146699988428	7.09803209349115	7.357552013415	6.94251451706847	7.12928302724993	7.03342301255039	7.10852446723248	7.06608920122415	7.02236782412611	7.10852446723248	6.96578429620365	6.95419632202151	7.05528244634852	6.91886324919769	6.88264306158807	6.96578429620365	7.05528244634852	7.05528244634852	6.95419632202151	6.87036473191413	6.75488751552176	6.74146699988428	7.02236782412611	6.84549006348955	6.74146699988428	6.70043973201316	6.8201789751824	6.98868469813197	6.94251451706847	6.89481777543143	6.8201789751824	6.90689060763098	6.89481777543143	7.00000001127106	6.88264306158807	6.76818433801266	6.96578429620365	10.419960178901	11.2070143207878	10.8328900149557	9.49585502888536	8.21916852530342	10.3208005500096	8.43045255584726	9.49585502888536	9.39016895835025	10.041659153006	9.49585502888536	8.21916852530342	10.3208005500096	8.43045255584726	9.49585502888536	9.39016895835025	10.041659153006	4.85798104487568	4.80735497358243	6.42626477147762	5.42626478825315	10.1163439625372	9.6882503108819	10.1484765834494	10.1898245601152	10.1433832152654	10.3128829564186	10.5186531566568	10.2143191220152	9.9218409385618	10.1972166943389	10.3890935229803	10.368506462599	8.82336724323099	8.4553272244148	10.2203783289045	11.1510165395267	11.0573148784597	11.1842554960253	11.287135186664	10.9188632380198	10.9851303741786	11.1156939528472	10.9701058913314	11.1195896213895	11.1929092197283
PTGDS	1.58496298161942	6.18982457864296	5.78135973975548	5.95419633365615	6.90689060763098	6.20945338512483	5.61470987355796	5.28540225585443	6.79441587934736	6.32192811292105	5.45943165142582	0	0	0	0	0	0	0	0	0	0	0	0	0	0	0	0	0	0	0	0	0	0	0	0	0	0	0	0	0	0	0	0	0	0	0	0	0	0	0	0	0	0	0	1.00000144269432	1.00000144269432	1.00000144269432	1.00000144269432	1.00000144269432	1.00000144269432	1.00000144269432	1.00000144269432	1.00000144269432	1.00000144269432	1.00000144269432	1.00000144269432	1.00000144269432	1.00000144269432	1.00000144269432	1.00000144269432	1.00000144269432	1.00000144269432	1.00000072134734	1.00000144269432	1.00000144269432	1.00000144269432	1.00000144269432	1.00000144269432	1.00000144269432	1.44269431942324e-06	1.44269431942324e-06	1.00000144269432	1.00000144269432	1.00000144269432	1.00000144269432	1.44269431942324e-06	1.00000144269432	1.00000072134734	1.00000144269432	1.44269431942324e-06	1.00000144269432	1.00000072134734	1.00000144269432	1.44269431942324e-06	1.00000144269432	1.44269431942324e-06	1.00000144269432	1.00000144269432	1.00000072134734	1.44269431942324e-06	1.44269431942324e-06	1.00000144269432	1.44269431942324e-06	1.00000144269432	1.00000144269432	1.44269431942324e-06	1.00000144269432	1.44269431942324e-06	1.00000144269432	1.44269431942324e-06	1.44269431942324e-06	1.00000144269432	1.00000144269432	1.00000144269432	1.00000144269432	1.00000144269432	1.00000144269432	1.00000144269432	1.00000144269432	1.00000144269432	1.00000144269432	1.00000144269432	1.00000144269432	1.00000144269432	1.00000144269432	1.44269431942324e-06	1.00000144269432	1.44269431942324e-06	1.00000144269432	1.00000144269432	1.44269431942324e-06	1.00000144269432	1.00000144269432	1.00000144269432	1.44269431942324e-06	1.44269431942324e-06	1.00000144269432	1.00000144269432	1.00000144269432	1.00000144269432	1.00000144269432	1.00000144269432	1.00000144269432	1.44269431942324e-06	1.00000144269432	1.00000144269432	1.00000144269432	1.44269431942324e-06	8.71080643714254	8.76155123576866	1.00000144269432	1.00000144269432	4.75488755559662	1.00000144269432	1.00000144269432	1.00000144269432	1.00000144269432	3.00000018033687	1.00000144269432	4.75488755559662	1.00000144269432	1.00000144269432	1.00000144269432	1.00000144269432	3.00000018033687	4.00000009016844	3.00000018033687	2.00000036067372	2.80735512815688	6.35755202221193	5.75488752888004	4.85798104487568	4.52356201878288	4.32192816702211	4.00000009016844	5.55458888237328	5.32192813095474	3.58496262094574	4.32192816702211	4.90689064369835	2.58496274117031	1.00000072134734	3.58496262094574	3.70043982911763	1.00000144269432	1.00000144269432	1.00000144269432	1.00000144269432	1.00000144269432	1.00000144269432	1.00000144269432	1.00000144269432	1.00000144269432	1.44269431942324e-06
PER1	9.82972273667144	8.36632221861762	10.0633950826368	8.45943162273586	8.53527538050947	8.27146303257329	8.50779464416215	8.0112272610151	8.47978026807026	8.08214904667747	9.95128471642424	12.2088439910394	12.0904432754124	12.111787736127	12.4220647664357	12.4267888948576	12.5648639904651	11.357002092815	12.0579917230975	12.8511634134154	12.8711351844356	12.0402897213682	12.3162815320291	12.0080784112185	11.5435152166355	12.1667907510319	12.7260052313415	12.3247431107756	12.4395711965362	11.5058115544157	11.4294067420371	12.1808415658774	12.1677317414168	10.704768240227	10.9121408570444	11.1972166937245	11.314016704468	11.4918530968306	11.4130989854443	11.6325408770013	11.65284497345	11.3793783676128	11.5882461525134	11.449664538992	9.87805091426169	10.5774288289799	7.97154355969856	10.1811522581082	11.1137421667002	10.9729797867841	13.1707075015045	12.9093305931944	10.7423094369262	11.4537850560105	4.70043977362936	4.32192816702211	3.70043982911763	4.39231749147852	4.32192816702211	3.58496262094574	4.64385624748253	4.75488755559662	4.58496256083345	5.04439416307648	4.90689064369835	5.32192813095474	5.16992504151717	5.00000004508422	4.80735497358243	5.5849625307773	4.16992508159203	4.32192816702211	4.70043977362936	4.52356201878288	3.90689069178818	4.08746292611475	4.16992508159203	4.32192816702211	4.75488755559662	4.75488755559662	4.16992508159203	4.45943168421434	4.08746292611475	4.70043977362936	3.45943174979139	4.2479275893749	5.72792048178386	5.83289003947518	5.80735494782002	6.00000002254211	5.70043974588523	5.42626478825315	5.5849625307773	5.61470987355796	4.85798104487568	4.70043977362936	5.20945340462071	4.52356201878288	4.58496256083345	4.80735497358243	4.64385624748253	4.64385624748253	4.08746292611475	5.08746288368255	5.08746288368255	4.39231749147852	4.75488755559662	4.75488755559662	4.80735497358243	4.90689064369835	4.16992508159203	4.75488755559662	4.80735497358243	4.16992508159203	4.70043977362936	4.58496256083345	4.75488755559662	4.90689064369835	3.90689069178818	3.70043982911763	4.00000009016844	4.32192816702211	4.2479275893749	3.45943174979139	5.12928305816482	5.24792755140924	5.28540225585443	5.08746288368255	4.95419635692542	5.70043974588523	5.00000004508422	5.45943165142582	5.55458888237328	5.20945340462071	5.55458888237328	5.28540225585443	5.67242537025963	5.64385621862863	5.75488752888004	5.49185312838956	5.24792755140924	5.24792755140924	4.2479275893749	5.16992504151717	4.90689064369835	4.85798104487568	4.90689064369835	4.95419635692542	8.87958325267583	9.53721840248031	8.46352437735814	8.71424552110111	7.11894108310261	8.66533592073861	6.1292830375549	7.26678655006305	8.58496250447817	7.8265484936464	8.71424552110111	7.11894108310261	8.66533592073861	6.1292830375549	7.26678655006305	8.58496250447817	7.8265484936464	9.63299519895995	9.28308835533972	10.5235619570371	9.78626962928232	11.7142455180955	12.3490047183043	11.2390017583625	12.1513337196088	11.7460943841255	12.0841440109474	12.296916207166	12.2339192088865	13.1384318064368	12.1705510356297	12.0552824358402	12.972082308742	10.007027268296	9.30149619726891	12.762382038918	10.2431739846633	10.3264294882459	10.5097750053164	10.1611318842443	10.367414752339	10.1241213131219	10.5999128431167	10.0484868753547	10.2842457509866	9.79928162314111
PER2	8.9971794837609	5.55458888237328	6.06608921199053	6.2667865594312	5.85798102000162	5.08746288368255	5.70043974588523	5.61470987355796	5.5849625307773	5.45943165142582	5.52356198741995	7.247927522935	6.90689060763098	7.33091688707546	7.16992501146103	7.69348696446887	7.5999128496237	7.63662462779337	7.30378075730808	6.8201789751824	6.50779465605249	6.22881870973181	6.6582114970359	6.28540223735834	5.8826430738143	7.25738785212203	7.20945337537689	5.80735494782002	5.55458888237328	5.28540225585443	5.5849625307773	6.1292830375549	6.22881870973181	6.89481777543143	6.45943163503156	6.47573344717645	6.42626477147762	6.14974713982433	5.75488752888004	5.8826430738143	5.8826430738143	6.32192811292105	6.32192811292105	6.49185311235962	6.64385620420168	6.76818433801266	3.90689069178818	6.72792046817353	6.32192811292105	5.70043974588523	6.55458886702546	5.08746288368255	6.16992502147974	6.8201789751824	2.00000036067372	1.00000072134734	1.44269431942324e-06	1.44269431942324e-06	1.58496298161942	1.00000072134734	2.32192838342634	2.00000036067372	3.00000018033687	2.00000036067372	2.32192838342634	3.00000018033687	2.00000036067372	2.58496274117031	1.00000072134734	2.00000036067372	2.00000036067372	2.32192838342634	2.58496274117031	2.00000036067372	1.44269431942324e-06	2.00000036067372	2.32192838342634	1.00000072134734	1.00000144269432	1.44269431942324e-06	1.00000072134734	1.00000072134734	1.58496298161942	2.00000036067372	2.58496274117031	1.00000072134734	2.32192838342634	2.00000036067372	2.32192838342634	2.32192838342634	2.00000036067372	2.80735512815688	2.32192838342634	1.58496298161942	2.00000036067372	2.80735512815688	2.00000036067372	2.00000036067372	3.16992516174175	3.00000018033687	1.44269431942324e-06	2.58496274117031	2.00000036067372	1.58496298161942	1.00000072134734	2.32192838342634	2.00000036067372	2.32192838342634	2.32192838342634	2.00000036067372	2.58496274117031	1.44269431942324e-06	2.32192838342634	1.00000072134734	1.00000144269432	2.00000036067372	1.58496298161942	2.32192838342634	1.58496298161942	1.58496298161942	1.44269431942324e-06	2.00000036067372	1.00000144269432	2.00000036067372	1.00000072134734	2.00000036067372	1.58496298161942	1.44269431942324e-06	2.32192838342634	2.32192838342634	1.00000072134734	1.00000072134734	1.00000072134734	2.00000036067372	1.58496298161942	1.44269431942324e-06	2.00000036067372	2.00000036067372	1.00000072134734	1.44269431942324e-06	2.32192838342634	2.58496274117031	3.16992516174175	3.00000018033687	1.44269431942324e-06	2.32192838342634	1.58496298161942	2.32192838342634	5.00000004508422	5.80735494782002	3.16992516174175	1.00000144269432	4.00000009016844	5.67242537025963	3.90689069178818	4.39231749147852	6.96578429620365	3.45943174979139	1.00000144269432	4.00000009016844	5.67242537025963	3.90689069178818	4.39231749147852	6.96578429620365	3.45943174979139	7.78790256591946	7.22881870011385	8.15987134182278	7.00000001127106	7.66533592429205	7.59245704474318	7.15987134686717	9.04439412209083	8.34872815865652	8.58496250447817	10.3531468266011	10.1433832152654	10.3575520057177	10.1006623403191	10.8392037888844	10.3912435905017	7.96000193786204	7.95419631620419	9.69522829323603	8.9971794837609	8.25738784740734	8.89784545903003	8.53138146441549	8.64024493983812	8.39660478546285	8.91886324025537	8.5961897598723	9.17741954048094	8.1749256874927
TP53	1.44269431942324e-06	10.6384359148956	10.666224003691	11.3674147517929	11.1579784505768	10.226412193993	10.9336906556898	11.2425786900468	11.2227949034717	10.6653359180735	10.6339034102564	11.9697462511742	12.0066767156596	11.7490313824593	11.8217739823691	11.7652860991381	11.9388444578336	12.0491678727126	11.9472716528257	12.387209580989	12.3709597935697	12.6008421146195	12.6832139551538	12.2579770588585	12.2261110984335	12.5117526540144	12.4576373812482	12.7262181595451	12.4112461521053	11.9971794812905	11.8745971927858	11.9292584090069	12.2997804031447	12.2989217412561	12.3289553620617	12.1551344551741	12.0420013066212	12.2735042342536	12.0704564162801	12.0814834384266	12.1823943537149	11.5915223470382	12.0920964153212	11.9847744604028	12.2124963854979	12.0808175279414	11.1805308079661	12.2497060572659	12.1503819691352	12.2641493400166	12.7776662810862	12.3509391818226	12.2137117984094	11.8933015312398	8.0112272610151	8.03891899477783	7.99435344251649	8.13442632535507	8.14465824792974	8.01680829325681	7.91886324323614	7.97154355969856	8.19967234974349	8.37503943569239	8.28077077476949	8.38801728965169	8.39660478546285	8.35755200901654	8.34429591235488	8.3923174270725	8.31288295982113	8.34429591235488	8.30378075274259	8.21916852530342	8.3083390346905	8.22400167902317	8.22400167902317	8.3923174270725	8.26209485006951	8.36632221861762	8.21916852530342	8.32642949161668	8.25738784740734	8.33091688259504	8.28077077476949	8.27146303257329	9.13185696318044	9.19229281693691	9.14210705985599	9.13699111464274	9.068778280672	8.99435343968767	8.97154355682467	9.068778280672	8.24792751818929	8.27146303257329	8.2045711491397	8.3837042967935	8.24317398823432	8.22400167902317	8.25738784740734	8.22400167902317	8.57364719127992	8.62570884671686	8.56605404197767	8.55842071709544	8.4553272244148	8.40939094038092	8.55842071709544	8.43462823180636	8.21916852530342	8.17990909498974	8.31288295982113	8.24317398823432	8.35314682990999	8.26678654537898	8.33091688259504	8.32192809939578	8.49984589106855	8.61102480099711	8.55842071709544	8.64024493983812	8.48381578129413	8.49984589106855	8.41362793325495	8.53138146441549	8.57742883181244	8.58496250447817	8.51175265771997	8.45943162273586	8.54303182412305	8.37068741116581	8.26678654537898	8.28540222348627	8.26678654537898	8.2045711491397	8.14465824792974	8.19475685934612	8.3083390346905	8.10328781365819	7.91288934221625	8.02236781857728	8.02236781857728	7.94251451120385	8.03342300704392	8.02236781857728	8.16992500645167	7.96000193786204	12.0413169161717	12.8051392645183	11.536732890321	9.26209484771985	8.95710204446509	10.8572034722859	9.6420516947336	10.6995724541548	8.50779464416215	10.6128684982123	9.26209484771985	8.95710204446509	10.8572034722859	9.6420516947336	10.6995724541548	8.50779464416215	10.6128684982123	0	0	0	0	0	0	0	0	0	0	0	0	0	0	0	0	0	0	0	10.3597495614203	10.5689061554519	10.4655664058297	10.4665863387388	10.6073303146744	10.4573808800986	10.0512089422745	10.5961897570764	10.0728025358838	10.494855585491
ATG7	9.94982671221785	8.10852446200533	8.28540222348627	8.99152184891007	8.58871463932952	7.5999128496237	8.32642949161668	8.38801728965169	8.79116289181167	8.55458885551459	8.0498485548947	9.24317398585364	9.37503943351966	9.23601419429261	9.27146303023883	8.90689059861413	9.10852445939175	8.92184094004912	9.00000000281776	9.17492568499669	9.03066713900544	9.03066713900544	9.3353903569272	9.04712391484124	9.13955135495676	9.13185696318044	9.32418054886944	9.25974326604428	9.00000000281776	8.93957921725297	8.73809226299917	8.97441459267371	9.23601419429261	8.64385619338146	9.03066713900544	9.06608919314937	8.83920379124693	9.27146303023883	9.28308835533972	9.12928301952121	8.84549005408067	8.65463603210786	9.16992500394699	8.92481250657429	8.70043972160911	8.75822321805858	7.65821148989385	8.82654849046866	8.87958325267583	8.65821148632282	9.62021982734064	9.43254190247609	8.73131903441964	8.80089990315505	5.45943165142582	5.75488752888004	5.55458888237328	5.64385621862863	5.16992504151717	5.61470987355796	5.85798102000162	5.5849625307773	5.72792048178386	5.5849625307773	6.04439414121747	5.70043974588523	5.49185312838956	5.64385621862863	5.75488752888004	6.02236783522376	5.64385621862863	5.85798102000162	5.45943165142582	5.85798102000162	5.75488752888004	6.02236783522376	5.67242537025963	5.78135973975548	5.85798102000162	5.95419633365615	5.61470987355796	5.72792048178386	5.49185312838956	5.67242537025963	5.35755203980577	5.67242537025963	6.47573344717645	6.62935663465229	6.35755202221193	6.18982457864296	6.08746286246644	6.37503944872879	6.35755202221193	6.49185311235962	6.16992502147974	6.06608921199053	5.75488752888004	6.02236783522376	6.04439414121747	6.16992502147974	6.10852447768679	5.67242537025963	6.1292830375549	6.32192811292105	6.49185311235962	6.00000002254211	6.08746286246644	6.2667865594312	6.55458886702546	6.28540223735834	5.16992504151717	5.28540225585443	4.70043977362936	4.64385624748253	5.28540225585443	5.20945340462071	5.52356198741995	5.32192813095474	5.45943165142582	5.00000004508422	5.32192813095474	5.61470987355796	5.08746288368255	5.5849625307773	5.97727994639984	5.95419633365615	6.04439414121747	6.06608921199053	6.16992502147974	5.97727994639984	6.22881870973181	5.95419633365615	5.95419633365615	5.75488752888004	6.10852447768679	5.75488752888004	5.78135973975548	5.95419633365615	6.1292830375549	6.2667865594312	5.16992504151717	5.97727994639984	5.72792048178386	5.49185312838956	5.49185312838956	5.16992504151717	5.55458888237328	5.39231745712864	8.28077077476949	9.18982456135038	8.1497471245846	8.62570884671686	7.26678655006305	8.20945337050292	6.8201789751824	8.1749256874927	7.40939094462414	8.10328781365819	8.62570884671686	7.26678655006305	8.20945337050292	6.8201789751824	8.1749256874927	7.40939094462414	8.10328781365819	6.93073734938826	6.62935663465229	8.76818432808586	8.57364719127992	12.56391124482	13.2597432638379	12.592223421593	12.3734089605006	13.0221944019341	13.2273151000559	11.7527987588536	11.9236988836664	12.0788179502955	11.3241805471814	11.5971214292553	11.3054917926807	10.4273128451827	10.1598713380395	11.8153832962138	10.8788172853804	10.0967151558061	10.7706638937426	9.90689059711133	10.1636496772736	9.92332748690498	10.7099453810938	10.0154150537806	10.7389366825203	10.1124395080848
ADRB1	3.00000018033687	0	0	0	0	0	0	0	0	0	0	0	0	0	0	0	0	0	0	0	0	0	0	0	0	0	0	0	0	0	0	0	0	0	0	0	0	0	0	0	0	0	0	0	0	0	0	0	0	0	0	0	0	0	2.32192838342634	2.58496274117031	1.58496298161942	1.58496298161942	3.00000018033687	2.32192838342634	2.00000036067372	1.58496298161942	1.58496298161942	2.00000036067372	2.32192838342634	2.32192838342634	1.00000072134734	1.58496298161942	2.00000036067372	2.58496274117031	1.58496298161942	2.58496274117031	1.58496298161942	2.58496274117031	1.00000072134734	2.00000036067372	2.00000036067372	1.58496298161942	1.58496298161942	3.32192823915686	3.00000018033687	2.80735512815688	2.58496274117031	2.32192838342634	2.32192838342634	1.58496298161942	3.16992516174175	3.00000018033687	2.80735512815688	2.58496274117031	3.00000018033687	2.00000036067372	2.32192838342634	3.00000018033687	1.00000072134734	1.44269431942324e-06	1.44269431942324e-06	1.00000072134734	1.00000072134734	1.00000072134734	2.00000036067372	1.00000072134734	2.32192838342634	2.32192838342634	1.58496298161942	2.80735512815688	2.00000036067372	1.58496298161942	1.00000072134734	2.32192838342634	2.32192838342634	2.58496274117031	2.80735512815688	2.32192838342634	2.32192838342634	3.16992516174175	1.58496298161942	2.32192838342634	2.80735512815688	3.80735502510725	2.80735512815688	3.32192823915686	2.58496274117031	3.16992516174175	2.80735512815688	1.44269431942324e-06	1.58496298161942	1.00000072134734	2.32192838342634	2.00000036067372	1.00000072134734	1.00000072134734	2.00000036067372	2.00000036067372	3.00000018033687	2.58496274117031	2.00000036067372	3.16992516174175	1.00000072134734	2.58496274117031	1.44269431942324e-06	1.00000072134734	1.58496298161942	1.58496298161942	2.80735512815688	2.32192838342634	2.58496274117031	2.80735512815688	4.16992508159203	1.58496298161942	1.00000144269432	1.00000144269432	4.2479275893749	3.90689069178818	2.58496274117031	1.58496298161942	5.52356198741995	1.58496298161942	1.00000144269432	4.2479275893749	3.90689069178818	2.58496274117031	1.58496298161942	5.52356198741995	1.58496298161942	3.45943174979139	3.00000018033687	5.52356198741995	5.35755203980577	6.91886324919769	6.1292830375549	5.67242537025963	8.48381578129413	7.01122726660694	7.36632222298942	9.91587938032925	9.40939093825931	9.32192809714157	9.96866679463502	10.5430318212222	10.0375469553349	8.19475685934612	8.45121111595432	9.48179943368351	7.05528244634852	7.60733032114805	6.71424553140608	6.30378076643907	6.37503944872879	5.04439416307648	7.23840474887935	6.88264306158807	6.06608921199053	6.30378076643907
BTBD9	9.76487159239436	6.55458886702546	6.58496251574923	7.32192810390421	6.94251451706847	6.20945338512483	7.03342301255039	7.04439413028796	7.13955136263067	7.14974712966451	6.30378076643907	9.25029842027529	9.53332973425279	9.23361967915621	9.54882191038491	9.37721053255802	9.24317398585364	9.45738088112473	9.43254190247609	9.13185696318044	8.70043972160911	9.13955135495676	9.15481811158315	8.95128471788151	9.21431912322955	8.84862294355883	8.88569637638949	9.13955135495676	8.86418614775019	9.14974712204464	8.88569637638949	9.3553510986274	9.26678654303694	8.86108690909796	9.33985000511101	9.34429591013535	9.03617361530148	9.24317398585364	9.27146303023883	9.27146303023883	8.98299357754549	8.67948010302422	9.23601419429261	9.24792751581644	8.98013958049598	9.18982456135038	8.35755200901654	9.01122725821917	9.24079133454658	8.82017896560699	9.53527537856514	9.20212382627986	9.22641219519729	9.24317398585364	6.45943163503156	6.18982457864296	6.18982457864296	6.47573344717645	6.3923174399537	6.44294351243143	6.40939095311058	6.53915882662088	6.97727993494988	6.91886324919769	6.76818433801266	6.89481777543143	6.83289002681996	6.72792046817353	6.59991285706027	6.84549006348955	6.68650054118997	6.67242535611556	6.59991285706027	6.71424553140608	6.78135972664007	6.78135972664007	6.53915882662088	6.59991285706027	6.45943163503156	6.59991285706027	6.56985562351721	6.33985002069568	6.52356197173848	6.8579810075646	6.64385620420168	6.47573344717645	7.34872816308197	7.42626476308986	7.28540222811029	7.42626476308986	7.44294350414008	7.10852446723248	7.44294350414008	7.31288296435791	6.96578429620365	6.90689060763098	6.80735493493881	6.62935663465229	7.08746285185839	6.88264306158807	6.71424553140608	7.12928302724993	6.93073734938826	7.15987134686717	6.91886324919769	7.09803209349115	7.04439413028796	6.93073734938826	7.13955136263067	6.98868469813197	6.84549006348955	7.08746285185839	6.94251451706847	6.79441587934736	6.59991285706027	6.71424553140608	6.83289002681996	6.90689060763098	6.59991285706027	6.78135972664007	6.88264306158807	6.68650054118997	6.79441587934736	6.88264306158807	7.11894108310261	7.18982456876149	7.10852446723248	7.03342301255039	6.95419632202151	7.12928302724993	7.20945337537689	7.16992501146103	7.01122726660694	6.94251451706847	7.27612441458195	6.71424553140608	7.02236782412611	7.16992501146103	7.08746285185839	6.96578429620365	6.78135972664007	6.55458886702546	6.61470985883659	6.8579810075646	6.72792046817353	6.87036473191413	6.42626477147762	6.67242535611556	6.70043973201316	7.15987134686717	4.75488755559662	1.00000144269432	4.64385624748253	7.27612441458195	6.30378076643907	7.44294350414008	6.32192811292105	6.2667865594312	1.00000144269432	4.64385624748253	7.27612441458195	6.30378076643907	7.44294350414008	6.32192811292105	6.2667865594312	4.80735497358243	4.75488755559662	6.3923174399537	6.1292830375549	10.7714894703259	11.4696418177482	10.8564255294037	10.3297963393417	10.1344263215045	10.5555477726057	10.630267125937	10.4408691686488	10.4828079577348	10.8209766934187	10.4398308850201	10.9083926215244	8.76818432808586	8.77807713282168	10.5362472166596	9.74986942907245	9.77807713117852	9.66711154384956	9.57553924872535	9.64024493803023	9.83762793474812	9.66711154384956	9.51963625480874	9.45943162068658	9.43671154421902
HCRTR2	1.00000072134734	1.00000144269432	1.00000144269432	1.00000144269432	1.00000144269432	1.00000144269432	1.00000144269432	1.00000144269432	1.00000144269432	1.00000144269432	1.00000144269432	1.00000144269432	1.00000144269432	1.00000144269432	1.00000144269432	1.00000144269432	1.00000144269432	1.00000144269432	1.00000144269432	1.00000144269432	1.00000144269432	1.00000144269432	1.00000144269432	1.00000144269432	1.00000144269432	1.00000144269432	1.00000144269432	1.00000144269432	1.00000144269432	1.00000144269432	1.00000144269432	1.00000144269432	1.00000144269432	1.00000144269432	1.00000144269432	1.00000144269432	1.00000144269432	1.00000144269432	1.00000144269432	1.00000144269432	1.00000144269432	1.00000144269432	1.00000144269432	1.00000144269432	1.00000144269432	1.00000144269432	1.00000144269432	1.00000144269432	1.00000144269432	1.00000144269432	1.00000144269432	1.00000144269432	1.00000144269432	1.00000144269432	1.00000144269432	1.00000144269432	1.00000144269432	1.00000144269432	1.00000144269432	1.00000144269432	1.00000144269432	1.00000144269432	1.00000144269432	1.00000144269432	1.00000144269432	1.00000144269432	1.00000144269432	1.00000144269432	1.00000144269432	1.00000144269432	1.00000144269432	1.00000144269432	1.00000144269432	1.00000144269432	1.00000144269432	1.00000144269432	1.00000144269432	1.00000144269432	1.00000144269432	1.00000144269432	1.00000144269432	1.00000144269432	1.00000144269432	1.00000144269432	1.00000144269432	1.00000144269432	1.00000144269432	1.00000144269432	1.00000144269432	1.00000144269432	1.00000144269432	1.00000144269432	1.00000144269432	1.00000144269432	1.00000144269432	1.00000144269432	1.00000144269432	1.00000144269432	1.00000144269432	1.00000144269432	1.00000144269432	1.00000144269432	1.00000144269432	1.00000144269432	1.00000144269432	1.00000144269432	1.00000144269432	1.00000144269432	1.00000144269432	1.00000144269432	1.00000144269432	1.00000144269432	1.00000144269432	1.00000144269432	1.00000144269432	1.00000144269432	1.00000144269432	1.00000144269432	1.00000144269432	1.00000144269432	1.00000144269432	1.00000144269432	1.00000144269432	1.00000144269432	1.00000144269432	1.00000144269432	1.00000144269432	1.00000144269432	1.00000144269432	1.00000144269432	1.00000144269432	1.00000144269432	1.00000144269432	1.00000144269432	1.00000144269432	1.00000144269432	1.00000144269432	1.00000144269432	1.00000144269432	1.00000144269432	1.00000144269432	1.00000144269432	1.00000144269432	1.00000144269432	1.00000144269432	1.00000144269432	1.00000144269432	1.00000144269432	1.00000144269432	1.00000144269432	1.00000144269432	1.00000144269432	4.00000009016844	1.00000144269432	1.00000144269432	1.00000144269432	1.00000144269432	1.00000144269432	1.00000144269432	4.00000009016844	1.00000144269432	1.00000144269432	1.00000144269432	1.00000144269432	1.00000144269432	1.00000144269432	1.00000144269432	1.00000144269432	1.00000144269432	1.00000144269432	1.44269431942324e-06	1.00000144269432	1.00000144269432	1.00000144269432	1.00000144269432	1.00000144269432	1.00000144269432	1.00000144269432	1.00000144269432	1.00000144269432	1.00000144269432	1.00000144269432	1.00000144269432	1.00000144269432	1.00000144269432	1.00000144269432	1.00000144269432	1.00000144269432	1.00000144269432	1.00000144269432	1.00000144269432	1.00000144269432	1.00000144269432	1.00000144269432
RAI1	7.97154355969856	6.98868469813197	7.04439413028796	8.184875347866	8.00562455480748	7.62935662736595	7.86418615084611	6.93073734938826	6.55458886702546	7.37503944003786	7.31288296435791	7.94836723742555	8.21916852530342	7.75488750884261	7.86418615084611	7.83289002049235	7.54689446760258	7.86418615084611	7.53138146831466	8.59245704100563	8.82654849046866	8.62205182311804	8.78463484882894	8.59245704100563	8.64745843005266	8.65105169476772	8.27612440992809	8.71080643714254	8.28077077476949	7.87651695270413	7.7210991955446	7.72792046136836	8.2946207534862	8.59245704100563	8.37068741116581	8.15481811411419	8.09803208822584	7.85174904766149	7.6220518267797	7.65821148989385	7.98299358039666	7.07681560773746	6.70043973201316	6.95419632202151	7.65821148989385	7.62935662736595	5.93073736121362	7.5999128496237	7.08746285185839	7.11894108310261	8.62205182311804	8.53915881498624	6.88264306158807	6.8201789751824	5.83289003947518	5.75488752888004	5.52356198741995	5.52356198741995	5.5849625307773	6.08746286246644	5.42626478825315	5.85798102000162	6.20945338512483	6.16992502147974	6.3923174399537	6.24792753242642	6.45943163503156	6.3923174399537	5.90689061965344	6.20945338512483	6.33985002069568	6.33985002069568	6.1292830375549	6.42626477147762	6.33985002069568	6.24792753242642	6.14974713982433	6.37503944872879	6.18982457864296	6.14974713982433	5.83289003947518	5.75488752888004	5.85798102000162	6.02236783522376	5.80735494782002	6.20945338512483	7.27612441458195	7.16992501146103	7.33091688707546	7.12928302724993	7.19967235465062	7.08746285185839	7.19967235465062	6.74146699988428	6.79441587934736	6.79441587934736	7.01122726660694	7.09803209349115	6.64385620420168	6.93073734938826	6.93073734938826	6.75488751552176	6.78135972664007	6.96578429620365	7.10852446723248	6.70043973201316	6.8201789751824	6.83289002681996	6.79441587934736	7.01122726660694	6.71424553140608	6.72792046817353	6.68650054118997	6.8579810075646	6.70043973201316	6.67242535611556	6.78135972664007	6.6582114970359	6.24792753242642	6.44294351243143	6.1292830375549	6.33985002069568	6.3923174399537	6.37503944872879	6.52356197173848	6.18982457864296	6.40939095311058	6.30378076643907	6.24792753242642	6.18982457864296	6.24792753242642	6.1292830375549	6.24792753242642	6.30378076643907	6.24792753242642	6.49185311235962	6.2667865594312	6.53915882662088	6.56985562351721	6.30378076643907	5.8826430738143	6.18982457864296	5.95419633365615	5.93073736121362	6.02236783522376	6.18982457864296	6.14974713982433	6.04439414121747	9.76818432643139	10.1848753441477	9.69870466850644	6.50779465605249	7.06608920122415	9.71252700215936	8.40514146739208	9.25029842027529	7.39231743136623	8.88569637638949	6.50779465605249	7.06608920122415	9.71252700215936	8.40514146739208	9.25029842027529	7.39231743136623	8.88569637638949	6.35755202221193	5.75488752888004	7.13955136263067	6.84549006348955	10.1292830182331	10.4125698478637	9.82336724163861	9.87958325114431	9.4178525169951	9.80089990153768	10.8564255294037	10.3297963393417	9.88569637486444	10.4262647557506	10.5961897570764	10.3320365494809	8.38801728965169	7.95419631620419	9.75488750383325	8.56985561212751	8.88569637638949	8.50779464416215	8.43462823180636	8.4553272244148	8.71767642649323	8.03342300704392	8.23361968155271	7.73470962699905	7.91886324323614
CREB1	11.4589192074801	6.02236783522376	5.80735494782002	6.78135972664007	6.20945338512483	5.00000004508422	6.20945338512483	6.32192811292105	6.93073734938826	6.06608921199053	5.83289003947518	9.67771964340254	9.54303182218915	9.44501484793829	9.53915881304714	9.42206476827587	9.43462822972154	9.72280753287688	9.73301532338126	9.88264305089012	9.86573327239805	9.89935692443379	10.0168082890791	9.72109919041654	9.60362634684056	9.93516505107734	9.92481250509003	9.97154355538772	9.7004397198751	9.79766152747477	9.72451385482526	9.75822321639265	10.092757142241	9.88569637486444	10.101975672262	9.82495874211915	9.76321236847458	10.1254134717749	10.0306671376262	9.81538329741475	9.81378119282003	9.94544383784109	9.97297978750181	9.80574387376357	10.1560830775531	10.026523443903	9.38370429463377	10.2923216339525	9.9218409385618	9.6847486221746	10.0292872283488	9.73470962191914	9.89178370473694	9.51963625480874	6.00000002254211	6.20945338512483	5.8826430738143	6.02236783522376	5.93073736121362	6.02236783522376	5.80735494782002	6.1292830375549	6.6582114970359	6.75488751552176	6.71424553140608	6.75488751552176	6.53915882662088	6.49185311235962	6.74146699988428	6.53915882662088	6.59991285706027	6.70043973201316	6.80735493493881	6.62935663465229	6.59991285706027	6.53915882662088	6.44294351243143	6.70043973201316	6.79441587934736	6.70043973201316	6.75488751552176	6.52356197173848	6.71424553140608	6.89481777543143	6.96578429620365	6.75488751552176	6.76818433801266	6.97727993494988	6.84549006348955	6.89481777543143	7.06608920122415	6.84549006348955	6.8201789751824	7.00000001127106	6.61470985883659	6.2667865594312	6.44294351243143	6.44294351243143	5.95419633365615	6.28540223735834	6.14974713982433	6.04439414121747	6.76818433801266	6.83289002681996	6.59991285706027	6.52356197173848	6.75488751552176	6.72792046817353	6.72792046817353	6.45943163503156	6.61470985883659	6.70043973201316	6.91886324919769	6.45943163503156	6.49185311235962	6.50779465605249	6.67242535611556	6.70043973201316	6.53915882662088	6.24792753242642	6.42626477147762	6.08746286246644	6.47573344717645	6.33985002069568	6.42626477147762	6.10852447768679	6.20945338512483	6.18982457864296	6.33985002069568	6.24792753242642	6.3923174399537	6.47573344717645	6.50779465605249	6.40939095311058	6.20945338512483	6.24792753242642	6.71424553140608	6.10852447768679	6.62935663465229	5.90689061965344	6.1292830375549	6.18982457864296	5.93073736121362	5.49185312838956	5.83289003947518	5.83289003947518	5.61470987355796	5.5849625307773	6.50779465605249	7.36632222298942	5.52356198741995	5.97727994639984	5.55458888237328	7.40087944481884	7.02236782412611	7.91886324323614	7.13955136263067	6.55458886702546	5.97727994639984	5.55458888237328	7.40087944481884	7.02236782412611	7.91886324323614	7.13955136263067	6.55458886702546	2.58496274117031	2.00000036067372	3.80735502510725	2.58496274117031	10.8073549228627	10.2407913333543	10.5660540391227	10.0953970241113	9.95274124864229	10.3772105314733	10.5821419825999	10.1736771375525	9.93810932768988	10.6036263459134	9.94690627591809	10.6644472854369	8.51175265771997	7.53138146831466	9.69870466850644	10.0112272568212	10.0794847851602	9.94690627591809	10.2094533668474	10.2094533668474	10.3297963393417	9.84549005251252	10.2312211819114	10.0940776869918	9.93073733904106
ADCY1	1.00000144269432	1.00000144269432	1.00000144269432	1.00000144269432	1.00000144269432	1.00000144269432	1.00000144269432	1.00000144269432	1.00000144269432	1.00000144269432	1.44269431942324e-06	2.80735512815688	3.00000018033687	2.00000036067372	1.00000072134734	2.32192838342634	2.58496274117031	3.16992516174175	3.45943174979139	3.58496262094574	2.80735512815688	3.58496262094574	3.32192823915686	3.45943174979139	2.58496274117031	2.32192838342634	2.58496274117031	2.58496274117031	3.00000018033687	4.00000009016844	3.45943174979139	2.80735512815688	4.70043977362936	3.58496262094574	3.80735502510725	3.16992516174175	2.80735512815688	2.80735512815688	2.80735512815688	2.80735512815688	2.58496274117031	2.32192838342634	3.16992516174175	2.58496274117031	3.16992516174175	2.00000036067372	1.58496298161942	2.58496274117031	2.32192838342634	2.58496274117031	3.00000018033687	2.80735512815688	3.16992516174175	1.44269431942324e-06	1.00000144269432	1.00000144269432	1.00000144269432	1.00000144269432	1.00000144269432	1.00000144269432	1.00000144269432	1.00000144269432	1.00000144269432	1.00000144269432	1.00000144269432	1.00000144269432	1.00000144269432	1.00000144269432	1.00000144269432	1.00000144269432	1.00000144269432	1.00000144269432	1.00000144269432	1.00000144269432	1.00000144269432	1.00000144269432	1.00000144269432	1.00000144269432	1.00000144269432	1.00000144269432	1.00000144269432	1.00000144269432	1.00000144269432	1.00000144269432	1.00000144269432	1.00000144269432	1.00000144269432	1.00000144269432	1.00000144269432	1.00000144269432	1.00000144269432	1.00000144269432	1.00000144269432	1.00000144269432	1.00000144269432	1.00000144269432	1.00000144269432	1.00000144269432	1.00000144269432	1.00000144269432	1.00000144269432	1.00000144269432	1.00000144269432	1.00000144269432	1.00000144269432	1.00000144269432	1.00000144269432	1.00000144269432	1.00000144269432	1.00000144269432	1.00000144269432	1.00000144269432	1.00000144269432	1.00000144269432	1.00000144269432	1.00000144269432	1.00000144269432	1.00000144269432	1.00000144269432	1.00000144269432	1.00000144269432	1.00000144269432	1.00000144269432	1.00000144269432	1.00000144269432	1.00000144269432	1.00000144269432	1.00000144269432	1.00000144269432	1.00000144269432	1.00000144269432	1.00000144269432	1.00000144269432	1.00000144269432	1.00000144269432	1.00000144269432	1.00000144269432	1.00000144269432	1.00000144269432	1.00000144269432	1.00000144269432	1.00000144269432	1.00000144269432	1.00000144269432	1.00000144269432	1.00000144269432	1.00000144269432	1.00000144269432	1.00000144269432	1.00000144269432	1.00000144269432	1.00000144269432	4.45943168421434	3.45943174979139	1.00000144269432	1.00000144269432	1.00000144269432	2.00000036067372	1.00000144269432	4.45943168421434	3.45943174979139	1.00000144269432	1.00000144269432	1.00000144269432	2.00000036067372	4.16992508159203	4.00000009016844	4.00000009016844	4.90689064369835	5.16992504151717	4.2479275893749	4.39231749147852	6.55458886702546	5.85798102000162	8.04439412482321	8.26209485006951	6.80735493493881	8.13442632535507	8.03342300704392	6.33985002069568	8.88874325194192	6.47573344717645	4.39231749147852	6.8201789751824	1.44269431942324e-06	1.58496298161942	1.58496298161942	2.00000036067372	1.44269431942324e-06	1.44269431942324e-06	1.00000144269432	1.44269431942324e-06	1.00000144269432	1.44269431942324e-06
ADORA1	1.58496298161942	2.00000036067372	1.00000072134734	2.58496274117031	3.16992516174175	2.32192838342634	2.00000036067372	1.58496298161942	3.16992516174175	3.90689069178818	1.58496298161942	1.00000144269432	1.44269431942324e-06	1.44269431942324e-06	1.44269431942324e-06	1.44269431942324e-06	1.00000072134734	1.00000144269432	1.44269431942324e-06	1.00000144269432	1.00000144269432	1.00000144269432	1.00000144269432	1.00000072134734	1.00000144269432	1.00000144269432	1.58496298161942	1.00000144269432	1.44269431942324e-06	1.00000144269432	1.00000072134734	1.00000144269432	1.00000144269432	1.00000072134734	1.44269431942324e-06	1.00000144269432	1.00000072134734	1.00000144269432	1.44269431942324e-06	1.00000144269432	1.00000144269432	1.00000144269432	1.00000144269432	1.00000144269432	1.00000144269432	1.00000144269432	1.00000144269432	1.00000144269432	1.00000144269432	1.00000144269432	1.00000144269432	1.44269431942324e-06	1.44269431942324e-06	1.00000144269432	1.00000144269432	1.00000144269432	1.00000144269432	1.00000144269432	1.00000144269432	1.00000144269432	1.00000144269432	1.00000144269432	1.00000144269432	1.00000144269432	1.00000144269432	1.00000144269432	1.00000144269432	1.00000144269432	1.00000144269432	1.00000144269432	1.00000144269432	1.00000144269432	1.00000144269432	1.00000144269432	1.00000144269432	1.00000144269432	1.00000144269432	1.00000144269432	1.00000144269432	1.00000144269432	1.00000144269432	1.00000144269432	1.00000144269432	1.00000144269432	1.00000144269432	1.00000144269432	1.00000144269432	1.00000144269432	1.00000144269432	1.00000144269432	1.00000144269432	1.00000144269432	1.00000144269432	1.00000144269432	1.00000144269432	1.00000144269432	1.00000144269432	1.00000144269432	1.00000144269432	1.00000144269432	1.00000144269432	1.00000144269432	1.00000144269432	1.00000144269432	1.00000144269432	1.00000144269432	1.00000144269432	1.00000144269432	1.00000144269432	1.00000144269432	1.00000144269432	1.00000144269432	1.00000144269432	1.00000144269432	1.00000144269432	1.00000144269432	1.00000144269432	1.00000144269432	1.00000144269432	1.00000144269432	1.00000144269432	1.00000144269432	1.00000144269432	1.00000144269432	1.00000144269432	1.00000144269432	1.00000144269432	1.00000144269432	1.00000144269432	1.00000144269432	1.00000144269432	1.00000144269432	1.00000144269432	1.00000144269432	1.00000144269432	1.00000144269432	1.00000144269432	1.00000144269432	1.00000144269432	1.00000144269432	1.00000144269432	1.00000144269432	1.00000144269432	1.00000144269432	1.00000144269432	1.00000144269432	1.00000144269432	1.00000144269432	1.00000144269432	1.00000144269432	1.00000144269432	1.00000144269432	1.00000144269432	1.44269431942324e-06	1.00000144269432	1.00000144269432	1.00000144269432	1.00000144269432	1.00000144269432	1.00000144269432	1.44269431942324e-06	1.00000144269432	1.00000144269432	1.00000144269432	1.00000144269432	1.44269431942324e-06	1.00000144269432	1.00000144269432	1.00000144269432	3.58496262094574	1.00000144269432	2.00000036067372	1.58496298161942	2.32192838342634	1.00000072134734	1.00000072134734	1.00000144269432	1.44269431942324e-06	2.58496274117031	1.44269431942324e-06	1.00000144269432	1.00000144269432	1.00000144269432	1.00000144269432	1.00000144269432	1.00000144269432	1.00000144269432	1.00000144269432	1.00000144269432	1.00000144269432	1.00000144269432	1.44269431942324e-06	1.00000144269432	1.00000144269432
AGRP	4.32192816702211	1.00000144269432	1.00000072134734	1.00000144269432	1.00000144269432	1.00000144269432	1.00000144269432	1.00000144269432	1.00000144269432	1.00000072134734	1.00000144269432	4.75488755559662	4.16992508159203	4.45943168421434	4.00000009016844	4.64385624748253	5.20945340462071	5.00000004508422	4.2479275893749	5.64385621862863	5.80735494782002	6.06608921199053	6.14974713982433	5.75488752888004	5.42626478825315	5.49185312838956	5.55458888237328	7.06608920122415	6.35755202221193	4.95419635692542	5.12928305816482	4.52356201878288	5.5849625307773	5.64385621862863	5.08746288368255	5.75488752888004	5.61470987355796	6.04439414121747	5.72792048178386	5.80735494782002	6.20945338512483	4.2479275893749	3.32192823915686	4.00000009016844	4.75488755559662	4.52356201878288	3.80735502510725	5.08746288368255	4.64385624748253	4.52356201878288	6.8201789751824	6.64385620420168	4.70043977362936	4.16992508159203	1.00000144269432	1.00000144269432	1.00000144269432	1.00000144269432	1.44269431942324e-06	1.00000144269432	1.00000144269432	1.00000144269432	1.00000144269432	1.00000144269432	1.00000144269432	1.00000144269432	1.00000144269432	1.00000144269432	1.00000144269432	1.00000144269432	1.00000144269432	1.00000144269432	1.00000144269432	1.00000144269432	1.00000144269432	1.00000144269432	1.00000144269432	1.00000144269432	1.00000144269432	1.00000144269432	1.00000144269432	1.00000144269432	1.00000144269432	1.44269431942324e-06	1.00000144269432	1.00000144269432	1.00000144269432	1.00000144269432	1.00000144269432	1.00000144269432	1.00000144269432	1.44269431942324e-06	1.00000144269432	1.00000144269432	1.00000144269432	1.00000144269432	1.00000144269432	1.00000144269432	1.00000144269432	1.00000144269432	1.00000144269432	1.00000144269432	1.00000144269432	1.00000144269432	1.00000144269432	1.00000144269432	1.00000144269432	1.00000144269432	1.00000144269432	1.00000144269432	1.00000144269432	1.00000144269432	1.00000144269432	1.00000144269432	1.00000144269432	1.44269431942324e-06	1.00000144269432	1.00000144269432	1.00000144269432	1.00000144269432	1.00000144269432	1.00000144269432	1.00000144269432	1.00000144269432	1.00000144269432	1.00000144269432	1.00000144269432	1.00000144269432	1.00000144269432	1.00000144269432	1.00000144269432	1.44269431942324e-06	1.00000144269432	1.00000144269432	1.00000144269432	1.00000144269432	1.00000144269432	1.00000144269432	1.00000144269432	1.44269431942324e-06	1.00000144269432	1.44269431942324e-06	1.00000144269432	1.00000144269432	1.00000144269432	1.00000144269432	1.00000144269432	1.00000144269432	1.00000144269432	1.00000144269432	1.00000144269432	5.70043974588523	1.00000144269432	1.00000072134734	1.00000144269432	1.00000144269432	1.00000144269432	1.00000144269432	5.70043974588523	1.00000144269432	1.00000072134734	1.00000144269432	1.00000144269432	1.00000144269432	1.00000144269432	1.44269431942324e-06	1.58496298161942	1.44269431942324e-06	1.44269431942324e-06	4.95419635692542	7.08746285185839	4.45943168421434	5.16992504151717	6.18982457864296	6.35755202221193	4.00000009016844	5.55458888237328	2.80735512815688	3.32192823915686	6.37503944872879	2.58496274117031	2.00000036067372	2.80735512815688	3.00000018033687	1.00000144269432	1.00000072134734	1.44269431942324e-06	1.00000144269432	1.58496298161942	2.00000036067372	1.44269431942324e-06	1.44269431942324e-06	1.00000072134734	1.00000072134734
ATF4	14.0759804624998	11.8695938436263	12.0970444996523	12.5401280388243	12.3976746332156	11.234817431716	12.323617763573	12.5418226216661	12.8237652799887	12.1696118829174	11.900866808358	12.9589151562725	12.9754897571249	12.8651532931314	12.9483672317672	12.8456860561731	12.8358530366418	12.6691065115578	12.6989216625568	13.1747696734605	12.9837061928375	12.867471807155	13.0773164460479	12.8480360418275	12.9650627569251	13.178820439735	13.1156939523596	13.5366114867472	13.3710959673957	13.3947306295655	13.3441571807079	13.3480365128389	13.3804610652243	12.594557880097	12.536247215931	12.5435152163938	12.6730881931303	13.5039499317275	13.3663222143824	13.184100492064	13.3227731765954	13.1933713499755	13.5425482624561	13.351077258446	12.7751987291038	12.8097681289113	11.9893945001996	13.0557908147353	13.387478865977	13.0836455270306	13.8038284108917	13.6070990942092	13.2862689628242	13.2406422858683	9.84549005251252	9.77478706124809	9.77478706124809	9.8579809966822	9.87498134919019	9.77313920836849	9.83762793474812	9.87805091426169	10.2443638363099	10.2526654336328	10.2106713450031	10.2179576990754	10.2502984190908	10.2324209283753	10.1873520744378	10.2407913333543	10.0967151558061	10.0647427660973	10.1318569618946	10.1228279961016	10.1228279961016	10.0980320842769	10.1586096894767	10.1484765834494	10.2227949040754	10.2502984190908	10.2526654336328	10.2585660350676	10.2215871224731	10.2252074381488	10.2045711454718	10.1736771375525	10.9425145060723	10.8579809959049	10.9091430480901	10.9600019327923	10.9600019327923	10.9657842853834	10.9046346224207	10.9329528929327	10.3442959090256	10.4532706350396	10.3804610661713	10.4231159111979	10.3208005500096	10.4542992946482	10.3858624017197	10.3487281553374	10.1786648522512	10.1811522581082	10.2288186916981	10.2167458594077	10.2033480042034	10.1823943546461	10.2324209283753	10.1984450426802	10.4706588750773	10.3837042935539	10.3772105314733	10.4408691686488	10.4220647672243	10.4019461250428	10.4125698478637	10.3901689572752	10.3286749284498	10.3320365494809	10.333155351429	10.3498340925628	10.3652288503453	10.2573878438713	10.512740463791	10.5745935282836	10.4491486464074	10.4807902021054	10.4481163064422	10.485829309708	10.4408691686488	10.450180248196	10.2691266803185	10.3026389249298	10.2514824118037	10.2585660350676	10.2980625688649	10.3128829564186	10.262094846545	10.3564519713222	10.0471239134776	10.1228279961016	10.0457596627476	10.1873520744378	10.1686721193857	10.1098306555844	10.0874628425763	10.1006623403191	12.1273495413816	12.7243006734228	12.0003521778324	12.5634346359485	12.0515488387803	12.1254134708062	10.9203528561595	11.7439928614808	11.7578066726138	12.8027182961851	12.5634346359485	12.0515488387803	12.1254134708062	10.9203528561595	11.7439928614808	11.7578066726138	12.8027182961851	10.6156296378876	10.274960473305	11.3191075763896	11.1996723454498	13.9789785267771	14.8735402377619	13.6126381637199	13.6931602233659	13.268980531796	13.5363686496753	13.3359485653418	13.6217084978604	13.7117745050729	13.7122045505462	13.9432473959931	13.5464121952399	11.5774288285078	12.036173612897	13.4850745638244	11.4833119555033	11.3303567175182	11.1661630832739	11.6031626799981	11.5849625011908	10.9461752414548	11.4429434963669	11.5957236945678	11.3896313397982	11.9494619797249
ATF5	9.20212382627986	0	0	0	0	0	0	0	0	0	0	7.247927522935	7.04439413028796	6.95419632202151	7.21916853014468	7.36632222298942	7.434628235976	8.0112272610151	7.01122726660694	7.90086681401713	8.0714623679198	8.08214904667747	8.42626475889598	7.95419631620419	7.97154355969856	8.12412131700014	7.66533592429205	9.0251395650476	8.39660478546285	7.50779464812559	6.97727993494988	6.97727993494988	7.28540222811029	7.84549005721696	7.53915881886446	7.33985001179015	6.89481777543143	7.9772799292249	7.80735492849821	7.74819285629967	7.90086681401713	7.32192810390421	7.69348696446887	7.247927522935	7.50779464812559	7.6220518267797	6.49185311235962	7.77478706618882	7.7210991955446	8.04439412482321	9.18982456135038	8.84235034655693	7.98299358039666	7.63662462779337	2.00000036067372	2.32192838342634	2.32192838342634	2.80735512815688	2.00000036067372	1.58496298161942	2.80735512815688	2.00000036067372	3.45943174979139	2.00000036067372	3.00000018033687	3.32192823915686	2.00000036067372	2.80735512815688	1.58496298161942	2.32192838342634	2.80735512815688	2.58496274117031	2.58496274117031	3.16992516174175	1.00000072134734	2.80735512815688	1.00000072134734	2.00000036067372	2.58496274117031	2.00000036067372	2.00000036067372	2.58496274117031	3.32192823915686	3.45943174979139	2.80735512815688	2.58496274117031	3.90689069178818	3.00000018033687	3.16992516174175	3.90689069178818	3.00000018033687	3.90689069178818	3.80735502510725	3.16992516174175	3.32192823915686	3.32192823915686	3.32192823915686	3.00000018033687	3.16992516174175	2.80735512815688	2.00000036067372	3.16992516174175	2.58496274117031	2.58496274117031	1.58496298161942	2.00000036067372	3.00000018033687	3.16992516174175	2.58496274117031	3.45943174979139	3.32192823915686	2.32192838342634	2.32192838342634	2.32192838342634	2.00000036067372	2.58496274117031	3.32192823915686	1.58496298161942	2.58496274117031	2.58496274117031	2.58496274117031	3.00000018033687	2.58496274117031	2.00000036067372	3.00000018033687	3.00000018033687	3.45943174979139	2.80735512815688	3.32192823915686	2.58496274117031	3.16992516174175	2.80735512815688	3.16992516174175	2.80735512815688	1.58496298161942	2.58496274117031	1.58496298161942	3.00000018033687	2.32192838342634	3.70043982911763	1.44269431942324e-06	2.80735512815688	2.32192838342634	2.58496274117031	2.32192838342634	2.00000036067372	2.00000036067372	1.00000072134734	7.59245704474318	7.89481776936969	6.80735493493881	6.44294351243143	6.62935663465229	6.61470985883659	5.16992504151717	6.67242535611556	5.39231745712864	6.93073734938826	6.44294351243143	6.62935663465229	6.61470985883659	5.16992504151717	6.67242535611556	5.39231745712864	6.93073734938826	0	0	0	0	0	0	0	0	0	0	0	0	0	0	0	0	0	0	0	4.2479275893749	4.75488755559662	5.24792755140924	5.5849625307773	5.5849625307773	4.90689064369835	5.35755203980577	5.00000004508422	4.70043977362936	5.12928305816482
ATOH7	3.16992516174175	1.00000144269432	1.00000144269432	1.00000144269432	1.00000144269432	1.00000144269432	1.00000144269432	1.00000144269432	1.00000144269432	1.00000144269432	1.00000144269432	1.00000144269432	1.00000144269432	1.00000144269432	1.00000144269432	1.00000144269432	1.00000144269432	1.00000144269432	1.00000144269432	1.00000144269432	1.00000144269432	1.00000144269432	1.00000144269432	1.00000144269432	1.00000144269432	1.00000144269432	1.00000144269432	1.00000144269432	1.00000144269432	1.00000144269432	1.00000144269432	1.00000144269432	1.00000144269432	1.00000144269432	1.44269431942324e-06	1.00000144269432	1.00000144269432	1.00000144269432	1.00000144269432	1.00000144269432	1.00000144269432	1.00000144269432	1.00000144269432	1.44269431942324e-06	1.00000144269432	1.00000144269432	1.00000144269432	1.00000144269432	1.00000144269432	1.44269431942324e-06	1.00000144269432	1.00000144269432	1.00000144269432	1.00000144269432	1.00000144269432	1.00000144269432	1.00000144269432	1.00000144269432	1.00000144269432	1.00000144269432	1.00000144269432	1.00000144269432	1.00000144269432	1.00000144269432	1.00000144269432	1.00000144269432	1.00000144269432	1.00000144269432	1.00000144269432	1.00000144269432	1.00000144269432	1.00000144269432	1.00000144269432	1.00000144269432	1.00000144269432	1.00000144269432	1.00000144269432	1.00000144269432	1.00000144269432	1.00000144269432	1.00000144269432	1.44269431942324e-06	1.00000144269432	1.00000144269432	1.00000144269432	1.00000144269432	1.00000144269432	1.00000144269432	1.00000144269432	1.00000144269432	1.00000144269432	1.00000144269432	1.00000144269432	1.00000144269432	1.00000144269432	1.00000144269432	1.00000144269432	1.00000144269432	1.00000144269432	1.00000144269432	1.00000144269432	1.00000144269432	1.00000144269432	1.00000144269432	1.00000144269432	1.00000144269432	1.00000144269432	1.00000144269432	1.00000144269432	1.00000144269432	1.00000144269432	1.00000144269432	1.00000144269432	1.00000144269432	1.00000144269432	1.00000144269432	1.00000144269432	1.00000144269432	1.00000144269432	1.00000144269432	1.00000144269432	1.00000144269432	1.00000144269432	1.00000144269432	1.00000144269432	1.00000144269432	1.00000144269432	1.00000144269432	1.00000144269432	1.00000144269432	1.00000144269432	1.00000144269432	1.00000144269432	1.00000144269432	1.44269431942324e-06	1.00000144269432	1.00000144269432	1.00000144269432	1.00000144269432	1.00000144269432	1.00000144269432	1.00000144269432	1.00000144269432	1.00000144269432	1.00000144269432	1.00000144269432	1.00000144269432	1.00000144269432	1.00000144269432	2.58496274117031	1.00000144269432	1.00000144269432	1.00000144269432	1.00000144269432	1.00000144269432	1.00000144269432	1.00000144269432	1.00000144269432	1.00000144269432	1.00000144269432	1.00000144269432	1.00000144269432	1.00000144269432	1.00000144269432	1.00000144269432	0	0	0	0	0	0	0	0	0	0	0	0	0	0	0	0	0	0	0	0	0	0	0	0	0	0	0	0	0
CARTPT	1.44269431942324e-06	1.00000144269432	1.00000144269432	1.00000144269432	1.00000144269432	1.44269431942324e-06	1.00000144269432	1.00000144269432	1.00000144269432	1.00000144269432	1.00000144269432	1.00000144269432	1.00000144269432	1.00000144269432	1.00000144269432	1.00000144269432	1.00000144269432	1.00000144269432	1.00000144269432	1.00000144269432	1.00000144269432	1.00000144269432	1.00000144269432	1.00000144269432	1.00000144269432	1.00000144269432	1.00000144269432	1.00000072134734	1.00000144269432	1.00000144269432	1.00000144269432	1.00000144269432	1.00000144269432	1.00000144269432	1.58496298161942	1.00000144269432	1.00000144269432	1.58496298161942	1.00000144269432	1.44269431942324e-06	1.00000144269432	1.00000144269432	1.00000144269432	1.00000144269432	1.00000144269432	1.44269431942324e-06	1.00000144269432	1.00000144269432	1.00000144269432	1.00000144269432	1.44269431942324e-06	1.00000144269432	1.00000072134734	1.00000144269432	1.00000144269432	1.00000144269432	1.00000144269432	1.00000144269432	1.00000144269432	1.00000144269432	1.00000144269432	1.00000144269432	1.00000144269432	1.00000144269432	1.00000144269432	1.00000144269432	1.00000144269432	1.00000144269432	1.00000144269432	1.00000144269432	1.00000144269432	1.00000144269432	1.00000144269432	1.00000144269432	1.00000144269432	1.00000144269432	1.00000144269432	1.00000144269432	1.00000144269432	1.00000144269432	1.00000144269432	1.00000144269432	1.00000144269432	1.00000144269432	1.00000144269432	1.00000144269432	1.00000144269432	1.00000144269432	1.00000144269432	1.00000144269432	1.00000144269432	1.00000144269432	1.00000144269432	1.00000144269432	1.00000144269432	1.00000144269432	1.00000144269432	1.00000144269432	1.00000144269432	1.00000144269432	1.00000144269432	1.00000144269432	1.00000144269432	1.00000144269432	1.00000144269432	1.00000144269432	1.00000144269432	1.00000144269432	1.00000144269432	1.00000144269432	1.00000144269432	1.00000144269432	1.00000144269432	1.00000144269432	1.00000144269432	1.00000144269432	1.00000144269432	1.00000144269432	1.00000144269432	1.00000144269432	1.00000144269432	1.00000144269432	1.00000144269432	1.00000144269432	1.00000144269432	1.00000144269432	1.00000144269432	1.00000144269432	1.00000144269432	1.00000144269432	1.00000144269432	1.00000144269432	1.00000144269432	1.00000144269432	1.00000144269432	1.00000144269432	1.00000144269432	1.00000144269432	1.00000144269432	1.00000144269432	1.00000144269432	1.00000144269432	1.00000144269432	1.00000144269432	1.00000144269432	1.00000144269432	1.00000144269432	1.00000144269432	1.00000144269432	1.00000144269432	1.00000144269432	1.00000144269432	4.52356201878288	1.44269431942324e-06	1.00000144269432	1.00000144269432	3.45943174979139	1.00000144269432	1.00000144269432	4.52356201878288	1.44269431942324e-06	1.00000144269432	1.00000144269432	3.45943174979139	1.00000144269432	1.00000144269432	1.00000144269432	1.00000144269432	1.00000144269432	1.00000144269432	1.44269431942324e-06	1.00000144269432	1.00000144269432	1.00000144269432	1.00000144269432	1.00000144269432	1.00000144269432	1.00000144269432	1.00000144269432	1.00000144269432	1.00000144269432	1.00000144269432	1.00000144269432	1.00000144269432	1.00000144269432	1.00000144269432	1.00000144269432	1.00000144269432	1.00000144269432	1.00000144269432	1.00000144269432	1.44269431942324e-06	1.00000144269432	1.00000144269432
CAVIN3	2.58496274117031	1.00000144269432	1.00000144269432	1.44269431942324e-06	1.00000144269432	1.00000144269432	1.00000144269432	1.00000144269432	1.00000144269432	1.00000144269432	1.00000144269432	2.80735512815688	3.16992516174175	2.32192838342634	2.32192838342634	1.58496298161942	2.00000036067372	3.16992516174175	1.58496298161942	1.00000072134734	1.58496298161942	1.58496298161942	1.58496298161942	1.00000072134734	1.58496298161942	1.00000072134734	1.44269431942324e-06	2.32192838342634	2.00000036067372	1.00000072134734	1.00000072134734	2.00000036067372	1.58496298161942	1.44269431942324e-06	1.58496298161942	1.00000072134734	2.32192838342634	2.00000036067372	1.00000144269432	1.44269431942324e-06	1.58496298161942	1.00000072134734	2.32192838342634	2.00000036067372	1.00000144269432	1.00000144269432	1.00000144269432	2.00000036067372	1.44269431942324e-06	1.44269431942324e-06	3.00000018033687	2.80735512815688	1.58496298161942	2.32192838342634	3.32192823915686	2.32192838342634	2.32192838342634	2.80735512815688	1.58496298161942	2.32192838342634	2.00000036067372	2.80735512815688	1.58496298161942	3.16992516174175	3.16992516174175	2.80735512815688	3.58496262094574	4.00000009016844	2.32192838342634	3.16992516174175	3.32192823915686	2.32192838342634	2.32192838342634	4.00000009016844	3.32192823915686	1.58496298161942	3.00000018033687	2.00000036067372	2.00000036067372	2.58496274117031	2.58496274117031	3.00000018033687	1.58496298161942	2.80735512815688	2.58496274117031	2.80735512815688	4.52356201878288	4.64385624748253	4.32192816702211	4.52356201878288	4.52356201878288	4.52356201878288	4.45943168421434	4.32192816702211	3.80735502510725	3.32192823915686	3.70043982911763	3.80735502510725	3.80735502510725	3.70043982911763	3.16992516174175	3.16992516174175	3.80735502510725	3.00000018033687	4.58496256083345	4.70043977362936	3.58496262094574	4.08746292611475	4.16992508159203	3.90689069178818	1.58496298161942	2.00000036067372	2.32192838342634	2.32192838342634	2.00000036067372	1.58496298161942	3.16992516174175	2.32192838342634	1.00000144269432	1.44269431942324e-06	1.00000144269432	1.00000144269432	1.00000072134734	1.44269431942324e-06	3.32192823915686	3.32192823915686	2.32192838342634	2.00000036067372	3.32192823915686	3.00000018033687	2.32192838342634	3.00000018033687	2.80735512815688	2.00000036067372	2.32192838342634	3.32192823915686	3.45943174979139	2.58496274117031	2.32192838342634	2.32192838342634	2.32192838342634	2.80735512815688	2.00000036067372	3.00000018033687	2.00000036067372	2.32192838342634	2.58496274117031	2.32192838342634	10.494855585491	9.91288933772653	11.0382331354178	10.2467405996805	8.00000000563553	8.51569984222583	6.52356197173848	6.96578429620365	9.48381577927919	8.74146698977193	10.2467405996805	8.00000000563553	8.51569984222583	6.52356197173848	6.96578429620365	9.48381577927919	8.74146698977193	2.00000036067372	2.80735512815688	3.58496262094574	3.32192823915686	8.92481250657429	10.3944626956822	9.43671154421902	7.97154355969856	7.68650053418659	8.99152184891007	8.84862294355883	8.71424552110111	9.69348695924171	10.9672262595566	10.0389189906637	10.5048189886257	6.71424553140608	6.75488751552176	8.26678654537898	1.00000144269432	1.00000144269432	1.00000144269432	1.44269431942324e-06	1.44269431942324e-06	2.58496274117031	1.00000072134734	1.00000144269432	2.32192838342634	1.00000072134734
CCAR2	12.9828153653681	10.8902642777812	10.5497846689103	11.5274770065491	11.3191075763896	10.5887146365191	10.8049376728583	10.9672262595566	11.3264294876841	10.7439928619014	10.9329528929327	12.0272148855055	12.0392617946838	11.8372337007334	11.8845521343688	11.8776675744513	11.8399910709334	11.9719027464046	11.7793089743703	12.4650561680863	12.3826240268451	12.4711671339785	12.706496018277	12.2312211810112	12.2576824810034	12.3801904670205	12.3845139616684	12.5245417152807	12.3506629886485	11.8978454563836	11.8692082509365	11.9432473962679	12.2363132273418	12.2810606719669	12.3359485654814	12.2393001746626	12.0399471605117	12.19475685473	12.0351427482297	12.0596824475856	12.1283166032258	11.4933551219953	11.6799198789581	11.6119469422809	11.8450979613651	11.8157835445284	10.9158793795825	11.9851303738228	11.6702136371812	11.7198166034458	12.551708261861	12.2997804031447	11.769424641966	11.4958550273867	8.50382574197012	8.3837042967935	8.27146303257329	8.51963625677426	8.55842071709544	8.62570884671686	8.51963625677426	8.51569984222583	8.88874325194192	8.84549005408067	8.91288933922311	8.74483384086247	8.80089990315505	8.84862294355883	8.64024493983812	8.87651694963456	8.72792045796578	8.65821148632282	8.59245704100563	8.82336724323099	8.68999797491265	8.74819285294456	8.64385619338146	8.76155123576866	8.66533592073861	8.60362634869492	8.56224242803773	8.74483384086247	8.58120058569179	8.66888498781095	8.6617781013342	8.6934869609841	9.57364718938662	9.44294349792157	9.57742882992409	9.63481105198643	9.6293566219012	9.54303182218915	9.67948010126483	9.47978026604968	8.70735913553231	8.77148947280196	8.79116289181167	8.66533592073861	8.76155123576866	8.82017896560699	8.77148947280196	8.78463484882894	8.93073734051923	9.04712391484124	8.9971794837609	8.99152184891007	8.89481776633882	9.1032878110351	8.87651694963456	8.98013958049598	8.77807713282168	8.65105169476772	8.71080643714254	8.74819285294456	8.74819285294456	8.67242534550751	8.64385619338146	8.71424552110111	9.04439412209083	8.96289600822843	9.04439412209083	8.93369065790253	9.03066713900544	8.97154355682467	8.71767642649323	8.81378119442303	8.65463603210786	8.72451385653058	8.71080643714254	8.6934869609841	8.78135971680351	8.63662462416851	8.5961897598723	8.81057163795428	8.64385619338146	8.57742883181244	8.57742883181244	8.78790256265545	8.62205182311804	8.78790256265545	8.25738784740734	8.25738784740734	8.35314682990999	8.50382574197012	8.32642949161668	8.33091688259504	8.25738784740734	8.31288295982113	11.5873087288024	12.2094533659336	11.5381889325375	9.97871046053618	9.54109661728603	11.645658432859	9.95710204301369	10.8970891290693	10.2372099619503	10.9801395783534	9.97871046053618	9.54109661728603	11.645658432859	9.95710204301369	10.8970891290693	10.2372099619503	10.9801395783534	8.75822321805858	8.41362793325495	9.79928162314111	9.29001884923724	11.5774288285078	10.9978851285346	11.5449644332721	12.1764848476036	11.9035053108005	12.1858046154181	12.5238069584323	12.45121111209	12.3882864200318	12.4956052314406	12.9188632374609	12.3404064911315	10.4220647672243	10.6838718694996	11.9469062748218	10.1848753441477	10.1522848435743	10.1848753441477	10.1059085098803	10.3815429522661	10.2057932506187	10.0182001802044	10.092757142241	9.91438513365046	9.95128471642424
CHRNB2	1.44269431942324e-06	2.00000036067372	1.00000144269432	5.83289003947518	6.22881870973181	1.58496298161942	2.58496274117031	3.32192823915686	4.90689064369835	1.00000144269432	2.32192838342634	1.58496298161942	1.58496298161942	1.44269431942324e-06	1.00000144269432	1.58496298161942	1.00000072134734	2.00000036067372	1.00000072134734	2.00000036067372	1.58496298161942	2.58496274117031	2.58496274117031	2.00000036067372	2.80735512815688	1.44269431942324e-06	1.58496298161942	1.44269431942324e-06	1.58496298161942	3.00000018033687	2.00000036067372	1.00000144269432	1.58496298161942	1.00000144269432	1.00000072134734	1.44269431942324e-06	1.58496298161942	1.58496298161942	2.32192838342634	1.58496298161942	2.00000036067372	1.58496298161942	1.00000144269432	1.44269431942324e-06	1.00000072134734	2.32192838342634	1.00000144269432	1.00000072134734	1.00000072134734	2.32192838342634	1.58496298161942	1.44269431942324e-06	1.00000072134734	1.00000072134734	1.00000144269432	1.00000144269432	1.00000144269432	1.00000144269432	1.00000144269432	1.00000144269432	1.00000144269432	1.44269431942324e-06	1.44269431942324e-06	1.44269431942324e-06	1.00000144269432	1.00000144269432	1.00000144269432	1.44269431942324e-06	1.00000144269432	1.00000144269432	1.00000144269432	1.00000144269432	1.00000144269432	1.00000144269432	1.00000144269432	1.00000144269432	1.00000144269432	1.00000144269432	1.00000144269432	1.44269431942324e-06	1.00000144269432	1.00000144269432	1.00000144269432	1.00000144269432	1.00000144269432	1.00000144269432	1.00000144269432	1.44269431942324e-06	1.00000144269432	1.00000144269432	1.00000144269432	1.44269431942324e-06	1.00000144269432	1.00000144269432	1.00000144269432	1.00000144269432	1.00000144269432	1.00000144269432	1.44269431942324e-06	1.00000072134734	1.00000144269432	1.00000144269432	1.00000144269432	1.00000144269432	1.00000144269432	1.00000144269432	1.00000144269432	1.00000144269432	1.00000144269432	1.00000144269432	1.00000144269432	1.44269431942324e-06	1.00000144269432	1.00000144269432	1.00000144269432	1.00000144269432	1.00000144269432	1.00000144269432	1.00000144269432	1.00000144269432	1.00000144269432	1.00000144269432	1.00000144269432	1.00000144269432	1.00000144269432	1.00000144269432	1.00000144269432	1.00000144269432	1.00000144269432	1.00000144269432	1.00000144269432	1.00000144269432	1.00000144269432	1.00000144269432	1.00000144269432	1.00000144269432	1.00000144269432	1.00000144269432	1.00000144269432	1.00000144269432	1.00000144269432	1.00000144269432	1.00000144269432	1.00000144269432	1.00000144269432	1.00000144269432	1.00000144269432	1.00000144269432	1.00000144269432	1.00000144269432	1.00000144269432	1.00000144269432	1.00000144269432	1.00000144269432	1.58496298161942	1.00000144269432	1.00000144269432	1.00000144269432	1.00000144269432	1.00000144269432	1.00000144269432	1.58496298161942	1.00000144269432	1.00000144269432	1.00000144269432	1.44269431942324e-06	2.00000036067372	1.58496298161942	2.32192838342634	4.32192816702211	4.95419635692542	4.75488755559662	2.32192838342634	1.44269431942324e-06	2.00000036067372	4.16992508159203	1.00000072134734	2.58496274117031	3.70043982911763	3.80735502510725	3.45943174979139	2.58496274117031	2.58496274117031	3.70043982911763	7.59245704474318	7.77478706618882	7.75488750884261	7.51569984616762	7.70043972507713	7.76155123909284	7.76155123909284	7.62935662736595	7.50779464812559	7.73470962699905
CIPC	8.95710204446509	6.91886324919769	6.79441587934736	7.9248125095428	7.26678655006305	6.30378076643907	6.89481777543143	7.09803209349115	7.357552013415	6.50779465605249	6.79441587934736	8.4429434999944	8.11374217125747	8.10852446200533	7.93663794489112	7.87036472574877	8.184875347866	8.40514146739208	8.31288295982113	8.31741261828742	8.06608919584096	8.61470984779555	8.53915881498624	8.2946207534862	8.00000000563553	8.37068741116581	8.40087944055051	8.47167521845597	7.98299358039666	8.12928302209745	8.27612440992809	8.23840474410222	8.64745843005266	8.86727874279895	9.05528243821302	8.56985561212751	8.5961897598723	8.6617781013342	8.46352437735814	8.53138146441549	8.58120058569179	7.93663794489112	8.26209485006951	8.29001885154187	8.97441459267371	8.74146698977193	8.20945337050292	9.02236781580287	8.53915881498624	8.47978026807026	8.36194377812033	7.98868469245207	8.81378119442303	8.13955135751473	5.67242537025963	5.20945340462071	5.32192813095474	5.61470987355796	5.49185312838956	5.75488752888004	5.24792755140924	5.55458888237328	5.95419633365615	5.83289003947518	6.00000002254211	5.97727994639984	5.67242537025963	5.75488752888004	5.49185312838956	5.78135973975548	5.85798102000162	6.14974713982433	5.80735494782002	5.70043974588523	5.83289003947518	5.95419633365615	6.00000002254211	5.61470987355796	5.35755203980577	5.75488752888004	5.75488752888004	6.14974713982433	5.72792048178386	5.64385621862863	5.75488752888004	5.70043974588523	6.50779465605249	6.1292830375549	6.55458886702546	6.33985002069568	6.47573344717645	6.24792753242642	6.45943163503156	6.24792753242642	6.08746286246644	5.90689061965344	6.06608921199053	5.67242537025963	5.75488752888004	5.8826430738143	5.72792048178386	5.67242537025963	5.93073736121362	5.8826430738143	6.10852447768679	5.80735494782002	5.72792048178386	6.00000002254211	5.95419633365615	6.04439414121747	5.32192813095474	5.83289003947518	5.28540225585443	5.78135973975548	5.70043974588523	5.67242537025963	5.24792755140924	5.52356198741995	6.1292830375549	6.04439414121747	6.02236783522376	5.78135973975548	6.14974713982433	5.95419633365615	6.20945338512483	6.00000002254211	6.32192811292105	5.75488752888004	5.90689061965344	6.1292830375549	6.16992502147974	6.16992502147974	5.8826430738143	6.02236783522376	5.97727994639984	5.70043974588523	5.78135973975548	6.06608921199053	5.8826430738143	6.04439414121747	5.67242537025963	5.75488752888004	5.70043974588523	5.80735494782002	5.61470987355796	5.8826430738143	5.24792755140924	5.85798102000162	8.22881869530487	8.79116289181167	7.74819285629967	9.01680829047168	8.19967234974349	9.64925617931395	8.55074678923043	9.54303182218915	8.73470962361245	9.23601419429261	9.01680829047168	8.19967234974349	9.64925617931395	8.55074678923043	9.54303182218915	8.73470962361245	9.23601419429261	4.58496256083345	5.08746288368255	5.35755203980577	5.04439416307648	9.53332973425279	8.97441459267371	9.5235619580172	9.72109919041654	9.21431912322955	9.45327063606868	9.67065625088862	9.77807713117852	9.58308276938389	9.62753388629668	9.96578428610478	9.72792045626449	7.31288296435791	8.1497471245846	8.85798099823683	8.06069593709091	7.76818433139479	7.82017896879879	7.93663794489112	8.19475685934612	8.184875347866	7.7142455245361	8.05528244092486	7.67242534904353	7.91288934221625
CLDN4	1.44269431942324e-06	2.32192838342634	1.00000072134734	3.58496262094574	3.58496262094574	2.58496274117031	2.80735512815688	2.32192838342634	3.70043982911763	3.16992516174175	2.80735512815688	1.00000144269432	1.00000144269432	1.44269431942324e-06	1.44269431942324e-06	1.00000144269432	1.44269431942324e-06	1.44269431942324e-06	1.00000072134734	1.00000144269432	1.00000072134734	1.44269431942324e-06	1.44269431942324e-06	1.00000144269432	1.00000072134734	1.00000072134734	1.44269431942324e-06	1.00000072134734	1.44269431942324e-06	1.44269431942324e-06	1.00000144269432	1.00000144269432	1.00000144269432	1.00000144269432	1.44269431942324e-06	1.00000144269432	1.44269431942324e-06	1.00000144269432	1.44269431942324e-06	1.00000144269432	1.00000144269432	1.00000144269432	1.00000144269432	1.00000144269432	1.44269431942324e-06	1.00000072134734	1.00000144269432	1.00000144269432	1.00000144269432	1.00000144269432	1.44269431942324e-06	1.00000144269432	1.00000144269432	1.00000144269432	1.44269431942324e-06	1.00000144269432	1.00000144269432	1.44269431942324e-06	1.00000144269432	1.00000144269432	1.00000072134734	1.44269431942324e-06	1.44269431942324e-06	1.00000144269432	1.44269431942324e-06	1.44269431942324e-06	1.44269431942324e-06	1.00000144269432	1.00000144269432	1.00000144269432	1.00000144269432	1.00000144269432	1.00000144269432	1.00000144269432	1.00000144269432	1.00000144269432	1.00000144269432	1.00000144269432	1.00000144269432	1.00000144269432	1.00000144269432	1.00000144269432	1.00000144269432	1.00000144269432	1.44269431942324e-06	1.00000144269432	1.00000072134734	1.00000144269432	1.44269431942324e-06	1.44269431942324e-06	1.00000072134734	1.00000072134734	1.00000144269432	1.44269431942324e-06	1.44269431942324e-06	1.00000144269432	1.44269431942324e-06	1.00000144269432	1.44269431942324e-06	1.44269431942324e-06	1.00000072134734	1.44269431942324e-06	2.32192838342634	1.00000144269432	1.58496298161942	1.00000072134734	1.58496298161942	1.44269431942324e-06	1.00000072134734	1.44269431942324e-06	1.44269431942324e-06	1.00000144269432	1.00000144269432	1.00000144269432	1.44269431942324e-06	1.00000144269432	1.00000144269432	1.44269431942324e-06	1.00000144269432	1.00000144269432	1.00000144269432	1.00000144269432	1.00000144269432	1.00000144269432	1.00000072134734	1.00000072134734	2.00000036067372	1.44269431942324e-06	1.00000144269432	1.44269431942324e-06	1.58496298161942	1.00000072134734	1.00000144269432	1.44269431942324e-06	1.00000072134734	1.44269431942324e-06	1.00000144269432	1.00000072134734	1.00000072134734	1.00000144269432	1.00000144269432	1.44269431942324e-06	1.58496298161942	1.44269431942324e-06	1.00000144269432	1.00000144269432	1.00000144269432	1.00000072134734	1.00000072134734	4.64385624748253	1.00000144269432	1.00000144269432	1.00000144269432	1.00000144269432	1.58496298161942	2.00000036067372	4.64385624748253	3.70043982911763	1.00000144269432	1.00000144269432	1.00000144269432	1.58496298161942	2.00000036067372	4.64385624748253	3.70043982911763	0	0	0	0	0	0	0	0	0	0	0	0	0	0	0	0	0	0	0	1.00000072134734	4.08746292611475	2.80735512815688	3.32192823915686	4.70043977362936	4.08746292611475	2.80735512815688	3.32192823915686	2.58496274117031	2.80735512815688
CPT1A	10.1586096894767	8.90388184874807	8.80735492527791	10.3923174238522	9.59991284404627	8.71080643714254	9.17242751114582	10.0334230029141	9.71938882265346	8.40939094038092	9.44501484793829	11.9177450138161	11.2203783282999	11.0471239127958	11.0754791501566	11.1567151448566	11.2131042202496	12.7588478033165	10.9188632380198	11.1169936781966	11.071462363227	11.3750394318901	11.3542493824963	10.8281364849877	10.9943534375661	10.9901039645668	11.3804610656301	11.1446582434691	11.0450770526177	11.2002856058374	10.9076418044165	11.1433832146276	11.3196721215114	11.2755425566687	11.5473765639801	11.5812005823958	11.2585660344788	12.2541428471511	12.2508905360193	12.3303567172381	12.2124963854979	12.2900188472207	11.824163210142	11.9469062748218	12.9686667933752	12.903317006097	12.0600203548457	12.912702252835	11.7636273521426	11.7026056025431	11.2951949564547	10.975131457638	11.8352609190223	11.9876193122796	6.88264306158807	7.26678655006305	7.11894108310261	7.13955136263067	7.01122726660694	7.29462075808077	7.31288296435791	7.00000001127106	6.8201789751824	6.83289002681996	7.07681560773746	6.89481777543143	6.91886324919769	6.8579810075646	6.6582114970359	6.67242535611556	7.40087944481884	7.06608920122415	7.15987134686717	7.20945337537689	7.16992501146103	7.16992501146103	7.28540222811029	7.17990909996456	6.88264306158807	6.96578429620365	7.02236782412611	6.84549006348955	6.97727993494988	7.01122726660694	7.02236782412611	7.12928302724993	7.66533592429205	7.58496250823519	7.76818433139479	7.81378119762902	7.9772799292249	7.76818433139479	7.77478706618882	7.86418615084611	7.17990909996456	7.26678655006305	7.29462075808077	6.95419632202151	7.26678655006305	7.27612441458195	7.10852446723248	7.30378075730808	7.4998458950539	7.41785252332271	7.59245704474318	7.69348696446887	7.49185310434465	7.4998458950539	7.56985561592408	7.67242534904353	6.71424553140608	6.45943163503156	6.8579810075646	6.37503944872879	6.80735493493881	6.67242535611556	6.52356197173848	6.93073734938826	6.8201789751824	6.71424553140608	6.64385620420168	7.00000001127106	6.8579810075646	6.8579810075646	7.96578429043287	8.08214904667747	8.11374217125747	8.0714623679198	8.01680829325681	8.08214904667747	7.82017896879879	7.95419631620419	8.02236781857728	8.06608919584096	8.10328781365819	8.03891899477783	8.1497471245846	8.00000000563553	7.94836723742555	7.9772799292249	6.83289002681996	7.05528244634852	6.96578429620365	7.12928302724993	7.12928302724993	7.06608920122415	7.15987134686717	7.09803209349115	7.66533592429205	9.78953364660052	8.03342300704392	8.38801728965169	8.56605404197767	11.862249901239	9.6847486221746	10.1774195392351	9.77478706124809	9.17990909250234	8.38801728965169	8.56605404197767	11.862249901239	9.6847486221746	10.1774195392351	9.77478706124809	9.17990909250234	6.62935663465229	6.72792046817353	8.75488750550304	8.0714623679198	11.2969162074527	12.3853231764455	10.967946706533	11.8967108161045	11.2749604727228	11.891783703598	12.3230547606232	12.1318569609302	11.9744145901641	11.9751314572797	12.2905948883705	12.0423433801357	10.1910592157658	9.60547951991365	11.3842441227828	9.31288295755274	8.90989308676941	8.82017896560699	8.98013958049598	9.0251395650476	9.53527537856514	8.89481776633882	8.97727992636241	9.21916852288279	8.94836723450511
CREM	9.39660478332236	5.70043974588523	6.59991285706027	5.8826430738143	6.3923174399537	5.28540225585443	5.83289003947518	5.78135973975548	7.82017896879879	5.67242537025963	6.87036473191413	8.78463484882894	8.68999797491265	8.6934869609841	8.83605035821495	8.78463484882894	8.68650053068491	8.56605404197767	8.59991284590541	9.09011242231144	8.74819285294456	9.03066713900544	8.69696752971066	8.54689446374511	8.49185310033716	8.52356195997738	8.69696752971066	8.85486838637621	8.60733031744883	8.58120058569179	8.45943162273586	8.83920379124693	9.01122725821917	8.96289600822843	8.92481250657429	8.80413102441082	8.80089990315505	8.82972273825682	8.66888498781095	8.91886324025537	8.99152184891007	9.38154295334755	9.31741261602615	9.32192809714157	8.99435343968767	8.85798099823683	8.65105169476772	9.44294349792157	9.12153351993015	8.75822321805858	8.85798099823683	8.90388184874807	9.05256805352109	9.04984855217263	6.02236783522376	5.78135973975548	6.06608921199053	5.80735494782002	5.85798102000162	5.83289003947518	5.90689061965344	5.90689061965344	6.14974713982433	6.10852447768679	6.30378076643907	6.50779465605249	6.24792753242642	6.55458886702546	6.68650054118997	6.62935663465229	5.90689061965344	6.02236783522376	5.55458888237328	5.70043974588523	5.72792048178386	5.95419633365615	5.78135973975548	5.64385621862863	5.61470987355796	5.5849625307773	5.61470987355796	5.72792048178386	5.64385621862863	5.90689061965344	5.93073736121362	5.75488752888004	7.00000001127106	7.00000001127106	6.55458886702546	6.80735493493881	7.08746285185839	6.91886324919769	6.8201789751824	6.6582114970359	6.08746286246644	6.28540223735834	6.20945338512483	6.20945338512483	6.18982457864296	6.24792753242642	6.20945338512483	6.2667865594312	6.42626477147762	5.8826430738143	6.18982457864296	6.00000002254211	6.35755202221193	6.28540223735834	6.44294351243143	6.52356197173848	6.35755202221193	6.40939095311058	6.58496251574923	6.24792753242642	6.28540223735834	6.37503944872879	6.32192811292105	6.62935663465229	6.28540223735834	6.06608921199053	5.5849625307773	6.08746286246644	5.90689061965344	5.78135973975548	7.32192810390421	7.40087944481884	7.20945337537689	6.95419632202151	7.33985001179015	7.27612441458195	7.247927522935	7.18982456876149	7.21916853014468	7.247927522935	7.17990909996456	7.14974712966451	7.23840474887935	7.26678655006305	7.33091688707546	7.13955136263067	6.97727993494988	7.16992501146103	7.18982456876149	6.95419632202151	6.96578429620365	7.02236782412611	6.87036473191413	7.07681560773746	6.55458886702546	7.26678655006305	6.33985002069568	1.00000144269432	6.2667865594312	7.89481776936969	6.8201789751824	7.80735492849821	6.90689060763098	7.45943162683443	1.00000144269432	6.2667865594312	7.89481776936969	6.8201789751824	7.80735492849821	6.90689060763098	7.45943162683443	7.5999128496237	6.94251451706847	9.19475685688418	8.90086681099894	11.8830250688221	12.5662919302457	11.2221911390602	11.6586577925723	11.0334230022258	11.0633950819627	12.1478408939903	11.9403135975131	12.1179677040417	12.1411491987569	12.5377037481503	12.1385917949575	9.01959073113764	10.2980625688649	10.7976615266643	9.60177079026446	9.73640193300961	9.49185309833342	9.67771964340254	9.37503943351966	9.09803208559318	9.72792045626449	9.90689059711133	9.68650052893406	9.6420516947336
CRH	1.00000144269432	1.44269431942324e-06	1.00000144269432	1.00000144269432	1.44269431942324e-06	1.00000072134734	1.44269431942324e-06	1.58496298161942	2.80735512815688	1.58496298161942	1.44269431942324e-06	1.00000144269432	1.00000144269432	1.00000144269432	1.00000144269432	1.00000144269432	1.00000144269432	1.00000144269432	1.00000144269432	1.00000144269432	1.00000144269432	1.00000144269432	1.00000144269432	1.00000144269432	1.00000144269432	1.00000144269432	1.00000144269432	1.00000144269432	1.00000144269432	1.00000144269432	1.00000144269432	1.00000144269432	1.00000144269432	1.00000144269432	1.00000144269432	1.00000144269432	1.00000144269432	1.00000144269432	1.00000144269432	1.00000144269432	1.00000144269432	1.00000144269432	1.00000144269432	1.00000144269432	1.00000144269432	1.00000144269432	1.00000144269432	1.00000144269432	1.00000144269432	1.00000144269432	1.00000144269432	1.00000144269432	1.00000144269432	1.00000144269432	1.00000144269432	1.00000144269432	1.00000144269432	1.00000144269432	1.00000144269432	1.00000144269432	1.00000144269432	1.00000144269432	1.00000144269432	1.00000144269432	1.00000144269432	1.00000144269432	1.00000144269432	1.00000144269432	1.00000144269432	1.00000144269432	1.00000144269432	1.00000144269432	1.00000144269432	1.00000144269432	1.00000144269432	1.00000144269432	1.00000144269432	1.00000144269432	1.00000144269432	1.00000144269432	1.00000144269432	1.00000144269432	1.00000144269432	1.00000144269432	1.00000144269432	1.00000144269432	1.00000144269432	1.00000144269432	1.00000144269432	1.00000144269432	1.00000144269432	1.00000144269432	1.00000144269432	1.00000144269432	1.00000144269432	1.00000144269432	1.00000144269432	1.00000144269432	1.00000144269432	1.00000144269432	1.00000144269432	1.00000144269432	1.00000144269432	1.00000144269432	1.00000144269432	1.00000144269432	1.00000144269432	1.00000144269432	1.00000144269432	1.00000144269432	1.00000144269432	1.00000144269432	1.00000144269432	1.00000144269432	1.00000144269432	1.00000144269432	1.00000144269432	1.00000144269432	1.00000144269432	1.00000144269432	1.00000144269432	1.00000144269432	1.00000144269432	1.00000144269432	1.00000144269432	1.00000144269432	1.00000144269432	1.00000144269432	1.00000144269432	1.00000144269432	1.00000144269432	1.00000144269432	1.00000144269432	1.00000144269432	1.00000144269432	1.00000144269432	1.00000144269432	1.00000144269432	1.00000144269432	1.00000144269432	1.00000144269432	1.00000144269432	1.00000144269432	1.00000144269432	1.00000144269432	1.00000144269432	1.00000144269432	1.00000144269432	1.00000144269432	1.00000144269432	1.00000144269432	1.00000144269432	1.00000144269432	1.00000144269432	1.00000144269432	1.00000144269432	3.80735502510725	1.00000144269432	1.00000144269432	1.00000144269432	1.00000144269432	1.00000144269432	1.00000144269432	3.80735502510725	1.00000144269432	1.00000144269432	1.00000144269432	1.00000144269432	1.00000144269432	1.00000144269432	1.00000144269432	1.00000144269432	1.44269431942324e-06	1.00000072134734	1.00000144269432	1.00000072134734	1.00000144269432	1.00000144269432	1.00000144269432	1.58496298161942	1.44269431942324e-06	1.00000144269432	1.00000144269432	1.00000144269432	1.58496298161942	1.00000072134734	1.00000144269432	1.58496298161942	1.00000072134734	2.00000036067372	1.00000144269432	1.00000144269432	1.00000072134734	1.58496298161942
CRTC1	7.14974712966451	6.79441587934736	6.47573344717645	7.28540222811029	6.8201789751824	5.97727994639984	6.18982457864296	6.32192811292105	7.05528244634852	6.30378076643907	7.16992501146103	6.79441587934736	6.62935663465229	7.01122726660694	6.75488751552176	6.49185311235962	6.79441587934736	6.6582114970359	6.37503944872879	7.31288296435791	7.19967235465062	7.11894108310261	7.48381578532401	7.01122726660694	6.75488751552176	7.26678655006305	6.79441587934736	6.87036473191413	6.83289002681996	6.1292830375549	6.24792753242642	6.50779465605249	6.64385620420168	6.75488751552176	6.32192811292105	6.62935663465229	6.22881870973181	6.52356197173848	6.35755202221193	6.18982457864296	6.50779465605249	5.85798102000162	5.49185312838956	5.95419633365615	5.85798102000162	6.04439414121747	3.90689069178818	6.14974713982433	5.45943165142582	5.45943165142582	6.87036473191413	6.95419632202151	5.00000004508422	5.52356198741995	5.00000004508422	4.58496256083345	4.70043977362936	4.90689064369835	4.58496256083345	4.75488755559662	4.00000009016844	5.24792755140924	5.42626478825315	5.20945340462071	4.90689064369835	5.55458888237328	5.39231745712864	5.12928305816482	5.16992504151717	4.85798104487568	5.42626478825315	5.5849625307773	5.12928305816482	5.45943165142582	5.00000004508422	5.04439416307648	5.49185312838956	4.90689064369835	4.85798104487568	4.32192816702211	4.70043977362936	4.64385624748253	4.70043977362936	4.90689064369835	5.24792755140924	5.12928305816482	5.97727994639984	6.04439414121747	5.70043974588523	5.95419633365615	6.06608921199053	5.97727994639984	5.95419633365615	6.00000002254211	5.5849625307773	5.52356198741995	5.64385621862863	5.24792755140924	5.16992504151717	5.49185312838956	5.20945340462071	5.24792755140924	5.75488752888004	5.39231745712864	5.78135973975548	5.72792048178386	5.90689061965344	6.02236783522376	5.35755203980577	5.39231745712864	5.08746288368255	5.24792755140924	5.35755203980577	5.35755203980577	4.85798104487568	5.04439416307648	5.42626478825315	5.24792755140924	5.32192813095474	4.85798104487568	5.04439416307648	4.80735497358243	5.08746288368255	5.16992504151717	5.12928305816482	5.00000004508422	4.90689064369835	5.72792048178386	5.55458888237328	5.32192813095474	5.12928305816482	5.24792755140924	4.85798104487568	5.39231745712864	5.5849625307773	5.28540225585443	5.00000004508422	5.55458888237328	5.5849625307773	5.42626478825315	4.75488755559662	4.80735497358243	5.00000004508422	4.45943168421434	4.70043977362936	5.20945340462071	5.00000004508422	5.16992504151717	8.51963625677426	9.28077077245005	8.21431912565832	6.49185311235962	7.22881870011385	7.82017896879879	6.24792753242642	7.65105169835652	7.40939094462414	8.28077077476949	6.49185311235962	7.22881870011385	7.82017896879879	6.24792753242642	7.65105169835652	7.40939094462414	8.28077077476949	5.28540225585443	5.16992504151717	7.49185310434465	6.28540223735834	9.96434086923656	9.85486838481822	9.76652891025523	10.171176798903	9.47370575164852	9.96866679463502	10.8217739827676	10.1522848435743	10.0887882400417	10.6266216532709	10.1836353827137	10.7690113219238	8.83605035821495	8.24317398823432	10.4908508777429	8.40939094038092	8.49185310033716	8.46352437735814	8.25738784740734	8.37068741116581	8.07681560239415	8.43045255584726	8.2045711491397	8.24317398823432	7.98299358039666
DRD2	1.44269431942324e-06	1.00000144269432	1.00000144269432	1.00000144269432	1.00000144269432	1.00000144269432	1.00000144269432	1.00000144269432	1.00000144269432	1.00000144269432	1.00000144269432	1.00000144269432	1.00000144269432	1.00000144269432	1.00000144269432	1.00000144269432	1.00000144269432	1.00000144269432	1.00000144269432	1.00000144269432	1.00000144269432	1.00000144269432	1.00000144269432	1.00000144269432	1.00000144269432	1.00000144269432	1.00000144269432	1.00000144269432	1.00000144269432	1.00000144269432	1.00000144269432	1.00000144269432	1.00000144269432	1.00000144269432	1.00000144269432	1.00000144269432	1.00000144269432	1.00000144269432	1.00000144269432	1.00000144269432	1.00000144269432	1.00000144269432	1.00000144269432	1.00000144269432	1.00000144269432	1.00000144269432	1.00000144269432	1.00000144269432	1.00000144269432	1.00000144269432	1.00000144269432	1.00000144269432	1.00000144269432	1.00000144269432	1.00000144269432	1.00000144269432	1.00000144269432	1.00000144269432	1.00000144269432	1.00000144269432	1.00000144269432	1.00000144269432	1.00000144269432	1.00000144269432	1.00000144269432	1.00000144269432	1.00000144269432	1.00000144269432	1.00000144269432	1.00000144269432	1.00000144269432	1.00000144269432	1.00000144269432	1.00000144269432	1.00000144269432	1.00000144269432	1.00000144269432	1.00000144269432	1.00000144269432	1.00000144269432	1.00000144269432	1.00000144269432	1.00000144269432	1.00000144269432	1.00000144269432	1.00000144269432	1.00000144269432	1.00000144269432	1.00000144269432	1.00000144269432	1.00000144269432	1.00000144269432	1.00000144269432	1.00000144269432	1.00000144269432	1.00000144269432	1.00000144269432	1.00000144269432	1.00000144269432	1.00000144269432	1.00000144269432	1.00000144269432	1.00000144269432	1.00000144269432	1.00000144269432	1.00000144269432	1.00000144269432	1.00000144269432	1.00000144269432	1.00000144269432	1.00000144269432	1.00000144269432	1.00000144269432	1.00000144269432	1.00000144269432	1.00000144269432	1.00000144269432	1.00000144269432	1.00000144269432	1.00000144269432	1.00000144269432	1.00000144269432	1.00000144269432	1.00000144269432	1.00000144269432	1.00000144269432	1.00000144269432	1.00000144269432	1.00000144269432	1.00000144269432	1.00000144269432	1.00000144269432	1.00000144269432	1.00000144269432	1.00000144269432	1.00000144269432	1.00000144269432	1.00000144269432	1.00000144269432	1.00000144269432	1.00000144269432	1.00000144269432	1.00000144269432	1.00000144269432	1.00000144269432	1.00000144269432	1.00000144269432	1.00000144269432	1.00000144269432	1.58496298161942	1.00000144269432	1.00000144269432	4.08746292611475	1.58496298161942	1.00000144269432	1.00000144269432	5.32192813095474	1.00000144269432	1.00000144269432	4.08746292611475	1.58496298161942	1.00000144269432	1.00000144269432	5.32192813095474	1.00000144269432	1.00000144269432	1.00000144269432	1.44269431942324e-06	1.00000144269432	1.00000072134734	1.00000072134734	1.44269431942324e-06	1.00000144269432	1.00000144269432	1.00000144269432	1.00000144269432	1.00000144269432	1.00000144269432	1.44269431942324e-06	1.00000144269432	1.00000144269432	1.00000144269432	1.00000144269432	1.00000144269432	1.00000144269432	1.00000144269432	1.00000144269432	1.00000144269432	1.00000144269432	1.00000144269432	1.00000144269432	1.00000144269432	1.00000144269432	1.00000144269432
DRD3	2.58496274117031	1.00000144269432	1.00000144269432	1.00000144269432	1.00000144269432	1.00000144269432	1.00000144269432	1.00000144269432	1.00000144269432	1.00000144269432	1.00000144269432	1.00000144269432	1.00000144269432	1.00000144269432	1.00000144269432	1.00000144269432	1.00000144269432	1.00000072134734	1.00000144269432	1.00000144269432	1.00000144269432	1.00000144269432	1.00000144269432	1.00000144269432	1.00000144269432	1.00000144269432	1.00000144269432	1.00000144269432	1.00000144269432	1.44269431942324e-06	1.00000144269432	1.44269431942324e-06	1.00000144269432	1.00000144269432	1.44269431942324e-06	1.00000144269432	1.44269431942324e-06	1.00000144269432	1.44269431942324e-06	1.00000144269432	1.00000144269432	1.00000144269432	1.44269431942324e-06	1.00000144269432	1.00000144269432	1.00000144269432	1.00000144269432	1.00000144269432	1.00000144269432	1.44269431942324e-06	1.00000144269432	1.00000144269432	1.00000144269432	1.00000144269432	1.00000144269432	1.00000144269432	1.00000144269432	1.00000144269432	1.00000144269432	1.00000144269432	1.00000144269432	1.00000144269432	1.00000144269432	1.00000144269432	1.44269431942324e-06	1.00000144269432	1.44269431942324e-06	1.00000144269432	1.00000144269432	1.00000144269432	1.00000144269432	1.00000144269432	1.00000144269432	1.00000144269432	1.00000144269432	1.00000144269432	1.00000144269432	1.00000144269432	1.00000144269432	1.00000144269432	1.00000144269432	1.00000144269432	1.00000144269432	1.00000144269432	1.00000144269432	1.00000144269432	1.00000144269432	1.00000144269432	1.44269431942324e-06	1.00000144269432	1.00000144269432	1.00000144269432	1.44269431942324e-06	1.00000144269432	1.00000144269432	1.00000144269432	1.00000144269432	1.00000144269432	1.00000144269432	1.00000144269432	1.00000144269432	1.00000144269432	1.00000144269432	1.00000144269432	1.00000144269432	1.00000144269432	1.00000144269432	1.00000144269432	1.00000144269432	1.00000144269432	1.00000144269432	1.00000144269432	1.00000144269432	1.00000144269432	1.00000144269432	1.00000144269432	1.00000144269432	1.00000144269432	1.00000144269432	1.00000144269432	1.00000144269432	1.00000144269432	1.00000144269432	1.00000144269432	1.44269431942324e-06	1.00000144269432	1.00000144269432	1.00000144269432	1.00000144269432	1.00000144269432	1.00000144269432	1.00000144269432	1.00000144269432	1.00000144269432	1.00000144269432	1.00000144269432	1.00000144269432	1.00000144269432	1.00000144269432	1.00000144269432	1.00000144269432	1.00000144269432	1.00000144269432	1.44269431942324e-06	1.00000144269432	1.00000144269432	1.00000144269432	1.00000144269432	1.00000144269432	1.00000144269432	1.00000144269432	1.00000144269432	1.00000144269432	1.44269431942324e-06	1.00000144269432	1.00000144269432	1.44269431942324e-06	1.00000144269432	1.00000144269432	1.00000144269432	1.44269431942324e-06	1.00000144269432	1.00000144269432	1.44269431942324e-06	1.00000144269432	1.00000144269432	1.00000144269432	1.00000144269432	1.00000144269432	1.44269431942324e-06	1.00000144269432	1.00000144269432	1.00000144269432	1.00000144269432	1.00000144269432	1.00000144269432	1.44269431942324e-06	1.00000144269432	1.00000144269432	1.00000144269432	1.44269431942324e-06	1.00000144269432	1.00000144269432	1.00000144269432	1.00000144269432	1.00000144269432	1.00000144269432	1.00000144269432	1.00000144269432	1.00000144269432	1.00000144269432	1.00000144269432	1.00000144269432	1.00000144269432
DRD4	1.44269431942324e-06	1.44269431942324e-06	1.44269431942324e-06	1.00000144269432	1.58496298161942	1.58496298161942	1.00000072134734	1.00000144269432	1.44269431942324e-06	1.44269431942324e-06	1.44269431942324e-06	0	0	0	0	0	0	0	0	0	0	0	0	0	0	0	0	0	0	0	0	0	0	0	0	0	0	0	0	0	0	0	0	0	0	0	0	0	0	0	0	0	0	0	1.00000144269432	1.44269431942324e-06	1.00000144269432	1.00000144269432	1.00000144269432	1.44269431942324e-06	1.44269431942324e-06	1.00000144269432	1.00000144269432	1.44269431942324e-06	1.00000144269432	1.00000144269432	1.44269431942324e-06	1.00000072134734	1.44269431942324e-06	1.00000144269432	1.00000144269432	1.00000144269432	1.00000072134734	1.44269431942324e-06	1.44269431942324e-06	1.44269431942324e-06	1.44269431942324e-06	1.00000144269432	1.00000144269432	1.00000144269432	1.00000072134734	1.44269431942324e-06	1.44269431942324e-06	1.44269431942324e-06	1.44269431942324e-06	1.00000144269432	1.00000144269432	1.44269431942324e-06	1.44269431942324e-06	1.44269431942324e-06	1.58496298161942	1.44269431942324e-06	1.00000144269432	1.58496298161942	1.44269431942324e-06	1.00000072134734	1.00000144269432	1.00000144269432	1.00000072134734	1.00000072134734	1.44269431942324e-06	1.00000072134734	1.58496298161942	1.44269431942324e-06	1.00000144269432	1.00000144269432	1.00000144269432	1.00000144269432	1.44269431942324e-06	1.00000144269432	1.00000144269432	1.00000144269432	1.00000144269432	1.00000072134734	1.00000144269432	1.00000144269432	1.00000144269432	1.58496298161942	1.00000144269432	1.00000144269432	1.00000144269432	1.00000144269432	1.00000144269432	1.44269431942324e-06	1.00000144269432	1.00000144269432	1.00000144269432	1.44269431942324e-06	1.00000144269432	1.00000144269432	1.00000144269432	1.44269431942324e-06	1.00000072134734	1.00000144269432	1.00000072134734	1.00000144269432	1.00000144269432	1.00000144269432	1.44269431942324e-06	1.00000144269432	1.44269431942324e-06	1.00000144269432	1.00000144269432	1.44269431942324e-06	1.00000144269432	1.00000072134734	1.00000072134734	1.00000144269432	3.70043982911763	4.08746292611475	3.45943174979139	1.00000144269432	1.00000144269432	2.00000036067372	1.00000144269432	1.44269431942324e-06	1.00000144269432	1.00000144269432	1.00000144269432	1.00000144269432	2.00000036067372	1.00000144269432	1.44269431942324e-06	1.00000144269432	1.00000144269432	2.32192838342634	1.00000072134734	1.00000072134734	2.32192838342634	5.49185312838956	7.77478706618882	4.64385624748253	3.90689069178818	1.58496298161942	1.44269431942324e-06	3.58496262094574	2.58496274117031	2.00000036067372	4.70043977362936	3.70043982911763	3.70043982911763	3.45943174979139	1.44269431942324e-06	4.80735497358243	2.00000036067372	1.58496298161942	1.00000072134734	2.58496274117031	1.00000144269432	1.00000144269432	1.00000072134734	1.00000072134734	1.44269431942324e-06	1.00000144269432
EGR1	12.6172378649757	6.53915882662088	7.22881870011385	6.72792046817353	6.40939095311058	5.75488752888004	6.47573344717645	6.08746286246644	6.70043973201316	6.84549006348955	6.58496251574923	14.7424673406999	15.003913140992	14.9287959323078	15.3146540462158	14.5668270433199	14.695173906665	13.3337144262337	13.5324776872405	14.8417117545923	14.6624458576363	14.1660846050114	14.7620705424768	12.7410455772206	11.6631133089007	12.0728025348791	12.1095042160835	14.6620007187741	14.5639708096808	13.4179843342001	14.1738332637601	14.9195151345201	13.8050384718063	9.27146303023883	10.0714623638974	11.6987046672044	11.6648916697304	14.9883740337466	15.3744282206311	14.8015568074105	13.8356556909385	13.8486229405271	15.0730118240473	14.9967824028781	12.1350679460986	12.373952655642	8.36194377812033	12.6318591275101	13.9776376904953	13.7103759713121	15.4446590441962	15.6482733100064	13.54291094609	14.9162993570643	8.09803208822584	7.88264305547496	8.16992500645167	7.98868469245207	8.03891899477783	7.90689060161975	8.05528244092486	8.07681560239415	7.89481776936969	7.80735492849821	7.85174904766149	7.8265484936464	7.74819285629967	7.63662462779337	7.80735492849821	7.75488750884261	8.49585503088356	8.33985000733739	8.32192809939578	8.37068741116581	8.54689446374511	8.20945337050292	8.19967234974349	8.32192809939578	8.06069593709091	8.1649069317025	8.28077077476949	8.26678654537898	8.22881869530487	8.2526654371804	8.15481811411419	8.12412131700014	9.17741954048094	9.01680829047168	9.15481811158315	8.9971794837609	9.11894107531828	9.15228484484207	9.12670447542404	9.03617361530148	8.774787062895	8.75488750550304	8.79766152909577	8.80089990315505	8.90989308676941	8.87958325267583	8.86108690909796	8.74483384086247	8.28540222348627	8.26678654537898	8.33539035916047	8.31741261828742	8.36194377812033	8.4553272244148	8.33985000733739	8.22881869530487	7.94251451120385	7.82017896879879	7.86418615084611	8.03891899477783	7.73470962699905	7.91886324323614	7.90689060161975	7.98299358039666	8.45943162273586	8.21916852530342	8.33539035916047	8.19967234974349	8.38801728965169	8.28077077476949	8.82017896560699	8.95128471788151	8.86727874279895	8.98299357754549	8.95128471788151	8.88569637638949	8.86418614775019	8.82972273825682	8.74819285294456	8.55842071709544	8.774787062895	8.79766152909577	8.74483384086247	8.75488750550304	8.73131903441964	8.64745843005266	9.40726776636947	9.44086916968669	9.44914864743938	9.55074678730684	9.62021982734064	9.50382573998293	9.45738088112473	9.55842071518205	5.28540225585443	6.72792046817353	4.08746292611475	1.00000144269432	1.00000144269432	5.64385621862863	4.2479275893749	5.00000004508422	3.58496262094574	4.58496256083345	1.00000144269432	1.00000144269432	5.64385621862863	4.2479275893749	5.00000004508422	3.58496262094574	4.58496256083345	6.61470985883659	5.97727994639984	5.85798102000162	6.33985002069568	9.85953478793561	10.0633950826368	8.94836723450511	10.0084286234713	8.59245704100563	10.2992080195323	10.6447575934174	9.94690627591809	9.83762793474812	11.3314768224195	11.0741414634217	11.6452080832251	14.8493562283856	13.9453523848487	15.5629578693639	10.1215335186351	9.38586240279796	8.40939094038092	9.94251450680539	8.93957921725297	8.68650053068491	8.87651694963456	9.97441459123962	9.50977500630594	11.0216740435523
EGR3	11.0272148858511	2.58496274117031	2.32192838342634	4.70043977362936	4.52356201878288	2.58496274117031	3.45943174979139	3.45943174979139	1.58496298161942	2.80735512815688	2.00000036067372	10.2215871224731	9.34207467022209	10.0861362263545	10.2550285709993	9.77478706124809	8.56605404197767	5.39231745712864	5.24792755140924	11.1163439618873	10.5877775172656	9.68123841353505	10.1331422136853	7.6438561969882	6.88264306158807	6.76818433801266	7.11894108310261	8.42206477037892	8.20945337050292	5.16992504151717	5.85798102000162	7.434628235976	5.42626478825315	4.85798104487568	4.95419635692542	4.32192816702211	4.32192816702211	7.69348696446887	8.37068741116581	7.28540222811029	6.02236783522376	8.22881869530487	9.51569984025494	9.06339508398514	5.5849625307773	5.08746288368255	3.16992516174175	4.85798104487568	6.58496251574923	6.76818433801266	9.1873520756751	9.72792045626449	6.6582114970359	8.19475685934612	4.00000009016844	4.32192816702211	4.58496256083345	4.58496256083345	4.08746292611475	4.39231749147852	4.52356201878288	4.85798104487568	3.58496262094574	3.70043982911763	4.2479275893749	4.00000009016844	4.08746292611475	3.32192823915686	3.90689069178818	3.90689069178818	4.32192816702211	4.16992508159203	4.32192816702211	4.32192816702211	3.90689069178818	4.16992508159203	4.52356201878288	4.45943168421434	2.80735512815688	3.00000018033687	3.00000018033687	4.08746292611475	3.00000018033687	3.16992516174175	2.80735512815688	2.80735512815688	5.24792755140924	4.75488755559662	4.75488755559662	4.45943168421434	4.80735497358243	5.00000004508422	4.52356201878288	4.95419635692542	5.20945340462071	5.08746288368255	4.64385624748253	4.75488755559662	4.58496256083345	4.70043977362936	4.70043977362936	3.80735502510725	4.39231749147852	4.2479275893749	4.75488755559662	4.90689064369835	4.58496256083345	5.49185312838956	4.80735497358243	4.90689064369835	4.2479275893749	3.45943174979139	4.08746292611475	3.58496262094574	3.90689069178818	3.70043982911763	2.80735512815688	3.45943174979139	3.80735502510725	4.16992508159203	3.32192823915686	3.16992516174175	3.70043982911763	3.32192823915686	4.52356201878288	4.39231749147852	4.16992508159203	4.64385624748253	5.08746288368255	5.00000004508422	4.2479275893749	4.90689064369835	3.70043982911763	3.90689069178818	4.2479275893749	4.32192816702211	4.08746292611475	4.08746292611475	4.70043977362936	4.80735497358243	4.85798104487568	4.75488755559662	4.45943168421434	4.39231749147852	4.45943168421434	4.39231749147852	4.45943168421434	4.32192816702211	5.64385621862863	5.64385621862863	3.32192823915686	1.00000144269432	1.58496298161942	4.08746292611475	4.75488755559662	4.90689064369835	1.00000144269432	3.32192823915686	1.00000144269432	1.58496298161942	4.08746292611475	4.75488755559662	4.90689064369835	1.00000144269432	3.32192823915686	1.00000072134734	1.00000144269432	1.00000144269432	1.00000144269432	5.72792048178386	7.21916853014468	6.06608921199053	5.39231745712864	4.08746292611475	8.31741261828742	8.52356195997738	8.27146303257329	8.58871463932952	9.14210705985599	9.67948010126483	10.0154150537806	10.1898245601152	7.31288296435791	11.6461086419562	4.58496256083345	2.58496274117031	4.32192816702211	5.00000004508422	3.90689069178818	4.2479275893749	5.80735494782002	5.16992504151717	4.08746292611475	5.49185312838956
EP300	13.9131699162163	11.49785183745	10.8320988468305	12.1446582431505	11.6483575824591	11.0627207678395	11.5497846684291	11.0147179305573	11.5574637020765	11.3426302992339	11.2467405990868	0	0	0	0	0	0	0	0	0	0	0	0	0	0	0	0	0	0	0	0	0	0	0	0	0	0	0	0	0	0	0	0	0	0	0	0	0	0	0	0	0	0	0	9.0251395650476	9.04984855217263	9.04439412209083	9.0251395650476	9.12928301952121	9.04984855217263	9.03342300429068	8.93663794194685	9.41996017995401	9.38154295334755	9.40301202570601	9.46556640684999	9.44501484793829	9.40939093825931	9.38586240279796	9.42206476827587	9.44086916968669	9.33762190422233	9.42206476827587	9.4178525169951	9.40726776636947	9.39446269675399	9.35314682770404	9.39231742492563	9.22400167661064	9.25738784505	9.24317398585364	9.21188829697888	9.32192809714157	9.35093918375576	9.22881869290037	9.30149619726891	10.0484868753547	10.1910592157658	10.0781508090692	10.0901124209879	10.1472049262144	10.1292830182331	10.1163439625372	10.1032878097236	9.84862294199408	9.81858217907853	9.88569637486444	9.80896417652762	9.79116289018334	9.80251636673678	9.80413102279707	9.82654848887979	9.85486838481822	9.81858217907853	9.85330955696334	9.8579809966822	9.86108690754668	9.92629599626384	9.86418614620224	9.81858217907853	9.57931593946589	9.58496250259967	9.61470984595538	9.50977500630594	9.52943055609838	9.59058705178623	9.46556640684999	9.48984796244583	9.38370429463377	9.42416629091809	9.33985000511101	9.48381577927919	9.32642948936949	9.47370575164852	9.77807713117852	9.76818432643139	9.70217268709747	9.76818432643139	9.6847486221746	9.67419226991153	9.74986942907245	9.76818432643139	9.71424551938362	9.76321236847458	9.76983784528201	9.71080643542095	9.73301532338126	9.78953364660052	9.70390357517451	9.6847486221746	9.36632221643172	9.36850646369029	9.32867492957164	9.44708322827655	9.32418054886944	9.41151099013057	9.40939093825931	9.38586240279796	10.8564255294037	12.6070990943248	10.2419831508857	8.67595703646912	8.4553272244148	12.2419831499922	11.0147179305573	11.6741922685871	10.3196721220759	9.96000193351657	8.67595703646912	8.4553272244148	12.2419831499922	11.0147179305573	11.6741922685871	10.3196721220759	9.96000193351657	9.67065625088862	9.3553510986274	10.5245417160153	10.1935253617332	14.0925094042386	14.9714986486952	13.7290896185784	13.9842404253191	13.4873376153328	13.8080591911694	14.4309098553906	13.9042582828946	14.1333830697742	14.17117679773	14.1095042158386	14.1871200603516	12.1935253608092	11.6913073306274	14.0425998817984	13.7431513942177	13.6678876914023	13.7200304466059	13.3117483151468	13.2721923617905	13.3645450752436	14.0189825279307	13.5837879546198	14.0734721540601	13.110972607946
EZH2	7.94836723742555	8.45943162273586	7.72792046136836	8.64024493983812	8.33091688259504	7.20945337537689	8.12412131700014	8.78463484882894	9.23601419429261	8.05528244092486	8.79766152909577	8.91587938182272	8.60362634869492	8.56605404197767	8.49984589106855	8.95128471788151	9.05528243821302	9.29462075118891	9.32192809714157	9.21674586062	8.98299357754549	9.34651373538176	9.29462075118891	8.85798099823683	8.98868468961212	9.14465824538081	9.12670447542404	9.10066234163306	8.84549005408067	9.12670447542404	8.61470984779555	9.00562455200068	9.32418054886944	9.46352437531466	9.37721053255802	9.39874369407552	9.08480839046126	9.33762190422233	9.13185696318044	9.3353903569272	9.4676055521207	9.51766939010202	9.92035285690393	9.53721840248031	9.73301532338126	9.7004397198751	9.80089990153768	9.9439799158084	10.0126245402617	9.89026427854134	9.12670447542404	9.02236781580287	10.1032878097236	9.5622424261294	6.68650054118997	6.70043973201316	6.78135972664007	6.80735493493881	6.98868469813197	6.78135972664007	7.02236782412611	6.8579810075646	6.95419632202151	7.15987134686717	6.88264306158807	6.96578429620365	6.90689060763098	7.12928302724993	7.05528244634852	6.95419632202151	7.09803209349115	6.83289002681996	7.03342301255039	6.88264306158807	6.97727993494988	6.88264306158807	6.45943163503156	6.68650054118997	7.16992501146103	7.01122726660694	7.00000001127106	7.17990909996456	6.72792046817353	7.03342301255039	6.91886324919769	6.72792046817353	7.45943162683443	7.67242534904353	7.40939094462414	7.53138146831466	7.53138146831466	7.6147098514759	7.38370430111295	7.63662462779337	6.52356197173848	6.59991285706027	6.62935663465229	6.80735493493881	6.50779465605249	6.67242535611556	6.53915882662088	6.79441587934736	6.70043973201316	6.45943163503156	6.79441587934736	6.79441587934736	6.89481777543143	6.64385620420168	6.89481777543143	6.78135972664007	6.70043973201316	6.76818433801266	6.93073734938826	6.91886324919769	6.78135972664007	6.55458886702546	6.74146699988428	6.53915882662088	7.23840474887935	7.02236782412611	7.27612441458195	7.47573343907143	7.07681560773746	7.22881870011385	7.00000001127106	7.20945337537689	7.05528244634852	7.04439413028796	6.97727993494988	6.90689060763098	6.80735493493881	6.97727993494988	6.89481777543143	7.16992501146103	7.09803209349115	7.07681560773746	7.15987134686717	7.04439413028796	7.06608920122415	7.10852446723248	6.3923174399537	6.64385620420168	6.75488751552176	6.6582114970359	6.75488751552176	6.6582114970359	6.58496251574923	6.67242535611556	8.2946207534862	8.93663794194685	7.31288296435791	8.76818432808586	8.13442632535507	9.55650605658786	7.87651695270413	8.79116289181167	8.4429434999944	8.70390357690437	8.76818432808586	8.13442632535507	9.55650605658786	7.87651695270413	8.79116289181167	8.4429434999944	8.70390357690437	1.58496298161942	1.44269431942324e-06	1.00000072134734	1.00000144269432	3.45943174979139	3.45943174979139	2.58496274117031	4.52356201878288	1.58496298161942	4.08746292611475	3.70043982911763	4.08746292611475	4.16992508159203	3.45943174979139	2.80735512815688	3.70043982911763	2.80735512815688	2.00000036067372	3.16992516174175	7.78790256591946	8.27612440992809	7.97154355969856	7.96578429043287	7.98299358039666	8.35314682990999	7.76818433139479	8.32642949161668	7.57742883558913	7.85174904766149
F7	1.44269431942324e-06	1.44269431942324e-06	1.44269431942324e-06	1.44269431942324e-06	1.00000072134734	1.00000144269432	1.00000144269432	1.00000144269432	1.00000144269432	1.00000144269432	1.00000144269432	1.00000144269432	1.00000144269432	1.00000144269432	1.00000144269432	1.00000144269432	1.44269431942324e-06	1.00000144269432	1.00000144269432	1.00000144269432	1.00000144269432	1.00000144269432	1.00000144269432	1.00000144269432	1.44269431942324e-06	1.00000144269432	1.44269431942324e-06	1.00000144269432	1.00000144269432	1.44269431942324e-06	1.00000144269432	1.00000144269432	1.00000144269432	1.00000144269432	1.00000144269432	1.00000072134734	1.00000144269432	1.00000144269432	1.00000144269432	1.00000144269432	1.00000144269432	1.00000144269432	1.00000144269432	1.00000144269432	1.00000144269432	1.44269431942324e-06	1.00000144269432	1.00000144269432	1.00000144269432	1.00000144269432	1.00000144269432	1.00000144269432	1.00000144269432	1.00000144269432	1.00000144269432	1.00000144269432	1.00000144269432	1.00000144269432	1.00000144269432	1.00000144269432	1.00000144269432	1.00000144269432	1.00000144269432	1.00000144269432	1.00000144269432	1.00000144269432	1.00000144269432	1.00000144269432	1.00000144269432	1.00000144269432	1.00000144269432	1.00000144269432	1.00000144269432	1.00000144269432	1.00000144269432	1.00000144269432	1.00000144269432	1.00000144269432	1.00000144269432	1.00000144269432	1.00000144269432	1.00000144269432	1.00000144269432	1.00000144269432	1.00000144269432	1.00000144269432	1.00000144269432	1.00000144269432	1.00000144269432	1.00000144269432	1.00000144269432	1.00000144269432	1.00000144269432	1.00000144269432	1.00000144269432	1.00000144269432	1.00000144269432	1.00000144269432	1.00000144269432	1.00000144269432	1.00000144269432	1.00000144269432	1.00000144269432	1.00000144269432	1.00000144269432	1.00000144269432	1.00000144269432	1.00000144269432	1.00000144269432	1.00000144269432	1.00000144269432	1.00000144269432	1.00000144269432	1.00000144269432	1.00000144269432	1.00000144269432	1.00000144269432	1.00000144269432	1.00000144269432	1.00000144269432	1.00000144269432	1.00000144269432	1.00000144269432	1.00000144269432	1.00000144269432	1.00000144269432	1.00000144269432	1.00000144269432	1.00000144269432	1.00000144269432	1.00000144269432	1.00000144269432	1.00000144269432	1.00000144269432	1.00000144269432	1.00000144269432	1.00000144269432	1.00000144269432	1.00000144269432	1.00000144269432	1.00000144269432	1.00000144269432	1.00000144269432	1.00000144269432	1.00000144269432	1.00000144269432	1.00000144269432	1.00000144269432	1.00000144269432	1.00000144269432	1.00000144269432	1.00000144269432	4.39231749147852	3.80735502510725	1.00000072134734	1.00000144269432	5.67242537025963	1.00000144269432	1.00000144269432	4.39231749147852	3.80735502510725	1.00000072134734	1.00000144269432	5.67242537025963	1.00000144269432	1.00000072134734	1.00000144269432	1.00000144269432	1.00000144269432	1.00000072134734	1.00000144269432	1.00000144269432	1.00000144269432	1.44269431942324e-06	1.00000144269432	3.00000018033687	1.00000144269432	1.00000144269432	3.16992516174175	1.00000144269432	1.00000072134734	1.00000144269432	1.00000144269432	1.00000144269432	1.00000144269432	1.00000144269432	1.00000144269432	1.00000144269432	1.00000144269432	1.00000144269432	1.00000144269432	1.00000144269432	1.00000144269432	1.00000144269432
FBXW11	12.1192653835001	9.20457114669445	9.00842862487193	10.7473538303173	10.579315938523	9.31741261602615	9.6847486221746	9.5603328361233	10.4676055511018	9.29232163510299	8.98584193984889	9.19229281693691	9.17492568499669	9.15734693788945	9.14720492748666	9.22641219519729	9.04439412209083	9.33315535254735	9.12670447542404	9.50382573998293	9.32642948936949	9.36850646369029	9.37721053255802	9.18239435588765	9.18487534538714	9.33315535254735	9.32192809714157	9.52552081105259	9.26678654303694	9.13185696318044	8.97727992636241	9.18487534538714	9.30149619726891	9.26912668148766	9.50779464218042	9.29232163510299	9.14465824538081	9.37068740898652	9.36850646369029	9.35314682770404	9.23122118311168	9.09275714356215	9.38154295334755	9.23601419429261	9.25266543481532	9.18982456135038	8.80735492527791	9.42416629091809	9.30606169170748	9.10066234163306	9.66177809955309	9.51963625480874	9.31514956452113	9.134426322788	5.16992504151717	5.61470987355796	5.55458888237328	5.32192813095474	5.52356198741995	5.39231745712864	5.64385621862863	5.5849625307773	6.10852447768679	6.18982457864296	6.14974713982433	6.22881870973181	6.08746286246644	5.83289003947518	5.97727994639984	5.49185312838956	5.5849625307773	6.02236783522376	5.85798102000162	6.10852447768679	5.97727994639984	5.8826430738143	5.93073736121362	6.00000002254211	5.85798102000162	5.93073736121362	6.06608921199053	5.80735494782002	5.55458888237328	6.04439414121747	5.75488752888004	5.70043974588523	6.6582114970359	6.61470985883659	6.28540223735834	6.55458886702546	6.71424553140608	6.6582114970359	6.6582114970359	6.50779465605249	5.85798102000162	6.14974713982433	5.80735494782002	6.20945338512483	5.97727994639984	6.1292830375549	6.02236783522376	6.35755202221193	6.42626477147762	5.80735494782002	6.06608921199053	5.90689061965344	6.32192811292105	6.28540223735834	5.75488752888004	5.97727994639984	6.20945338512483	6.1292830375549	5.97727994639984	6.40939095311058	5.97727994639984	6.06608921199053	6.00000002254211	5.97727994639984	5.8826430738143	5.93073736121362	6.00000002254211	5.72792048178386	6.02236783522376	5.95419633365615	6.14974713982433	5.90689061965344	6.04439414121747	6.20945338512483	5.95419633365615	6.40939095311058	6.00000002254211	6.16992502147974	6.14974713982433	5.93073736121362	6.1292830375549	6.06608921199053	5.95419633365615	5.8826430738143	6.1292830375549	6.18982457864296	5.85798102000162	5.85798102000162	5.90689061965344	5.83289003947518	5.95419633365615	5.80735494782002	6.16992502147974	5.67242537025963	9.09275714356215	10.0443941207246	8.61470984779555	8.93957921725297	8.16992500645167	10.6456584333093	9.5313814624659	10.2324209283753	8.84862294355883	9.80574387376357	8.93957921725297	8.16992500645167	10.6456584333093	9.5313814624659	10.2324209283753	8.84862294355883	9.80574387376357	4.58496256083345	5.04439416307648	6.90689060763098	6.44294351243143	11.2179576984698	11.7648715911507	11.33762190255	11.1935253611172	11.1959872986435	11.7854524685672	11.160501748186	11.4481163059258	11.3592004856828	11.1586096888456	11.2246046821414	11.3663222147923	9.14465824538081	9.61286849913356	10.934428041364	9.89178370473694	9.66533591896189	9.73809226130983	9.85486838481822	10.1369911133615	9.96289600678285	9.66711154384956	9.93663794047471	9.78790256102344	9.87498134919019
GFPT1	10.8703647203541	6.08746286246644	5.85798102000162	6.97727993494988	6.2667865594312	5.61470987355796	6.35755202221193	6.16992502147974	6.74146699988428	6.2667865594312	6.45943163503156	9.67419226991153	9.39446269675399	9.34651373538176	9.25502857217993	9.41362793113956	9.25738784505	9.81378119282003	9.5603328361233	9.72792045626449	9.61654884561682	9.65642486506551	9.77148947115128	9.44708322827655	9.3353903569272	9.49785183894655	9.39446269675399	9.50581155590404	9.22641219519729	9.58120058380837	9.60917873998922	9.60733031559922	9.881113962205	10.0471239134776	10.1984450426802	10.0014081958003	9.89481776482338	9.70908381427399	9.45738088112473	9.63299519895995	9.69174352091577	9.96434086923656	9.9439799158084	9.6293566219012	10.4241662898681	10.253847486169	10.1202378786382	10.5603328351679	10.1098306555844	9.69522829323603	9.47370575164852	9.11374216865333	10.0375469553349	9.43462822972154	5.32192813095474	5.42626478825315	5.12928305816482	5.35755203980577	5.45943165142582	5.32192813095474	5.70043974588523	5.52356198741995	5.12928305816482	5.83289003947518	5.55458888237328	5.61470987355796	5.70043974588523	5.64385621862863	5.42626478825315	5.67242537025963	5.28540225585443	5.52356198741995	5.72792048178386	5.12928305816482	5.85798102000162	5.28540225585443	5.75488752888004	5.49185312838956	5.61470987355796	5.35755203980577	5.61470987355796	5.8826430738143	5.55458888237328	5.42626478825315	5.52356198741995	5.45943165142582	6.10852447768679	6.04439414121747	6.06608921199053	5.95419633365615	5.8826430738143	6.20945338512483	5.5849625307773	5.95419633365615	5.80735494782002	5.55458888237328	5.42626478825315	5.61470987355796	5.28540225585443	5.28540225585443	5.52356198741995	5.42626478825315	5.8826430738143	5.55458888237328	5.42626478825315	5.78135973975548	5.75488752888004	5.67242537025963	5.80735494782002	5.78135973975548	5.70043974588523	5.45943165142582	5.55458888237328	5.08746288368255	5.24792755140924	5.45943165142582	5.35755203980577	5.35755203980577	5.70043974588523	5.75488752888004	5.32192813095474	5.90689061965344	5.67242537025963	5.61470987355796	5.75488752888004	5.49185312838956	5.55458888237328	5.67242537025963	5.52356198741995	5.75488752888004	5.8826430738143	5.90689061965344	5.95419633365615	5.55458888237328	5.83289003947518	5.80735494782002	5.67242537025963	5.85798102000162	5.64385621862863	5.67242537025963	5.35755203980577	5.39231745712864	4.58496256083345	5.12928305816482	4.75488755559662	5.24792755140924	5.32192813095474	5.16992504151717	6.53915882662088	7.63662462779337	6.06608921199053	1.00000144269432	2.00000036067372	7.49185310434465	7.78135972008237	8.27146303257329	6.8579810075646	4.95419635692542	1.00000144269432	2.00000036067372	7.49185310434465	7.78135972008237	8.27146303257329	6.8579810075646	4.95419635692542	5.67242537025963	5.93073736121362	6.8201789751824	6.88264306158807	9.91288933772653	9.24792751581644	10.3998119603936	9.91587938032925	9.98584193842612	10.3151495633887	10.3498340925628	10.7372473438729	10.4491486464074	11.0416591523216	11.089450481778	11.071462363227	8.83605035821495	9.5526690994353	10.3586512019917	7.56985561592408	7.94836723742555	7.87036472574877	7.83920379439692	8.07681560239415	8.11894107791306	7.48381578532401	8.00562455480748	7.70735913898373	7.53915881886446
GHRH	3.16992516174175	1.00000144269432	1.00000144269432	1.00000144269432	1.00000144269432	1.00000144269432	1.00000144269432	1.00000144269432	1.00000144269432	1.00000144269432	1.00000144269432	1.58496298161942	1.58496298161942	2.00000036067372	1.00000144269432	2.00000036067372	1.58496298161942	2.00000036067372	1.44269431942324e-06	1.00000072134734	2.32192838342634	1.00000072134734	2.00000036067372	1.00000144269432	1.58496298161942	1.00000072134734	1.00000144269432	1.44269431942324e-06	1.44269431942324e-06	1.00000144269432	1.00000144269432	1.44269431942324e-06	2.00000036067372	2.58496274117031	1.00000144269432	1.44269431942324e-06	1.00000144269432	1.00000144269432	1.00000144269432	1.44269431942324e-06	1.58496298161942	2.00000036067372	1.00000072134734	1.00000072134734	1.00000072134734	1.00000072134734	1.00000144269432	2.00000036067372	1.00000072134734	1.00000144269432	1.00000072134734	1.00000144269432	1.44269431942324e-06	1.00000072134734	1.44269431942324e-06	1.00000144269432	1.00000144269432	1.00000144269432	1.00000144269432	1.00000144269432	1.00000144269432	1.00000144269432	1.00000144269432	1.00000144269432	1.00000144269432	1.00000144269432	1.00000144269432	1.00000144269432	1.00000144269432	1.00000144269432	1.44269431942324e-06	1.00000144269432	1.00000144269432	1.00000144269432	1.00000144269432	1.00000144269432	1.00000144269432	1.00000144269432	1.00000144269432	1.00000144269432	1.00000144269432	1.00000144269432	1.00000144269432	1.00000144269432	1.00000144269432	1.00000144269432	1.00000144269432	1.00000144269432	1.00000144269432	1.00000144269432	1.00000144269432	1.00000144269432	1.00000144269432	1.00000144269432	1.00000144269432	1.00000144269432	1.00000144269432	1.00000144269432	1.00000144269432	1.00000144269432	1.00000144269432	1.00000144269432	1.00000144269432	1.00000144269432	1.00000144269432	1.00000144269432	1.00000144269432	1.00000144269432	1.00000144269432	1.00000144269432	1.00000144269432	1.00000144269432	1.00000144269432	1.00000144269432	1.00000144269432	1.00000144269432	1.00000144269432	1.44269431942324e-06	1.00000144269432	1.00000144269432	1.00000144269432	1.00000144269432	1.00000144269432	1.00000144269432	1.00000144269432	1.00000144269432	1.00000144269432	1.00000144269432	1.00000144269432	1.00000144269432	1.00000144269432	1.00000144269432	1.00000144269432	1.00000144269432	1.00000144269432	1.00000144269432	1.00000144269432	1.00000144269432	1.00000144269432	1.00000144269432	1.00000144269432	1.00000144269432	1.00000144269432	1.00000144269432	1.00000144269432	1.00000144269432	1.00000144269432	1.00000144269432	1.00000144269432	1.00000144269432	1.00000144269432	1.00000144269432	1.00000144269432	2.00000036067372	2.32192838342634	1.00000144269432	2.80735512815688	1.00000144269432	1.00000144269432	1.00000144269432	2.00000036067372	2.32192838342634	1.00000144269432	2.80735512815688	1.00000144269432	1.00000144269432	1.00000144269432	1.00000144269432	1.00000144269432	1.00000144269432	1.00000144269432	1.00000072134734	1.00000072134734	2.80735512815688	1.44269431942324e-06	1.00000144269432	1.00000144269432	1.00000144269432	1.00000144269432	1.00000144269432	1.00000144269432	1.00000144269432	1.00000144269432	1.00000144269432	1.00000144269432	1.00000144269432	1.00000144269432	1.00000144269432	1.00000072134734	1.00000144269432	1.00000144269432	1.00000144269432	1.44269431942324e-06	1.00000144269432
GHRL	4.52356201878288	1.58496298161942	1.00000072134734	1.58496298161942	1.00000144269432	2.32192838342634	2.00000036067372	1.58496298161942	1.58496298161942	2.32192838342634	1.00000072134734	6.47573344717645	6.47573344717645	6.24792753242642	6.28540223735834	7.02236782412611	6.56985562351721	7.03342301255039	6.96578429620365	7.93663794489112	7.46760555823382	7.41785252332271	7.52356196389775	7.19967235465062	7.11894108310261	7.51569984616762	7.45943162683443	6.74146699988428	6.49185311235962	6.96578429620365	7.15987134686717	7.32192810390421	7.56224243185438	7.12928302724993	7.67948010654298	7.01122726660694	7.00000001127106	7.20945337537689	6.8579810075646	6.76818433801266	7.07681560773746	6.72792046817353	6.88264306158807	6.97727993494988	7.14974712966451	6.8201789751824	6.02236783522376	7.28540222811029	6.67242535611556	6.59991285706027	6.67242535611556	6.2667865594312	7.10852446723248	6.76818433801266	1.00000144269432	1.00000144269432	1.00000144269432	1.00000144269432	1.00000144269432	1.00000144269432	1.00000144269432	1.00000144269432	1.00000144269432	1.00000144269432	1.00000144269432	1.00000144269432	1.00000144269432	1.00000144269432	1.00000144269432	1.00000144269432	1.00000144269432	1.00000144269432	1.00000144269432	1.00000144269432	1.00000144269432	1.44269431942324e-06	1.00000144269432	1.00000144269432	1.00000144269432	1.00000144269432	1.00000144269432	1.00000144269432	1.00000144269432	1.00000144269432	1.00000144269432	1.00000144269432	1.00000144269432	1.00000144269432	1.00000144269432	1.00000144269432	1.00000144269432	1.00000144269432	1.00000144269432	1.00000144269432	1.00000144269432	1.00000144269432	1.00000144269432	1.00000144269432	1.00000144269432	1.00000144269432	1.00000144269432	1.00000144269432	1.00000144269432	1.00000144269432	1.00000144269432	1.00000144269432	1.00000144269432	1.00000144269432	1.00000144269432	1.00000144269432	1.00000144269432	1.00000144269432	1.00000144269432	1.00000144269432	1.00000144269432	1.00000144269432	1.00000144269432	1.00000144269432	1.00000144269432	1.00000144269432	1.00000144269432	1.00000144269432	1.00000144269432	1.00000144269432	1.00000144269432	1.00000144269432	1.00000144269432	1.00000144269432	1.00000144269432	1.00000144269432	1.00000144269432	1.00000144269432	1.00000144269432	1.00000144269432	1.00000144269432	1.00000144269432	1.00000144269432	1.00000144269432	1.00000144269432	1.00000144269432	1.00000144269432	1.00000144269432	1.00000144269432	1.00000144269432	1.00000144269432	1.00000144269432	1.00000144269432	1.00000144269432	1.00000144269432	1.00000144269432	1.00000144269432	1.00000144269432	1.00000144269432	1.00000144269432	1.00000144269432	1.00000144269432	1.00000144269432	1.00000144269432	1.00000144269432	1.00000144269432	1.00000144269432	1.00000144269432	1.00000144269432	1.00000144269432	1.00000144269432	3.00000018033687	1.58496298161942	3.80735502510725	3.58496262094574	1.58496298161942	2.58496274117031	1.00000144269432	4.39231749147852	1.58496298161942	1.00000072134734	5.45943165142582	5.55458888237328	4.08746292611475	5.75488752888004	6.37503944872879	4.00000009016844	3.90689069178818	5.52356198741995	4.52356201878288	1.44269431942324e-06	1.00000072134734	1.44269431942324e-06	3.16992516174175	1.44269431942324e-06	1.00000072134734	2.00000036067372	1.00000144269432	1.00000144269432	1.00000072134734
GNA11	11.0244471247333	7.25738785212203	6.76818433801266	8.40087944055051	7.75488750884261	7.00000001127106	7.7210991955446	7.39231743136623	6.8579810075646	7.40087944481884	7.247927522935	0	0	0	0	0	0	0	0	0	0	0	0	0	0	0	0	0	0	0	0	0	0	0	0	0	0	0	0	0	0	0	0	0	0	0	0	0	0	0	0	0	0	0	3.80735502510725	3.32192823915686	3.80735502510725	4.2479275893749	3.70043982911763	4.00000009016844	4.08746292611475	3.16992516174175	4.80735497358243	4.08746292611475	4.52356201878288	4.52356201878288	3.90689069178818	4.52356201878288	4.64385624748253	4.70043977362936	3.58496262094574	3.45943174979139	4.08746292611475	3.16992516174175	3.90689069178818	4.39231749147852	3.80735502510725	4.08746292611475	3.32192823915686	4.16992508159203	3.90689069178818	3.00000018033687	3.80735502510725	3.80735502510725	4.00000009016844	3.80735502510725	5.16992504151717	5.04439416307648	5.55458888237328	5.72792048178386	5.28540225585443	5.72792048178386	5.52356198741995	5.67242537025963	5.00000004508422	4.75488755559662	4.70043977362936	4.2479275893749	5.04439416307648	4.85798104487568	5.00000004508422	5.04439416307648	5.04439416307648	5.32192813095474	5.04439416307648	5.12928305816482	4.90689064369835	5.32192813095474	4.85798104487568	5.04439416307648	3.80735502510725	3.16992516174175	3.80735502510725	3.90689069178818	3.80735502510725	2.80735512815688	3.45943174979139	3.45943174979139	4.16992508159203	2.80735512815688	3.45943174979139	3.80735502510725	3.16992516174175	3.45943174979139	4.08746292611475	4.70043977362936	4.39231749147852	4.64385624748253	4.58496256083345	4.52356201878288	4.64385624748253	4.45943168421434	3.45943174979139	4.08746292611475	4.08746292611475	4.2479275893749	3.70043982911763	4.00000009016844	4.52356201878288	4.08746292611475	4.16992508159203	3.70043982911763	3.32192823915686	3.32192823915686	4.32192816702211	3.00000018033687	3.58496262094574	3.90689069178818	8.3923174270725	8.83920379124693	8.55842071709544	8.49585503088356	7.07681560773746	8.70390357690437	7.90689060161975	8.46760555415841	8.58871463932952	8.78463484882894	8.49585503088356	7.07681560773746	8.70390357690437	7.90689060161975	8.46760555415841	8.58871463932952	8.78463484882894	3.90689069178818	4.90689064369835	6.00000002254211	5.08746288368255	9.49585502888536	9.72109919041654	9.99293833758161	9.65999589421328	9.08746284390235	9.86108690754668	9.91438513365046	9.17990909250234	9.43045255375639	9.9053870065225	9.35093918375576	9.71252700215936	8.00562455480748	7.46760555823382	9.32192809714157	10.0953970241113	9.76983784528201	10.2191685216725	9.95855271688096	10.1111356715391	9.92332748690498	9.84862294199408	9.92777796356355	9.81057163634771	10.1150436514626
GNAQ	12.971902746225	4.39231749147852	5.49185312838956	6.04439414121747	5.39231745712864	4.64385624748253	5.20945340462071	5.39231745712864	5.72792048178386	4.70043977362936	3.32192823915686	0	0	0	0	0	0	0	0	0	0	0	0	0	0	0	0	0	0	0	0	0	0	0	0	0	0	0	0	0	0	0	0	0	0	0	0	0	0	0	0	0	0	0	4.85798104487568	5.04439416307648	5.08746288368255	4.75488755559662	5.00000004508422	4.95419635692542	4.90689064369835	4.90689064369835	5.49185312838956	5.67242537025963	5.75488752888004	5.12928305816482	5.85798102000162	5.32192813095474	5.16992504151717	5.35755203980577	5.45943165142582	5.32192813095474	5.72792048178386	5.49185312838956	5.5849625307773	5.42626478825315	5.32192813095474	5.45943165142582	5.42626478825315	5.08746288368255	5.00000004508422	4.80735497358243	4.39231749147852	4.58496256083345	4.90689064369835	5.16992504151717	5.78135973975548	5.95419633365615	5.32192813095474	5.72792048178386	5.16992504151717	5.35755203980577	5.78135973975548	5.64385621862863	5.5849625307773	5.55458888237328	5.5849625307773	6.06608921199053	5.78135973975548	5.78135973975548	5.61470987355796	5.8826430738143	6.1292830375549	6.28540223735834	6.10852447768679	6.00000002254211	6.24792753242642	6.04439414121747	6.32192811292105	6.10852447768679	4.58496256083345	4.45943168421434	4.85798104487568	5.08746288368255	4.39231749147852	5.00000004508422	5.04439416307648	4.64385624748253	4.16992508159203	4.2479275893749	3.70043982911763	3.80735502510725	3.70043982911763	3.70043982911763	5.42626478825315	5.70043974588523	5.12928305816482	5.52356198741995	5.61470987355796	6.00000002254211	5.72792048178386	5.67242537025963	5.28540225585443	5.67242537025963	5.55458888237328	5.42626478825315	5.80735494782002	5.80735494782002	5.75488752888004	5.49185312838956	4.95419635692542	4.80735497358243	4.85798104487568	4.90689064369835	5.16992504151717	5.32192813095474	5.00000004508422	5.00000004508422	1.00000144269432	6.49185311235962	3.16992516174175	1.00000144269432	2.32192838342634	6.95419632202151	6.72792046817353	7.23840474887935	6.3923174399537	2.00000036067372	1.00000144269432	2.32192838342634	6.95419632202151	6.72792046817353	7.23840474887935	6.3923174399537	2.00000036067372	3.32192823915686	3.00000018033687	5.24792755140924	4.39231749147852	8.52356195997738	6.6582114970359	8.47573343501891	9.13185696318044	8.48381578129413	9.15734693788945	9.88264305089012	9.21188829697888	9.24079133454658	9.39874369407552	9.37937836923747	9.51569984025494	8.87958325267583	8.37068741116581	10.2372099619503	10.2300204369069	9.63843591580063	9.95710204301369	9.74651432281797	9.08214904401567	9.72280753287688	9.93369065642738	9.6688849860386	9.55842071518205	9.26209484771985
HDAC1	13.5843753472589	11.0734721546459	10.6008421153163	11.2203783282999	11.4215389073742	10.3049216707221	11.1156939528472	11.4035446787346	11.8494051013387	11.1299269341542	10.5868397888999	11.1516508306076	11.0154150530836	11.007027267595	11.2603315191457	10.7598881840538	11.0416591523216	10.9787104598213	10.9410476070744	11.2167458588015	11.0927571415804	11.2100624838492	11.3912435899646	10.9879745250065	11.1357092867456	11.3420746685549	11.2179576984698	11.3955341359978	11.2526654330415	10.9722618494514	10.9008668087353	10.9068905963599	11.1369911127209	11.0761475286907	11.2167458588015	11.2882893427578	11.1318569612517	11.1978309986264	11.0993478110608	11.0794847844935	10.9886846874822	11.1408297714119	11.2928967559842	11.3269911754624	11.356451970772	11.3219280954509	10.7747870604246	11.5905870503828	11.133784409822	11.0828143383374	11.7338627201021	11.3955341359978	11.0828143383374	11.0361736132405	8.83920379124693	8.71424552110111	8.80735492527791	9.00000000281776	8.88569637638949	8.87036472266609	8.85486838637621	8.90689059861413	9.06069593438923	9.14720492748666	9.18487534538714	9.09011242231144	9.17990909250234	9.1032878110351	9.13955135495676	9.21431912322955	8.97727992636241	9.03617361530148	9.02790599933367	9.11634396383692	9.07681559972249	9.08214904401567	9.1032878110351	9.11113567284356	9.11894107531828	9.14210705985599	9.12153351993015	9.12928301952121	9.20457114669445	9.14465824538081	9.19721669556779	9.15734693788945	9.9541963118412	9.9439799158084	9.89935692443379	9.86882255631799	9.92925841011666	10.007027268296	9.91587938032925	9.90388184724213	9.11894107531828	9.09539702543002	9.10066234163306	9.16490692918909	9.08746284390235	9.10590851118948	9.1623913312747	9.26678654303694	9.42626475679904	9.3353903569272	9.29691620917292	9.34429591013535	9.3353903569272	9.45121111389332	9.47573343299266	9.30833903241495	9.03617361530148	8.96578428754748	8.92481250657429	9.11894107531828	9.04439412209083	8.99435343968767	8.95419631329554	8.96866679607484	9.11374216865333	9.19475685688418	9.11634396383692	9.14974712204464	9.13955135495676	9.20945336806593	9.08480839046126	9.12412131441466	9.11374216865333	9.05528243821302	9.02790599933367	9.14720492748666	9.15481811158315	9.21431912322955	9.12412131441466	9.11113567284356	9.15734693788945	9.22641219519729	9.19229281693691	9.11374216865333	9.09803208559318	9.19967234728993	8.82017896560699	8.77148947280196	8.74483384086247	8.70390357690437	8.77807713282168	8.78463484882894	8.57364719127992	8.74483384086247	10.1202378786382	11.6537407791543	9.77643303408977	11.09605623984	9.32418054886944	11.4361909960021	10.2609195348387	10.8834069871521	10.6017707893361	11.2215871218689	11.09605623984	9.32418054886944	11.4361909960021	10.2609195348387	10.8834069871521	10.6017707893361	11.2215871218689	8.54303182412305	8.34872815865652	9.38586240279796	9.29001884923724	12.8717127630277	13.2498541701554	12.406470768795	12.8841705192993	12.5119996696884	12.6965329142956	13.0823153943646	13.0349708656437	12.9796038242531	12.9098930839575	13.3581017075782	12.8167836795785	10.9985904304505	11.713816080664	12.5216004399691	11.1990588242667	11.0430272842783	11.0993478110608	11.1598713374089	11.2591547694555	11.4019461245097	10.8872206162301	11.0140204710126	10.895575283138	11.1978309986264
HDAC2	7.73470962699905	8.56985561212751	8.67595703646912	9.13185696318044	8.98868468961212	7.87651695270413	8.86727874279895	9.36194377592779	9.89784545751777	8.82336724323099	8.76155123576866	11.2425786900468	11.2491134533065	10.9158793795825	11.1817734394299	11.0182001795088	11.1472049255783	11.2106713443944	11.0808175282744	11.4377520728437	11.2790301370302	11.3923174233155	11.4024791727479	11.2673719318505	11.407798850753	11.4958550273867	11.5712786189887	11.3348319286765	11.0471239127958	11.2045711448605	11.1195896213895	11.1169936781966	11.4655664053195	11.4767462044457	11.6050164483745	11.3663222147923	11.3037807487478	11.4993476333749	11.4737057501267	11.5122466433231	11.4429434963669	11.4563544156217	11.7669429411698	11.7330153221098	11.8795832499957	11.7198166034458	11.5985178110779	11.9719027464046	11.75613929879	11.6211361137326	11.3134499415299	11.1836353820935	11.9035053108005	11.4162697450511	8.17990909498974	8.17990909498974	8.17990909498974	8.16992500645167	7.96578429043287	7.98868469245207	8.2045711491397	8.2045711491397	8.22400167902317	8.27146303257329	8.3083390346905	8.36194377812033	8.34872815865652	8.39660478546285	8.4429434999944	8.46352437735814	8.50382574197012	8.46352437735814	8.4553272244148	8.54303182412305	8.42206477037892	8.47573343501891	8.72109919212589	8.43462823180636	8.40939094038092	8.54689446374511	8.31741261828742	8.46352437735814	8.58871463932952	8.4429434999944	8.47573343501891	8.47167521845597	9.12412131441466	9.03342300429068	8.95710204446509	9.06608919314937	9.04984855217263	9.13185696318044	9.05528243821302	9.00562455200068	8.21916852530342	8.15987134182278	8.24317398823432	8.15481811411419	8.33091688259504	8.28077077476949	8.26209485006951	8.15987134182278	8.49984589106855	8.44708323034345	8.29920802296726	8.38801728965169	8.32642949161668	8.41362793325495	8.32192809939578	8.53138146441549	8.47978026807026	8.43045255584726	8.46352437735814	8.34429591235488	8.37068741116581	8.52356195997738	8.40087944055051	8.33985000733739	8.75822321805858	8.76818432808586	8.54689446374511	8.60362634869492	8.59245704100563	8.67595703646912	8.52356195997738	8.68299458719189	8.60362634869492	8.58120058569179	8.56224242803773	8.57742883181244	8.51175265771997	8.71080643714254	8.58496250447817	8.62205182311804	8.53915881498624	8.45943162273586	8.63662462416851	8.66533592073861	8.58871463932952	8.43045255584726	8.30378075274259	8.14465824792974	8.08746284655437	8.184875347866	8.13955135751473	8.09803208822584	8.30378075274259	8.21431912565832	8.40514146739208	9.27612440760116	7.31288296435791	9.29232163510299	7.52356196389775	10.2726297861427	9.41996017995401	9.97441459123962	8.66888498781095	9.74315139579593	9.29232163510299	7.52356196389775	10.2726297861427	9.41996017995401	9.97441459123962	8.66888498781095	9.74315139579593	7.15987134686717	7.70735913898373	8.90086681099894	8.56985561212751	11.7723145743341	11.362491806594	11.759472121619	12.0973737693195	11.9303677478086	12.1385917949575	12.5072991243706	12.5097750045743	12.2339192088865	12.695880750475	12.6991386254929	12.2434715386939	11.1522848429405	11.8317030996101	12.719816603232	8.56224242803773	8.75488750550304	8.3837042967935	8.66533592073861	8.81378119442303	8.82972273825682	8.47167521845597	8.68650053068491	8.58871463932952	8.67948010302422
HDAC3	0	8.94544383930427	9.06069593438923	9.44501484793829	9.38370429463377	8.67242534550751	9.1032878110351	9.33985000511101	9.73809226130983	9.28771238185776	9.02236781580287	9.37937836923747	9.45532722235968	9.13185696318044	9.17990909250234	9.22158712368138	9.29232163510299	9.39446269675399	9.38586240279796	9.68650052893406	9.57364718938662	9.72280753287688	9.81698362485482	9.46556640684999	9.52160044168658	9.81858217907853	9.79766152747477	9.77643303408977	9.70908381427399	9.37721053255802	9.17990909250234	9.37503943351966	9.64565843420983	9.68999797316605	9.6183855040941	9.42836017479819	9.41151099013057	9.54689446181637	9.60547951991365	9.41574177040238	9.64565843420983	9.02790599933367	9.26444260257245	9.5526690994353	9.52747700801527	9.50382573998293	8.68999797491265	9.74146698808654	9.50581155590404	9.6293566219012	9.73301532338126	9.44708322827655	9.69696752797247	9.28308835533972	6.90689060763098	7.22881870011385	7.01122726660694	7.52356196389775	7.30378075730808	7.01122726660694	7.13955136263067	7.47573343907143	7.59245704474318	7.40087944481884	7.34872816308197	7.6220518267797	7.4998458950539	7.59245704474318	7.5999128496237	7.60733032114805	7.42626476308986	7.25738785212203	7.434628235976	7.49185310434465	7.53915881886446	7.60733032114805	7.51569984616762	7.54689446760258	7.30378075730808	7.49185310434465	7.46760555823382	7.32192810390421	7.4998458950539	7.41785252332271	7.44294350414008	7.56224243185438	8.27612440992809	8.27146303257329	8.40514146739208	8.34429591235488	8.35314682990999	8.37937837140368	8.29001885154187	8.40514146739208	7.53138146831466	7.434628235976	7.57742883558913	7.60733032114805	7.56985561592408	7.66533592429205	7.53915881886446	7.56985561592408	7.74146699314271	7.8265484936464	7.59245704474318	7.77478706618882	7.63662462779337	7.84549005721696	8.00000000563553	7.78790256591946	7.37503944003786	7.46760555823382	7.40087944481884	7.357552013415	7.36632222298942	7.40087944481884	7.42626476308986	7.39231743136623	7.56224243185438	7.6438561969882	7.70043972507713	7.78135972008237	7.6147098514759	7.7210991955446	7.65821148989385	7.53915881886446	7.48381578532401	7.47573343907143	7.56985561592408	7.68650053418659	7.67242534904353	7.72792046136836	7.56985561592408	7.34872816308197	7.40087944481884	7.67948010654298	7.52356196389775	7.49185310434465	7.36632222298942	7.40939094462414	7.38370430111295	7.14974712966451	7.15987134686717	6.76818433801266	7.04439413028796	7.27612441458195	7.00000001127106	7.26678655006305	10.3072008102795	9.56985561022923	10.3072008102795	9.64565843420983	8.33539035916047	9.33985000511101	7.53915881886446	8.67242534550751	8.79441586959942	9.44708322827655	9.64565843420983	8.33539035916047	9.33985000511101	7.53915881886446	8.67242534550751	8.79441586959942	9.44708322827655	8.13955135751473	7.75488750884261	9.37721053255802	8.57742883181244	11.2082343589495	11.0973737696487	11.2336196773588	11.6247954563171	11.4681148868873	11.5541091530538	11.8734441128999	11.882260929482	11.9450779954737	11.9447120614095	12.3701424797679	11.8297227354824	9.57553924872535	10.3083390312772	11.3032099495157	9.07146236523821	9.13185696318044	9.05799172546592	9.11634396383692	9.35974956251821	9.1623913312747	8.90086681099894	9.04984855217263	8.85798099823683	9.31061278393149
HEBP1	11.4635243737821	8.74146698977193	10.0223678144157	10.2992080195323	9.8672787412543	8.96578428754748	10.1189410740209	9.51372759792603	9.76487159239436	9.59058705178623	8.97441459267371	10.2143191220152	10.2807707712903	10.2070143213981	10.3520434268993	10.3498340925628	10.5622424251752	9.98584193842612	10.1811522581082	10.1202378786382	9.86882255631799	9.73640193300961	10.0674343621011	9.96144969584523	10.0940776869918	10.2877123807036	10.0647427660973	10.3966047822521	10.2106713450031	9.92035285690393	9.77313920836849	9.99576715229082	10.0334230029141	9.54109661728603	9.65284497479415	10.1137421673513	9.92035285690393	10.226412193993	10.2276159446175	9.98726401349391	9.71424551938362	9.89784545751777	10.1560830775531	10.3487281553374	9.54689446181637	9.75488750383325	8.50382574197012	9.97871046053618	10.1433832152654	9.62021982734064	10.6960981718255	10.5821419825999	9.87651694809978	10.2632692015465	1.00000144269432	1.00000144269432	1.00000144269432	1.00000144269432	1.44269431942324e-06	1.00000144269432	1.00000144269432	1.00000144269432	1.00000144269432	1.00000144269432	1.00000144269432	1.00000144269432	1.44269431942324e-06	1.44269431942324e-06	1.00000144269432	1.44269431942324e-06	3.32192823915686	2.80735512815688	3.80735502510725	3.90689069178818	2.32192838342634	3.00000018033687	3.32192823915686	2.58496274117031	3.32192823915686	3.70043982911763	2.80735512815688	4.00000009016844	3.00000018033687	3.58496262094574	3.80735502510725	3.16992516174175	1.00000144269432	1.00000144269432	1.00000144269432	1.00000144269432	1.00000144269432	1.00000144269432	1.00000144269432	1.00000144269432	4.16992508159203	3.32192823915686	3.80735502510725	3.45943174979139	4.2479275893749	3.80735502510725	4.32192816702211	4.00000009016844	1.00000072134734	1.00000144269432	1.00000144269432	1.00000144269432	1.00000144269432	1.00000144269432	1.00000144269432	1.00000144269432	2.00000036067372	2.80735512815688	2.32192838342634	2.58496274117031	3.16992516174175	3.00000018033687	3.00000018033687	2.58496274117031	1.00000144269432	1.00000144269432	1.00000144269432	1.00000144269432	1.00000144269432	1.00000144269432	3.70043982911763	4.16992508159203	4.08746292611475	4.64385624748253	3.70043982911763	4.16992508159203	3.16992516174175	3.90689069178818	1.00000144269432	1.00000144269432	1.00000144269432	1.00000144269432	1.00000144269432	1.00000144269432	1.00000144269432	1.00000144269432	3.16992516174175	3.70043982911763	2.58496274117031	2.80735512815688	2.80735512815688	3.45943174979139	3.16992516174175	3.45943174979139	10.4178525159405	10.7279204554138	10.0539258828883	11.83368074905	9.80251636673678	10.8902642777812	9.20945336806593	9.90237511599354	11.4035446787346	10.9957671515843	11.83368074905	9.80251636673678	10.8902642777812	9.20945336806593	9.90237511599354	11.4035446787346	10.9957671515843	2.32192838342634	1.00000144269432	1.00000072134734	3.80735502510725	9.58496250259967	9.38370429463377	10.4398308850201	9.82813648578123	10.2215871224731	10.9844184595132	9.93516505107734	9.84862294199408	10.3998119603936	9.82495874211915	9.19229281693691	9.03891899203507	8.90086681099894	8.42206477037892	9.66711154384956	9.9829935761199	9.17242751114582	10.3987436930069	9.49185309833342	10.1848753441477	10.0525680521626	9.47978026604968	9.29001884923724	10.2807707712903	9.37721053255802
HNRNPD	11.6151698143035	11.5641494904622	11.1247675364686	11.957464847168	11.4923539456606	10.4828079577348	11.3320365489213	12.1535520320248	12.3219280951691	11.3663222147923	11.3668685867134	2.32192838342634	1.44269431942324e-06	1.58496298161942	1.00000144269432	3.32192823915686	2.32192838342634	2.32192838342634	3.00000018033687	1.58496298161942	2.80735512815688	2.58496274117031	2.58496274117031	2.32192838342634	3.58496262094574	2.32192838342634	3.16992516174175	2.80735512815688	2.00000036067372	2.00000036067372	1.58496298161942	3.32192823915686	3.70043982911763	2.80735512815688	2.58496274117031	3.80735502510725	3.58496262094574	3.00000018033687	2.32192838342634	3.00000018033687	2.80735512815688	2.00000036067372	2.58496274117031	3.16992516174175	3.70043982911763	2.80735512815688	2.32192838342634	2.32192838342634	3.00000018033687	2.80735512815688	2.80735512815688	2.32192838342634	3.16992516174175	2.32192838342634	10.091435387646	10.0182001802044	10.0901124209879	10.0014081958003	10.0768155983867	10.1267044741336	10.1241213131219	10.0874628425763	10.4210128568315	10.4807902021054	10.4367115431781	10.4072677653071	10.4019461250428	10.4491486464074	10.4377520733638	10.4604558973336	10.4918530973315	10.4868350225684	10.4481163064422	10.5381889330226	10.5488219094218	10.4938554502413	10.4189067323117	10.512740463791	10.3014961961257	10.2992080195323	10.3398500039978	10.3398500039978	10.2854022200183	10.3230547614679	10.2946207500403	10.327552645204	11.2372099613527	11.2632692009596	11.2992080189598	11.2167458588015	11.2819300275348	11.2137117987131	11.2240016748012	11.1842554960253	10.419960178901	10.3728650612006	10.3944626956822	10.4470832272431	10.3420746691106	10.4167975286614	10.4093909371985	10.419960178901	10.5313814614911	10.6026988659457	10.5612879461196	10.6211361141906	10.6064052136232	10.6238814909277	10.5679560763659	10.5459297700505	10.5952574823816	10.6183855031764	10.5651020793126	10.6174674662125	10.6266216532709	10.5679560763659	10.5905870508506	10.5622424251752	10.6934869583705	10.7030383898519	10.6838718694996	10.6978363588309	10.7698378444557	10.6679985365592	10.7090838134122	10.704768240227	10.6599958933216	10.7056323882253	10.6750749212678	10.7253662587478	10.6768386073555	10.6653359180735	10.494855585491	10.5284541117416	10.5698556092801	10.5166849502944	10.57364718844	10.5961897570764	10.5745935282836	10.5679560763659	10.3003525614723	10.3037807493185	10.2900188480849	10.2911707004733	10.2656150476564	10.2372099619503	10.3049216707221	10.3564519713222	11.7168194617586	12.5786085609736	11.0000000007044	10.8887432496592	9.57742882992409	12.39794197224	11.1586096888456	12.1783536238242	10.6447575934174	11.8661197936895	10.8887432496592	9.57742882992409	12.39794197224	11.1586096888456	12.1783536238242	10.6447575934174	11.8661197936895	8.85174904453877	8.96000193496506	10.3782948569958	9.63843591580063	12.3823538339347	12.0728025348791	12.0028150159586	12.5627194272878	12.722807531383	12.5555477718867	13.6901071301592	13.0894504812814	12.8628310470917	13.0235811087963	13.3392933003193	13.0087787484555	11.2877123801265	12.762382038918	13.5553081015212	12.3655022684665	12.5296745620086	12.4167975278699	12.710591218722	12.5931576583365	12.6834332930547	12.386670859907	12.6038581220746	12.4160057808233	12.4683694873641
HNRNPU	14.5747117762424	11.9196082389757	11.645658432859	12.6181560480079	11.9480021313428	11.1667907513457	11.8641861450413	12.4739593659484	12.5403702439858	11.8734441128999	12.0000000003522	13.5566257954267	13.3816781300541	13.3174126139062	13.285113188646	13.302353326574	13.2849686517486	13.4097886833778	13.3492812289557	13.7825887595973	13.5312596062489	13.7429409507718	13.7205649166749	13.5294305542682	13.5256431492676	13.5794338001252	13.7276014272756	13.5757755799929	13.2660544684448	13.4474707177349	13.3380399332472	13.3853231763107	13.6967502366308	13.6870475621609	13.8479382020469	13.6374173413712	13.3970060687061	13.7866780339927	13.6406968376831	13.6009582314531	13.6799198786283	13.5133575002918	13.7801296197279	13.646558710267	13.9007724865399	13.7447287423549	13.2726297851222	13.8710388987558	13.6507152026503	13.5173003024131	13.7156403072719	13.4112461519729	13.7506023180638	13.3979419721063	10.4481163064422	10.4696418182569	10.5877775172656	10.5176693891179	10.4767462049519	10.4573808800986	10.5216004407052	10.4614794483093	10.8121773063168	10.8454900517284	10.7936033100922	10.8305152077691	10.8772841342902	10.8097681295141	10.8556471668058	10.7968507960781	10.8273427050281	10.8795832503785	10.808159773673	10.914385132903	10.8564255294037	10.882643050126	10.8185821782797	10.8910241909092	10.7021726862315	10.7270695588749	10.6519486116201	10.7210991895619	10.6156296378876	10.7030383898519	10.6750749212678	10.6908710101651	11.4491486458914	11.3370643392424	11.423641195601	11.3933904579803	11.3804610656301	11.410451352034	11.4304525521882	11.3933904579803	10.8917837039776	10.839991071327	10.825753833678	10.8344710507743	10.8273427050281	10.8603110556955	10.861086906771	10.8834069871521	10.8849336487127	10.85408918065	10.8478403564135	10.8185821782797	10.87267488104	10.7895336457854	10.8548683840392	10.8603110556955	10.9083926215244	10.8940598470321	10.8978454567616	10.9225844034569	10.9023751152398	10.8185821782797	10.941781243012	10.9068905963599	11.0195907290528	11.0450770526177	11.0028150163101	11.0586682510169	10.9865531504677	10.9527412479144	11.2796105816328	11.2342186788373	11.2282174428948	11.276124405856	11.2306209337302	11.2923216333773	11.2708792959126	11.2485206055314	10.9483672323148	10.9929383368737	10.9166259229576	11.0021117771833	11.0028150163101	10.9650627574663	10.9461752414548	10.958552716156	10.7698378444557	10.7706638937426	10.7414669872438	10.788718333506	10.7548875029984	10.8454900517284	10.8864586964658	10.7797193559641	11.3442959084707	13.0500186687224	10.368506462599	11.2300204363063	10.5783726923044	13.1090144196023	12.0808175279414	12.6595499971029	11.3134499415299	12.3581017077156	11.2300204363063	10.5783726923044	13.1090144196023	12.0808175279414	12.6595499971029	11.3134499415299	12.3581017077156	10.3793783681544	10.3208005500096	11.9950604673861	11.558420713747	15.2295698985904	16.0312919733966	14.7140844936624	15.0546891001287	14.9190960915659	15.2842095952668	15.5986050396461	15.3729330588759	15.4429758836067	15.6990301479135	15.83434759396	15.5748300153672	13.9890396370511	14.3029958410674	15.7550701234664	13.2250567718504	13.2005921378425	13.0723001160958	13.3859971754076	13.4922287493774	13.2990648869225	13.1072170757549	13.1608168498311	13.2117362319795	13.2514824107682
HTR7	8.21431912565832	3.80735502510725	4.75488755559662	4.64385624748253	4.08746292611475	3.90689069178818	3.32192823915686	2.80735512815688	3.70043982911763	4.45943168421434	3.32192823915686	4.80735497358243	5.24792755140924	5.35755203980577	4.39231749147852	5.08746288368255	5.35755203980577	4.32192816702211	4.08746292611475	4.70043977362936	4.70043977362936	4.08746292611475	4.52356201878288	5.04439416307648	5.42626478825315	5.00000004508422	5.28540225585443	5.12928305816482	5.35755203980577	5.08746288368255	3.80735502510725	4.95419635692542	4.64385624748253	4.39231749147852	5.16992504151717	5.42626478825315	5.45943165142582	5.20945340462071	4.85798104487568	5.32192813095474	4.58496256083345	5.04439416307648	5.75488752888004	5.39231745712864	4.80735497358243	5.28540225585443	3.70043982911763	4.52356201878288	5.42626478825315	4.2479275893749	5.75488752888004	5.72792048178386	4.95419635692542	5.5849625307773	1.00000144269432	1.44269431942324e-06	1.00000072134734	1.00000072134734	1.44269431942324e-06	1.00000072134734	1.44269431942324e-06	1.44269431942324e-06	1.44269431942324e-06	1.00000072134734	1.00000144269432	1.44269431942324e-06	1.58496298161942	1.00000144269432	1.00000072134734	1.44269431942324e-06	1.00000144269432	1.44269431942324e-06	1.00000144269432	1.58496298161942	1.00000072134734	1.44269431942324e-06	1.44269431942324e-06	1.00000144269432	1.44269431942324e-06	1.44269431942324e-06	1.00000072134734	1.44269431942324e-06	1.58496298161942	2.32192838342634	2.00000036067372	1.00000072134734	1.44269431942324e-06	1.44269431942324e-06	1.00000072134734	1.00000072134734	1.00000072134734	1.44269431942324e-06	1.44269431942324e-06	1.00000072134734	1.44269431942324e-06	1.00000072134734	2.00000036067372	2.00000036067372	1.44269431942324e-06	1.00000144269432	1.00000072134734	1.00000144269432	1.58496298161942	2.32192838342634	1.00000072134734	1.58496298161942	1.44269431942324e-06	2.32192838342634	2.00000036067372	2.58496274117031	1.00000072134734	1.00000072134734	2.80735512815688	1.00000144269432	1.00000144269432	1.44269431942324e-06	1.44269431942324e-06	1.00000144269432	1.00000144269432	1.44269431942324e-06	1.00000072134734	1.00000144269432	1.44269431942324e-06	1.00000144269432	2.00000036067372	1.58496298161942	1.44269431942324e-06	1.00000072134734	1.44269431942324e-06	3.70043982911763	2.00000036067372	2.00000036067372	1.00000072134734	1.58496298161942	1.00000144269432	2.32192838342634	1.00000072134734	2.32192838342634	1.00000072134734	1.00000072134734	1.00000144269432	1.00000072134734	1.44269431942324e-06	1.44269431942324e-06	1.00000144269432	1.58496298161942	1.44269431942324e-06	1.44269431942324e-06	1.00000144269432	1.58496298161942	1.00000144269432	1.00000144269432	4.45943168421434	4.45943168421434	3.70043982911763	3.70043982911763	1.00000144269432	3.80735502510725	1.00000144269432	4.45943168421434	4.45943168421434	3.70043982911763	3.70043982911763	1.00000144269432	3.80735502510725	2.58496274117031	3.00000018033687	3.45943174979139	3.45943174979139	6.20945338512483	5.78135973975548	5.04439416307648	6.40939095311058	5.72792048178386	5.93073736121362	6.8201789751824	6.53915882662088	7.28540222811029	6.47573344717645	6.71424553140608	6.68650054118997	5.04439416307648	4.58496256083345	6.83289002681996	5.49185312838956	3.45943174979139	5.16992504151717	4.75488755559662	3.00000018033687	3.32192823915686	5.5849625307773	4.64385624748253	4.70043977362936	3.32192823915686
ID2	13.2424298277066	9.47370575164852	9.17741954048094	9.20212382627986	8.84235034655693	8.2946207534862	9.63299519895995	9.92332748690498	9.68650052893406	9.59058705178623	8.95710204446509	10.7185328769254	10.5478585070221	10.4314976053027	10.6357181212378	10.4938554502413	10.410451352564	10.4512111128628	10.5497846689103	10.7952279668406	10.6987046676384	10.6036263459134	10.7780771303569	10.3837042935539	10.2240016754044	10.5391588120776	10.3793783681544	10.5517082625818	10.3998119603936	10.5087851630547	10.4262647557506	10.6873756843124	10.8360503558473	10.6617780986625	10.8265484880854	10.7270695588749	10.494855585491	10.6483575829085	10.546894460852	10.2360141930963	10.2118882957624	10.4817994326746	10.3003525614723	10.1649069279324	10.108524458085	10.1836353827137	9.10590851118948	10.1674181470863	9.97871046053618	9.80413102279707	10.9240701863279	10.3663222153388	10.2082343595593	9.93957921578383	8.4178525191043	8.63299520077695	8.63662462416851	8.52356195997738	8.56605404197767	8.53138146441549	8.40087944055051	8.52747700997014	8.5961897598723	8.53527538050947	8.58496250447817	8.60362634869492	8.76155123576866	8.74483384086247	8.74483384086247	8.56605404197767	8.71767642649323	8.74819285294456	8.82654849046866	8.67242534550751	8.77148947280196	8.76818432808586	8.72451385653058	8.63662462416851	8.51963625677426	8.47573343501891	8.51963625677426	8.55842071709544	8.53915881498624	8.49585503088356	8.70043972160911	8.49585503088356	9.45327063606868	9.4676055521207	9.49785183894655	9.40301202570601	9.32642948936949	9.38370429463377	9.44501484793829	9.4178525169951	9.01959073113764	8.93663794194685	9.068778280672	8.96578428754748	8.96289600822843	8.87036472266609	9.07146236523821	9.00562455200068	8.98868468961212	8.91886324025537	8.84235034655693	8.8826430524184	8.96289600822843	9.10066234163306	9.02236781580287	8.9971794837609	8.60733031744883	8.68299458719189	8.53138146441549	8.66533592073861	8.72109919212589	8.71080643714254	8.65463603210786	8.65463603210786	8.87958325267583	8.76487159405263	8.73470962361245	8.82654849046866	8.82336724323099	8.88569637638949	9.25029842027529	9.18982456135038	9.24079133454658	9.17492568499669	9.31741261602615	9.24555270863245	9.27844946054366	9.21916852288279	8.95710204446509	9.08214904401567	9.01402047310545	9.07681559972249	8.96000193496506	9.12412131441466	9.03617361530148	9.01122725821917	8.76155123576866	8.85798099823683	8.87344411559149	8.91288933922311	8.72109919212589	8.82017896560699	8.84549005408067	8.86418614775019	1.00000144269432	1.00000144269432	1.00000144269432	1.00000144269432	1.00000144269432	1.00000144269432	1.00000144269432	1.00000144269432	1.00000144269432	1.00000144269432	1.00000144269432	1.00000144269432	1.00000144269432	1.00000144269432	1.00000144269432	1.00000144269432	1.00000144269432	6.52356197173848	6.3923174399537	8.74819285294456	8.35314682990999	11.5478585065403	10.9053870057703	11.2221911390602	13.1004980885811	12.8133803871252	13.0154150525609	14.0247933847891	13.580140772554	13.6463336934935	13.6405838756158	13.3283944384927	13.2268637171329	9.89935692443379	10.1761731503544	11.7296207439779	10.9964734894394	10.7168194621872	10.871905238429	10.8368393605375	10.637530552431	9.96000193351657	10.7532167500148	10.8517490421967	10.6320864137443	10.8879821338198
ID4	1.00000144269432	1.00000144269432	1.00000144269432	1.00000144269432	1.00000144269432	1.00000144269432	1.44269431942324e-06	1.00000144269432	1.00000144269432	1.00000144269432	1.00000144269432	0	0	0	0	0	0	0	0	0	0	0	0	0	0	0	0	0	0	0	0	0	0	0	0	0	0	0	0	0	0	0	0	0	0	0	0	0	0	0	0	0	0	0	1.00000144269432	1.00000144269432	1.00000144269432	1.00000144269432	1.00000144269432	1.00000144269432	1.00000144269432	1.00000144269432	1.00000144269432	1.00000144269432	1.00000144269432	1.00000144269432	1.00000144269432	1.00000144269432	1.00000144269432	1.00000144269432	1.00000144269432	1.00000144269432	1.00000144269432	1.00000144269432	1.00000144269432	1.00000144269432	1.00000144269432	1.00000144269432	1.00000144269432	1.00000144269432	1.00000144269432	1.00000144269432	1.00000144269432	1.00000144269432	1.00000144269432	1.00000144269432	1.00000144269432	1.00000144269432	1.00000144269432	1.00000144269432	1.00000144269432	1.00000144269432	1.00000144269432	1.00000144269432	1.00000144269432	1.00000144269432	1.00000144269432	1.00000144269432	1.00000144269432	1.00000144269432	1.00000144269432	1.00000144269432	1.00000144269432	1.00000144269432	1.00000144269432	1.44269431942324e-06	1.00000144269432	1.00000144269432	1.00000144269432	1.00000144269432	1.00000144269432	1.00000144269432	1.00000144269432	1.00000144269432	1.00000144269432	1.00000144269432	1.00000144269432	1.00000144269432	1.00000144269432	1.00000144269432	1.00000144269432	1.00000144269432	1.00000144269432	1.00000144269432	1.00000144269432	1.00000144269432	1.00000144269432	1.00000144269432	1.00000144269432	1.00000144269432	1.00000144269432	1.00000144269432	1.00000144269432	1.00000144269432	1.00000144269432	1.00000144269432	1.00000144269432	1.00000144269432	1.00000144269432	1.00000144269432	1.00000144269432	1.00000144269432	1.00000144269432	1.00000144269432	1.00000144269432	1.00000144269432	1.00000144269432	1.00000144269432	1.00000144269432	1.00000144269432	1.00000144269432	1.00000144269432	4.39231749147852	3.70043982911763	1.00000144269432	1.00000144269432	1.00000144269432	1.00000144269432	1.00000144269432	4.39231749147852	3.70043982911763	1.00000144269432	1.00000144269432	1.00000144269432	1.00000144269432	1.00000144269432	1.44269431942324e-06	1.44269431942324e-06	1.00000144269432	2.58496274117031	3.00000018033687	2.32192838342634	1.44269431942324e-06	1.00000072134734	1.58496298161942	2.32192838342634	1.00000144269432	1.00000144269432	1.00000144269432	1.00000144269432	1.00000144269432	1.00000144269432	1.00000144269432	2.32192838342634	1.00000144269432	1.00000144269432	1.00000144269432	1.00000144269432	1.44269431942324e-06	1.00000144269432	1.44269431942324e-06	1.58496298161942	1.00000144269432	1.00000144269432
KCNA2	7.74146699314271	1.44269431942324e-06	1.00000072134734	2.32192838342634	1.44269431942324e-06	1.44269431942324e-06	1.58496298161942	3.00000018033687	1.44269431942324e-06	1.58496298161942	2.80735512815688	3.58496262094574	3.45943174979139	3.70043982911763	3.00000018033687	3.16992516174175	1.58496298161942	4.70043977362936	3.45943174979139	3.58496262094574	3.00000018033687	3.16992516174175	3.00000018033687	4.00000009016844	4.32192816702211	4.45943168421434	4.90689064369835	2.32192838342634	3.16992516174175	3.70043982911763	3.00000018033687	2.58496274117031	3.80735502510725	5.12928305816482	5.35755203980577	5.32192813095474	5.75488752888004	3.00000018033687	2.80735512815688	2.58496274117031	3.32192823915686	2.58496274117031	2.58496274117031	2.58496274117031	4.52356201878288	4.39231749147852	3.70043982911763	4.16992508159203	3.90689069178818	2.80735512815688	2.80735512815688	1.58496298161942	4.00000009016844	1.58496298161942	1.00000144269432	1.00000144269432	1.00000144269432	1.00000144269432	1.00000144269432	1.00000144269432	1.00000144269432	1.00000144269432	1.00000144269432	1.00000144269432	1.00000144269432	1.00000144269432	1.00000144269432	1.00000144269432	1.00000144269432	1.00000144269432	1.00000144269432	1.00000144269432	1.00000144269432	1.00000144269432	1.00000144269432	1.00000144269432	1.00000144269432	1.00000144269432	1.00000144269432	1.00000144269432	1.00000144269432	1.00000144269432	1.00000144269432	1.00000144269432	1.00000144269432	1.00000144269432	1.00000072134734	1.00000144269432	1.00000144269432	1.00000144269432	1.00000144269432	1.00000144269432	1.00000144269432	1.00000144269432	1.00000144269432	1.00000144269432	1.00000144269432	1.00000144269432	1.00000144269432	1.00000144269432	1.00000144269432	1.44269431942324e-06	1.00000144269432	1.00000144269432	1.00000144269432	1.00000144269432	1.00000144269432	1.00000144269432	1.00000144269432	1.44269431942324e-06	1.00000144269432	1.00000144269432	1.00000144269432	1.00000144269432	1.00000144269432	1.00000144269432	1.00000144269432	1.00000144269432	1.00000144269432	1.00000144269432	1.00000144269432	1.00000144269432	1.00000144269432	1.44269431942324e-06	1.00000144269432	1.00000144269432	1.00000144269432	1.00000144269432	1.00000144269432	1.00000144269432	1.00000144269432	1.00000144269432	1.00000144269432	1.00000144269432	1.44269431942324e-06	1.00000144269432	1.44269431942324e-06	1.00000144269432	1.00000144269432	1.00000144269432	1.00000144269432	1.00000144269432	1.00000144269432	1.00000144269432	1.00000144269432	1.44269431942324e-06	1.00000144269432	1.00000144269432	1.00000144269432	1.00000144269432	1.00000144269432	1.00000144269432	1.00000144269432	1.00000072134734	1.00000144269432	1.00000144269432	1.00000144269432	1.00000144269432	1.00000144269432	1.00000144269432	1.00000072134734	1.00000144269432	1.00000144269432	1.00000144269432	1.00000144269432	1.44269431942324e-06	1.00000144269432	1.00000144269432	1.00000144269432	1.00000144269432	1.00000144269432	1.00000144269432	2.32192838342634	1.44269431942324e-06	1.00000144269432	4.00000009016844	2.00000036067372	2.58496274117031	3.16992516174175	2.32192838342634	2.32192838342634	2.58496274117031	1.00000072134734	3.45943174979139	2.00000036067372	3.16992516174175	3.16992516174175	4.08746292611475	4.2479275893749	3.70043982911763	2.80735512815688	2.32192838342634	2.32192838342634	2.32192838342634
KCNH7	2.58496274117031	1.00000144269432	1.44269431942324e-06	3.16992516174175	3.45943174979139	1.44269431942324e-06	1.44269431942324e-06	1.58496298161942	3.80735502510725	1.00000144269432	1.00000144269432	1.00000072134734	1.00000072134734	1.00000072134734	1.00000072134734	1.44269431942324e-06	1.00000072134734	1.44269431942324e-06	1.00000072134734	1.44269431942324e-06	1.44269431942324e-06	1.58496298161942	1.00000072134734	1.44269431942324e-06	1.44269431942324e-06	1.00000144269432	1.00000144269432	1.44269431942324e-06	1.00000072134734	1.58496298161942	3.32192823915686	2.32192838342634	1.00000144269432	1.58496298161942	1.58496298161942	1.00000072134734	1.00000072134734	1.44269431942324e-06	1.00000144269432	2.00000036067372	1.44269431942324e-06	1.00000144269432	1.44269431942324e-06	1.00000072134734	2.00000036067372	1.00000144269432	1.44269431942324e-06	1.58496298161942	1.44269431942324e-06	1.00000144269432	1.00000144269432	1.00000072134734	1.00000144269432	1.44269431942324e-06	1.00000144269432	1.00000144269432	1.00000144269432	1.00000144269432	1.00000144269432	1.00000144269432	1.00000144269432	1.00000144269432	1.00000144269432	1.00000144269432	1.00000144269432	1.00000144269432	1.00000144269432	1.00000144269432	1.00000144269432	1.00000144269432	1.00000144269432	1.00000144269432	1.00000144269432	1.00000144269432	1.00000144269432	1.00000144269432	1.00000144269432	1.00000144269432	1.00000144269432	1.00000144269432	1.00000144269432	1.00000144269432	1.00000144269432	1.00000144269432	1.00000144269432	1.00000144269432	1.00000144269432	1.00000144269432	1.00000144269432	1.00000144269432	1.00000144269432	1.00000144269432	1.00000144269432	1.00000144269432	1.00000144269432	1.00000144269432	1.00000144269432	1.00000144269432	1.00000144269432	1.00000144269432	1.00000144269432	1.00000144269432	1.00000144269432	1.00000144269432	1.00000144269432	1.00000144269432	1.00000144269432	1.00000144269432	1.00000144269432	1.00000144269432	1.00000144269432	1.00000144269432	1.00000144269432	1.00000144269432	1.00000144269432	1.00000144269432	1.00000144269432	1.00000144269432	1.00000144269432	1.00000144269432	1.00000144269432	1.00000144269432	1.00000144269432	1.00000144269432	1.00000144269432	1.00000144269432	1.00000144269432	1.00000144269432	1.00000144269432	1.00000144269432	1.00000144269432	1.00000144269432	1.00000144269432	1.00000144269432	1.00000144269432	1.00000144269432	1.00000144269432	1.00000144269432	1.00000144269432	1.00000144269432	1.00000144269432	1.00000144269432	1.00000144269432	1.00000144269432	1.00000144269432	1.00000144269432	1.00000144269432	1.00000144269432	1.00000144269432	1.00000144269432	1.00000144269432	1.00000144269432	1.00000144269432	1.00000144269432	1.00000144269432	1.00000144269432	3.70043982911763	1.00000144269432	1.00000144269432	1.00000144269432	1.00000144269432	1.00000144269432	1.00000144269432	3.70043982911763	1.00000144269432	1.00000144269432	1.00000144269432	1.00000144269432	1.00000144269432	2.58496274117031	3.45943174979139	1.00000072134734	1.44269431942324e-06	1.00000072134734	2.58496274117031	2.32192838342634	1.44269431942324e-06	1.58496298161942	1.00000144269432	1.44269431942324e-06	1.00000144269432	1.00000144269432	1.00000144269432	1.00000144269432	2.58496274117031	2.80735512815688	3.80735502510725	3.45943174979139	2.00000036067372	3.00000018033687	3.90689069178818	3.16992516174175	3.45943174979139	4.00000009016844
KDM5A	13.4309751727187	10.8057438729576	10.1202378786382	11.3890935224424	10.6768386073555	10.1749256837487	10.5255208100738	10.570804438673	10.5176693891179	10.4888443474613	10.6821167658282	11.0620461383953	10.9490971564589	10.9772799242155	11.0396045186391	10.9031286775657	10.8970891290693	11.2720465249733	11.2667865412804	11.3264294876841	11.2209828516862	11.3032099495157	11.2854022194403	11.0907740553022	11.0681064765307	11.2021238244428	11.1667907513457	11.4225904344181	11.269126679734	11.0986900973315	11.0647427654238	11.2538474855782	11.4630134139607	11.3712321289142	11.5821419821293	11.3842441227828	11.2485206055314	11.4599438488871	11.4030120241077	11.2842457504081	11.383704293014	11.1059085092257	11.228818691097	11.3409627648079	11.6101020634612	11.4660764619062	11.0953970234519	11.7245138535463	11.4130989854443	11.2227949034717	11.6397928937314	11.2685420008849	11.348174868089	11.114393055518	7.60733032114805	7.39231743136623	7.67242534904353	7.48381578532401	7.58496250823519	7.51569984616762	7.23840474887935	7.41785252332271	7.83920379439692	7.80735492849821	7.95419631620419	7.89481776936969	7.90689060161975	7.83289002049235	8.06608919584096	7.95419631620419	8.08746284655437	7.88874325498558	7.90689060161975	7.76155123909284	7.93073734347557	7.8265484936464	7.85174904766149	7.81378119762902	7.89481776936969	7.85174904766149	7.9772799292249	7.94836723742555	7.75488750884261	7.83920379439692	7.85798100134609	7.77478706618882	8.32642949161668	8.34872815865652	8.31741261828742	8.31288295982113	8.29001885154187	8.36632221861762	8.16992500645167	8.38801728965169	7.86418615084611	8.09275714620445	8.08214904667747	8.12412131700014	7.93663794489112	8.0714623679198	8.0714623679198	8.02236781857728	7.73470962699905	7.78790256591946	7.80089990638979	7.79441587284873	7.86418615084611	7.91288934221625	7.97154355969856	7.90689060161975	7.90086681401713	7.93663794489112	8.05528244092486	8.0112272610151	8.20945337050292	7.85798100134609	7.91288934221625	8.02790600209745	7.68650053418659	7.99435344251649	8.11894107791306	7.96578429043287	8.02236781857728	8.13442632535507	8.37937837140368	8.24317398823432	8.24792751818929	8.28077077476949	8.22881869530487	8.19967234974349	8.21431912565832	8.08746284655437	8.10852446200533	8.0714623679198	8.26678654537898	8.23840474410222	8.11374217125747	8.1497471245846	8.25738784740734	8.2045711491397	8.03342300704392	7.85798100134609	8.03342300704392	7.74819285629967	7.77478706618882	7.90086681401713	8.03891899477783	7.95419631620419	9.98441846022532	11.0821490420193	8.87958325267583	9.1623913312747	8.10328781365819	11.6895612547223	10.5670053711981	11.3431857160032	10.1124395080848	10.1774195392351	9.1623913312747	8.10328781365819	11.6895612547223	10.5670053711981	11.3431857160032	10.1124395080848	10.1774195392351	6.58496251574923	6.71424553140608	8.27146303257329	7.77478706618882	11.8649599155294	11.5264992396256	11.6128684977517	11.9196082389757	11.5171772531818	11.8834069867702	12.5816713588135	12.1156939525221	11.7883105041088	12.4003457968016	11.9679467061728	12.5526690977544	10.6943578880921	10.2360141930963	12.0272148855055	11.4183797198921	11.1780423294875	11.1535520323414	11.103943430547	11.2155330003523	11.0484868746735	11.2951949564547	11.1799090906368	11.3982092620014	11.1312139057295
KLF10	12.296916207166	9.46147944933253	8.61470984779555	9.64925617931395	8.88569637638949	8.4553272244148	9.43879185465707	9.7797193567847	9.3353903569272	8.99152184891007	9.29691620917292	11.9377416204448	12.2670792659639	12.2449583934484	12.0881256925196	11.5308939816815	11.3365065603681	11.2951949564547	10.1623913300158	11.3998119598596	10.9091430480901	11.0147179305573	11.280190792797	10.7236609452631	10.7279204554138	11.0774833575271	10.8917837039776	10.5449644337549	10.4450148469034	10.8788172853804	10.9218409378181	11.2842457504081	11.3777527955644	10.3858624017197	10.2585660350676	10.5783726923044	10.2911707004733	11.6799198789581	12.331196877433	11.6733090760034	10.8948177640657	12.3325960580689	11.6777196420814	11.8133803873256	10.7903484975665	10.9801395783534	10.3890935229803	11.7590559395764	11.9545598473633	11.1978309986264	11.2562086891172	11.3342732858659	11.9259252653436	12.1888978735512	7.88264305547496	7.86418615084611	7.90689060161975	7.95419631620419	7.91288934221625	7.80735492849821	7.73470962699905	7.93663794489112	7.83289002049235	7.67948010654298	7.6220518267797	7.7142455245361	7.87036472574877	7.88874325498558	7.70043972507713	7.69348696446887	8.43879185673588	8.37068741116581	8.41362793325495	8.32192809939578	8.34429591235488	8.43462823180636	8.26209485006951	8.30378075274259	7.80089990638979	7.81378119762902	7.94251451120385	7.86418615084611	7.94251451120385	7.91288934221625	7.76155123909284	7.81378119762902	8.50779464416215	8.47573343501891	8.62205182311804	8.53138146441549	8.61838550592959	8.57742883181244	8.48381578129413	8.4429434999944	8.28540222348627	8.27612440992809	8.13955135751473	8.1749256874927	8.43462823180636	8.39660478546285	8.26209485006951	8.45943162273586	8.40939094038092	8.27146303257329	8.29920802296726	8.33539035916047	8.1649069317025	8.28077077476949	8.31288295982113	8.33091688259504	7.41785252332271	7.21916853014468	7.32192810390421	7.28540222811029	7.20945337537689	7.59245704474318	7.36632222298942	7.34872816308197	7.6147098514759	7.65105169835652	7.65105169835652	7.47573343907143	7.70043972507713	7.6438561969882	8.4553272244148	8.43462823180636	8.40087944055051	8.27146303257329	8.3083390346905	8.4429434999944	8.39660478546285	8.44708323034345	7.9772799292249	8.14465824792974	8.0498485548947	8.10328781365819	8.10328781365819	8.13442632535507	8.16992500645167	8.09803208822584	7.55458885935155	7.67948010654298	7.53915881886446	7.434628235976	7.76818433139479	7.75488750884261	7.48381578532401	7.59245704474318	7.06608920122415	9.67419226991153	7.48381578532401	7.47573343907143	7.65105169835652	10.1736771375525	9.22641219519729	9.35314682770404	8.1749256874927	8.40939094038092	7.47573343907143	7.65105169835652	10.1736771375525	9.22641219519729	9.35314682770404	8.1749256874927	8.40939094038092	7.41785252332271	7.06608920122415	8.09803208822584	8.04439412482321	11.4335854416721	12.0963857347821	10.502831805061	11.5235619565471	11.0586682510169	10.7151040100944	11.857203471897	11.256798386669	11.4346282281579	12.3406846546416	11.6003775535725	11.7586396374409	10.1446582441063	9.3353903569272	12.7657004878583	8.08746284655437	8.59245704100563	8.06069593709091	8.21916852530342	8.65105169476772	8.60733031744883	8.05528244092486	8.64024493983812	7.85798100134609	8.34872815865652
KLF9	5.52356198741995	4.58496256083345	6.37503944872879	5.78135973975548	4.75488755559662	4.00000009016844	5.24792755140924	4.64385624748253	5.80735494782002	4.85798104487568	5.12928305816482	9.22641219519729	9.27379560154495	9.14210705985599	9.134426322788	9.19967234728993	9.38370429463377	8.47978026807026	8.90388184874807	9.87805091426169	9.89633240542379	8.81378119442303	9.27844946054366	8.99152184891007	8.73809226299917	9.58871463745589	9.73809226130983	9.19475685688418	9.29691620917292	8.43045255584726	8.37068741116581	8.94836723450511	9.17492568499669	8.14465824792974	8.31288295982113	8.16992500645167	8.42626475889598	8.70043972160911	8.47978026807026	8.6617781013342	8.3837042967935	8.36632221861762	8.58120058569179	8.81698362645426	7.58496250823519	8.07681560239415	5.24792755140924	7.56224243185438	8.28077077476949	7.9772799292249	9.70563238908919	9.52747700801527	8.03342300704392	8.3837042967935	4.16992508159203	4.08746292611475	3.90689069178818	3.45943174979139	3.58496262094574	4.00000009016844	3.80735502510725	3.70043982911763	4.08746292611475	4.70043977362936	4.39231749147852	4.45943168421434	4.85798104487568	4.39231749147852	3.80735502510725	3.90689069178818	4.08746292611475	3.90689069178818	3.70043982911763	3.00000018033687	3.90689069178818	3.90689069178818	3.70043982911763	3.70043982911763	3.70043982911763	4.58496256083345	4.00000009016844	3.45943174979139	3.32192823915686	4.32192816702211	3.45943174979139	4.16992508159203	5.93073736121362	5.72792048178386	6.10852447768679	5.70043974588523	5.83289003947518	6.20945338512483	5.78135973975548	5.97727994639984	5.04439416307648	4.52356201878288	4.64385624748253	5.00000004508422	5.16992504151717	4.75488755559662	5.16992504151717	5.16992504151717	5.04439416307648	4.64385624748253	4.70043977362936	4.58496256083345	5.08746288368255	5.16992504151717	4.39231749147852	4.80735497358243	5.45943165142582	5.24792755140924	4.80735497358243	5.16992504151717	4.95419635692542	4.95419635692542	5.55458888237328	5.08746288368255	3.70043982911763	3.16992516174175	3.00000018033687	2.00000036067372	2.80735512815688	3.00000018033687	4.52356201878288	4.58496256083345	4.08746292611475	4.2479275893749	4.2479275893749	4.64385624748253	4.58496256083345	4.58496256083345	4.70043977362936	4.85798104487568	5.04439416307648	5.32192813095474	4.90689064369835	4.70043977362936	5.08746288368255	4.80735497358243	4.2479275893749	3.58496262094574	4.16992508159203	4.08746292611475	4.58496256083345	4.45943168421434	4.16992508159203	4.52356201878288	1.44269431942324e-06	5.00000004508422	1.00000144269432	1.00000144269432	1.00000144269432	5.45943165142582	5.12928305816482	5.8826430738143	1.00000144269432	2.80735512815688	1.00000144269432	1.00000144269432	5.45943165142582	5.12928305816482	5.8826430738143	1.00000144269432	2.80735512815688	2.80735512815688	2.32192838342634	3.45943174979139	3.70043982911763	6.2667865594312	6.56985562351721	6.37503944872879	7.25738785212203	6.14974713982433	7.21916853014468	9.72792045626449	7.83289002049235	9.10852445939175	7.89481776936969	7.68650053418659	8.64385619338146	7.16992501146103	5.90689061965344	8.73131903441964	8.58871463932952	7.90689060161975	8.06069593709091	7.247927522935	7.37503944003786	7.67948010654298	7.25738785212203	7.39231743136623	7.09803209349115	6.32192811292105
KMT2A	11.9359016826358	10.4146852368641	9.75154406076276	11.1823943540253	10.6510516920761	9.81217730711922	10.3923174238522	10.4450148469034	10.8241632105399	9.92481250509003	10.4635243742929	12.6425030290062	12.5502658071093	12.3561768307915	12.3233362895617	12.385862400911	12.1260591163934	12.6937047394431	12.6282176804513	13.0070272670692	12.9652431727373	13.1223427020207	13.1573469355208	12.7685978824011	12.8019104030991	12.6947931552176	12.7661147577938	12.9647018576009	12.7700444005034	12.874212935023	12.8091652055729	12.8895039636016	13.1797536189659	13.3049216697242	13.4805377832281	13.1233131247304	13.0275604824216	13.1231514329353	12.8719052378516	13.0699531796533	12.9494619795425	12.7142455178808	12.327833297031	12.4757334312197	13.3744961458274	13.1481587730968	12.779924502173	13.4737057497462	12.5910547742706	12.527232626692	13.1152062533158	12.5762481300795	12.9153192178659	12.1811522571762	7.9248125095428	7.7210991955446	7.78135972008237	7.93663794489112	7.9772799292249	8.00562455480748	7.94251451120385	8.0112272610151	7.96000193786204	7.99435344251649	8.13955135751473	8.09275714620445	8.0112272610151	8.22881869530487	7.9772799292249	8.2526654371804	8.55074678923043	8.50779464416215	8.41362793325495	8.4553272244148	8.49984589106855	8.58496250447817	8.67948010302422	8.44708323034345	8.5961897598723	8.51175265771997	8.52356195997738	8.51963625677426	8.44708323034345	8.50382574197012	8.52356195997738	8.58496250447817	9.24079133454658	9.22158712368138	9.21188829697888	9.28771238185776	9.29462075118891	9.1873520756751	9.26444260257245	9.23122118311168	8.81698362645426	8.98013958049598	8.96578428754748	8.93957921725297	8.83605035821495	8.86418614775019	8.89178370625556	8.8826430524184	8.78463484882894	8.6934869609841	8.61102480099711	8.70390357690437	8.67948010302422	8.64745843005266	8.5961897598723	8.72792045796578	8.76818432808586	8.76155123576866	8.81057163795428	8.87036472266609	8.82972273825682	8.74146698977193	8.83605035821495	8.6934869609841	8.81698362645426	8.92481250657429	8.88569637638949	8.83289001732855	8.78790256265545	8.90689059861413	8.26678654537898	8.24792751818929	8.23361968155271	8.50779464416215	8.23840474410222	8.19475685934612	8.28077077476949	8.40087944055051	8.27612440992809	8.45121111595432	8.29920802296726	8.29920802296726	8.4878400378417	8.27146303257329	8.47573343501891	8.42206477037892	8.18982456382075	8.26209485006951	8.1749256874927	8.23840474410222	8.32642949161668	8.3083390346905	8.15481811411419	8.13442632535507	10.1686721193857	11.8105716351428	9.05528243821302	5.55458888237328	8.04439412482321	11.0881256928509	10.5186531566568	11.3503867428654	9.56795607731625	7.357552013415	5.55458888237328	8.04439412482321	11.0881256928509	10.5186531566568	11.3503867428654	9.56795607731625	7.357552013415	7.70735913898373	7.67242534904353	8.56224242803773	8.09275714620445	13.2226439856026	12.183015001193	12.9735180048831	13.9036935904584	13.3680971671005	13.6566483118591	14.277287400203	13.7036873260757	13.1944490796329	13.8123778888672	12.8051392645183	14.115043650243	12.6352646567663	11.1446582434691	13.646558710267	11.9207250201233	12.1127652822111	11.8447057648042	11.9125151451766	11.9632573569944	12.0216740432053	11.8257538332806	11.9240701859566	11.7008731555736	11.3635872470721
LEP	1.00000144269432	1.00000144269432	1.00000144269432	1.00000144269432	1.00000144269432	1.00000144269432	1.00000144269432	1.00000144269432	1.00000144269432	1.00000144269432	1.00000144269432	1.00000144269432	1.00000144269432	1.00000144269432	1.00000144269432	1.00000144269432	1.00000144269432	1.00000144269432	1.00000144269432	1.00000144269432	1.00000144269432	1.00000144269432	1.00000144269432	1.00000144269432	1.00000144269432	1.00000144269432	1.00000144269432	1.00000144269432	1.00000144269432	1.00000144269432	1.00000144269432	1.00000144269432	1.00000144269432	1.00000144269432	1.00000144269432	1.00000144269432	1.00000144269432	1.00000144269432	1.00000144269432	1.00000144269432	1.00000144269432	1.00000144269432	1.00000144269432	1.00000144269432	1.00000144269432	1.00000144269432	1.00000144269432	1.00000144269432	1.00000144269432	1.00000144269432	1.00000144269432	1.00000144269432	1.00000144269432	1.00000144269432	1.00000144269432	1.00000144269432	1.00000144269432	1.00000144269432	1.00000144269432	1.00000144269432	1.00000144269432	1.00000144269432	1.00000144269432	1.00000144269432	1.00000144269432	1.00000144269432	1.00000144269432	1.00000144269432	1.00000144269432	1.00000144269432	1.00000144269432	1.00000144269432	1.00000144269432	1.00000144269432	1.00000144269432	1.00000144269432	1.00000144269432	1.00000144269432	1.00000144269432	1.00000144269432	1.00000144269432	1.00000144269432	1.00000144269432	1.00000144269432	1.00000144269432	1.00000144269432	1.00000144269432	1.00000144269432	1.00000144269432	1.00000144269432	1.00000144269432	1.00000144269432	1.00000144269432	1.00000144269432	1.00000144269432	1.00000144269432	1.00000144269432	1.00000144269432	1.00000144269432	1.00000144269432	1.00000144269432	1.00000144269432	1.00000144269432	1.00000144269432	1.00000144269432	1.00000144269432	1.00000144269432	1.00000144269432	1.00000144269432	1.00000144269432	1.00000144269432	1.00000144269432	1.00000144269432	1.00000144269432	1.00000144269432	1.00000144269432	1.00000144269432	1.00000144269432	1.00000144269432	1.00000144269432	1.00000144269432	1.00000144269432	1.00000144269432	1.00000144269432	1.00000144269432	1.00000144269432	1.00000144269432	1.00000144269432	1.00000144269432	1.00000144269432	1.00000144269432	1.00000144269432	1.00000144269432	1.00000144269432	1.00000144269432	1.00000144269432	1.00000144269432	1.00000144269432	1.00000144269432	1.00000144269432	1.00000144269432	1.00000144269432	1.00000144269432	1.00000144269432	1.00000144269432	1.00000144269432	1.00000144269432	1.00000144269432	1.00000144269432	1.00000144269432	1.00000144269432	1.00000144269432	1.00000144269432	1.58496298161942	1.00000144269432	1.00000144269432	1.00000144269432	1.00000144269432	1.00000144269432	1.00000144269432	1.58496298161942	1.00000144269432	1.00000144269432	1.00000144269432	1.00000144269432	1.00000144269432	1.00000144269432	1.00000144269432	1.00000144269432	1.00000144269432	1.00000144269432	1.00000144269432	1.00000144269432	1.00000144269432	1.00000144269432	1.00000144269432	1.00000144269432	1.00000144269432	1.00000144269432	1.00000144269432	1.00000144269432	1.00000144269432	1.00000144269432	1.00000144269432	1.00000144269432	1.00000144269432	1.00000144269432	1.00000144269432	1.00000144269432	1.00000144269432	1.00000144269432	1.00000144269432	1.00000144269432	1.00000144269432
LGR4	4.16992508159203	3.32192823915686	3.00000018033687	4.58496256083345	4.2479275893749	3.80735502510725	4.39231749147852	3.32192823915686	3.80735502510725	3.16992516174175	3.80735502510725	11.2021238244428	10.6899979722927	10.8129794720534	10.2419831508857	9.90689059711133	10.4262647557506	9.50382573998293	10.540128039551	11.1363503420951	10.579315938523	10.7279204554138	10.2300204369069	9.10590851118948	9.47978026604968	8.98584193984889	9.80896417652762	12.2827988589731	12.2977760631807	13.1699250015989	13.0546043181302	12.7019561784847	13.0366887689674	11.6447575929668	11.410451352034	11.3309168786747	11.8201789628142	13.0335950686238	12.4333246269768	12.6117164611744	13.0047471577223	11.6541884735072	12.4403501194601	11.449664538992	10.9373738209278	10.1573469366261	10.8049376728583	11.0375469546485	12.2112799477862	11.6947931554352	12.2158363102657	12.4855777711547	11.7431513945334	11.5347892119665	5.24792755140924	5.04439416307648	5.35755203980577	5.24792755140924	5.32192813095474	5.52356198741995	5.20945340462071	5.49185312838956	6.00000002254211	6.08746286246644	6.28540223735834	6.10852447768679	6.35755202221193	5.8826430738143	6.02236783522376	5.97727994639984	5.5849625307773	5.55458888237328	5.64385621862863	5.72792048178386	5.35755203980577	5.72792048178386	5.75488752888004	5.80735494782002	5.28540225585443	5.08746288368255	5.24792755140924	5.16992504151717	5.04439416307648	5.32192813095474	4.32192816702211	4.80735497358243	6.06608921199053	6.1292830375549	6.04439414121747	6.1292830375549	6.08746286246644	6.00000002254211	5.5849625307773	5.78135973975548	4.52356201878288	5.12928305816482	5.24792755140924	5.28540225585443	4.80735497358243	5.28540225585443	4.75488755559662	4.95419635692542	5.67242537025963	5.67242537025963	5.55458888237328	5.8826430738143	5.52356198741995	5.64385621862863	5.75488752888004	5.78135973975548	4.75488755559662	4.95419635692542	5.12928305816482	5.08746288368255	5.12928305816482	4.45943168421434	5.39231745712864	5.04439416307648	6.02236783522376	5.67242537025963	5.8826430738143	5.72792048178386	5.5849625307773	5.95419633365615	5.28540225585443	5.00000004508422	4.75488755559662	5.08746288368255	5.35755203980577	5.04439416307648	4.64385624748253	5.45943165142582	5.55458888237328	5.95419633365615	6.16992502147974	6.08746286246644	6.00000002254211	5.80735494782002	6.06608921199053	5.93073736121362	5.70043974588523	5.72792048178386	5.32192813095474	5.55458888237328	5.61470987355796	5.67242537025963	5.95419633365615	5.70043974588523	5.20945340462071	4.70043977362936	2.00000036067372	1.00000144269432	4.95419635692542	5.49185312838956	5.00000004508422	5.32192813095474	4.52356201878288	2.00000036067372	1.00000144269432	4.95419635692542	5.49185312838956	5.00000004508422	5.32192813095474	4.52356201878288	2.00000036067372	4.95419635692542	4.80735497358243	5.64385621862863	5.42626478825315	9.52552081105259	9.18239435588765	9.57175264539933	9.26209484771985	8.53527538050947	8.98299357754549	9.40726776636947	9.37503943351966	9.62753388629668	9.52747700801527	9.93810932768988	9.94836723304489	7.76818433139479	7.9248125095428	9.32642948936949	2.00000036067372	3.90689069178818	2.32192838342634	2.80735512815688	4.52356201878288	3.80735502510725	1.58496298161942	2.32192838342634	4.2479275893749	3.58496262094574
MAGEL2	1.44269431942324e-06	1.00000144269432	1.00000144269432	1.44269431942324e-06	1.00000144269432	1.00000144269432	1.00000144269432	1.00000144269432	1.00000144269432	1.00000144269432	1.00000144269432	0	0	0	0	0	0	0	0	0	0	0	0	0	0	0	0	0	0	0	0	0	0	0	0	0	0	0	0	0	0	0	0	0	0	0	0	0	0	0	0	0	0	0	1.00000144269432	1.00000144269432	1.00000144269432	1.00000144269432	1.00000144269432	1.00000144269432	1.00000144269432	1.00000144269432	1.00000144269432	1.00000144269432	1.00000144269432	1.00000144269432	1.00000144269432	1.00000144269432	1.00000144269432	1.00000144269432	1.00000144269432	1.00000144269432	1.00000144269432	1.00000144269432	1.00000144269432	1.00000144269432	1.00000144269432	1.00000144269432	1.00000144269432	1.00000144269432	1.00000144269432	1.00000144269432	1.00000144269432	1.00000144269432	1.00000144269432	1.00000144269432	1.00000144269432	1.00000144269432	1.00000144269432	1.00000144269432	1.00000144269432	1.00000144269432	1.00000144269432	1.00000144269432	1.00000144269432	1.00000144269432	1.00000144269432	1.00000144269432	1.00000144269432	1.00000144269432	1.00000144269432	1.00000144269432	1.00000144269432	1.00000144269432	1.00000144269432	1.00000144269432	1.00000144269432	1.00000144269432	1.00000144269432	1.00000144269432	1.00000144269432	1.00000144269432	1.00000144269432	1.00000144269432	1.00000144269432	1.00000144269432	1.00000144269432	1.00000144269432	1.00000144269432	1.00000144269432	1.00000144269432	1.00000144269432	1.00000144269432	1.00000144269432	1.00000144269432	1.00000144269432	1.00000144269432	1.00000144269432	1.00000144269432	1.00000144269432	1.00000144269432	1.00000144269432	1.00000144269432	1.00000144269432	1.00000144269432	1.00000144269432	1.00000144269432	1.00000144269432	1.00000144269432	1.00000144269432	1.00000144269432	1.00000144269432	1.00000144269432	1.00000144269432	1.00000144269432	1.00000144269432	1.00000144269432	1.00000144269432	1.00000144269432	1.00000144269432	1.00000144269432	5.85798102000162	3.00000018033687	1.00000072134734	1.00000144269432	1.00000144269432	5.08746288368255	1.00000144269432	5.85798102000162	3.00000018033687	1.00000072134734	1.00000144269432	1.00000144269432	5.08746288368255	1.00000144269432	6.52356197173848	6.58496251574923	7.81378119762902	7.33985001179015	9.25029842027529	8.95419631329554	8.98584193984889	9.35974956251821	8.94544383930427	8.88874325194192	10.1959872992584	9.71767642477981	9.57553924872535	10.2191685216725	10.0593444621765	10.0014081958003	8.38801728965169	7.93073734347557	10.0754791508251	2.32192838342634	1.44269431942324e-06	1.00000072134734	1.44269431942324e-06	3.32192823915686	2.32192838342634	2.00000036067372	2.00000036067372	1.44269431942324e-06	1.00000072134734
MAPK10	1.00000144269432	1.58496298161942	1.00000144269432	1.44269431942324e-06	2.58496274117031	1.00000144269432	1.58496298161942	1.58496298161942	4.16992508159203	1.44269431942324e-06	1.44269431942324e-06	2.00000036067372	1.00000144269432	1.00000144269432	1.58496298161942	1.00000072134734	2.00000036067372	1.58496298161942	2.32192838342634	2.58496274117031	2.80735512815688	1.00000072134734	2.80735512815688	1.58496298161942	3.45943174979139	2.58496274117031	2.00000036067372	2.32192838342634	2.80735512815688	1.44269431942324e-06	1.58496298161942	1.44269431942324e-06	1.44269431942324e-06	1.00000072134734	1.58496298161942	1.44269431942324e-06	1.44269431942324e-06	3.00000018033687	2.80735512815688	1.58496298161942	1.58496298161942	2.32192838342634	3.00000018033687	1.00000072134734	1.00000072134734	2.32192838342634	2.32192838342634	1.58496298161942	1.00000072134734	2.58496274117031	3.80735502510725	2.32192838342634	2.32192838342634	1.58496298161942	1.00000144269432	1.00000144269432	1.00000144269432	1.44269431942324e-06	1.44269431942324e-06	1.00000144269432	1.00000144269432	1.00000144269432	1.00000144269432	1.44269431942324e-06	1.00000144269432	1.00000144269432	1.44269431942324e-06	1.44269431942324e-06	1.00000144269432	1.44269431942324e-06	1.00000144269432	1.00000144269432	1.00000144269432	1.00000144269432	1.00000144269432	1.00000144269432	1.00000144269432	1.00000144269432	1.00000144269432	1.00000144269432	1.00000144269432	1.00000144269432	1.00000144269432	1.00000144269432	1.00000144269432	1.00000144269432	1.00000144269432	1.00000144269432	1.00000144269432	1.44269431942324e-06	1.00000144269432	1.00000144269432	1.00000144269432	1.00000144269432	1.00000144269432	1.00000144269432	1.00000144269432	1.00000144269432	1.00000144269432	1.00000144269432	1.00000144269432	1.00000144269432	1.00000144269432	1.44269431942324e-06	1.44269431942324e-06	1.00000144269432	1.00000072134734	1.00000144269432	1.00000144269432	1.44269431942324e-06	1.00000144269432	1.00000144269432	1.00000144269432	1.00000144269432	1.00000144269432	1.00000144269432	1.00000144269432	1.00000144269432	1.00000144269432	1.00000144269432	1.00000144269432	1.00000144269432	1.44269431942324e-06	1.00000144269432	1.00000144269432	1.00000144269432	1.00000144269432	1.00000144269432	1.00000144269432	1.00000144269432	1.00000144269432	1.00000144269432	1.44269431942324e-06	1.44269431942324e-06	1.00000144269432	1.00000144269432	1.00000144269432	1.00000144269432	1.00000144269432	1.00000144269432	1.00000144269432	1.00000144269432	1.44269431942324e-06	1.00000144269432	1.00000144269432	1.00000144269432	1.00000144269432	1.00000144269432	1.00000144269432	1.00000144269432	1.00000144269432	1.00000144269432	3.70043982911763	1.00000144269432	1.00000144269432	1.00000144269432	1.00000144269432	1.00000144269432	1.00000144269432	3.70043982911763	1.00000144269432	1.00000144269432	1.00000144269432	1.00000144269432	1.00000144269432	1.44269431942324e-06	1.00000144269432	1.00000144269432	1.00000144269432	1.44269431942324e-06	1.58496298161942	1.44269431942324e-06	1.00000072134734	1.58496298161942	1.00000072134734	1.44269431942324e-06	1.00000144269432	1.00000144269432	1.00000144269432	1.00000144269432	1.00000144269432	1.00000144269432	1.00000144269432	1.00000144269432	1.00000144269432	1.00000144269432	1.00000144269432	1.00000144269432	1.00000144269432	1.00000144269432	1.00000144269432	1.00000144269432	1.00000144269432	1.00000144269432
MAPK8	10.8757493521879	6.76818433801266	6.67242535611556	6.55458886702546	6.2667865594312	5.52356198741995	6.22881870973181	7.357552013415	7.7210991955446	5.95419633365615	7.10852446723248	9.09011242231144	8.92777796504475	8.87958325267583	8.98013958049598	8.93369065790253	8.75154406243642	9.10852445939175	9.04165915437478	9.01680829047168	8.89178370625556	9.08746284390235	8.90689059861413	8.68999797491265	8.93073734051923	8.79116289181167	8.86108690909796	8.81057163795428	8.87344411559149	8.96866679607484	8.90086681099894	9.13699111464274	9.29920802067727	9.41574177040238	9.50977500630594	9.35755200681731	9.12670447542404	9.46147944933253	9.3353903569272	9.27844946054366	9.21674586062	8.96289600822843	9.10852445939175	9.27844946054366	9.52747700801527	9.39231742492563	8.96578428754748	9.60733031559922	9.4676055521207	9.24079133454658	9.1032878110351	8.89481776633882	9.45738088112473	9.07414146542912	5.97727994639984	6.32192811292105	6.14974713982433	6.20945338512483	5.90689061965344	5.75488752888004	6.10852447768679	6.10852447768679	6.30378076643907	6.55458886702546	6.61470985883659	6.42626477147762	6.67242535611556	6.40939095311058	6.49185311235962	6.68650054118997	6.35755202221193	6.22881870973181	6.24792753242642	6.04439414121747	6.18982457864296	6.08746286246644	6.2667865594312	6.2667865594312	6.56985562351721	6.10852447768679	6.32192811292105	6.32192811292105	6.00000002254211	6.24792753242642	6.24792753242642	6.2667865594312	6.95419632202151	6.72792046817353	6.84549006348955	6.8201789751824	6.72792046817353	6.79441587934736	7.01122726660694	6.68650054118997	5.61470987355796	6.04439414121747	6.32192811292105	6.20945338512483	6.14974713982433	6.2667865594312	6.33985002069568	6.02236783522376	6.35755202221193	6.42626477147762	6.50779465605249	6.61470985883659	6.61470985883659	6.52356197173848	6.58496251574923	6.40939095311058	5.67242537025963	6.00000002254211	5.75488752888004	6.1292830375549	5.85798102000162	6.02236783522376	5.90689061965344	5.95419633365615	6.28540223735834	5.49185312838956	6.30378076643907	6.18982457864296	6.10852447768679	6.02236783522376	6.33985002069568	6.42626477147762	6.62935663465229	6.35755202221193	6.3923174399537	6.47573344717645	6.37503944872879	6.44294351243143	6.53915882662088	6.32192811292105	6.42626477147762	6.79441587934736	6.70043973201316	6.59991285706027	6.76818433801266	6.62935663465229	6.20945338512483	6.35755202221193	6.20945338512483	6.1292830375549	6.06608921199053	5.80735494782002	6.24792753242642	6.14974713982433	6.22881870973181	6.70043973201316	5.97727994639984	1.00000144269432	4.16992508159203	7.49185310434465	7.08746285185839	7.60733032114805	6.44294351243143	6.24792753242642	1.00000144269432	4.16992508159203	7.49185310434465	7.08746285185839	7.60733032114805	6.44294351243143	6.24792753242642	5.83289003947518	5.83289003947518	6.97727993494988	6.06608921199053	8.93663794194685	7.7210991955446	8.61838550592959	9.15987133930058	8.84549005408067	9.35093918375576	9.61102479915223	9.44501484793829	9.22881869290037	9.72792045626449	9.62753388629668	9.78790256102344	7.68650053418659	8.22881869530487	9.46556640684999	9.3487281564438	9.39874369407552	9.31288295755274	9.43045255375639	9.44914864743938	9.58496250259967	9.28308835533972	9.52552081105259	9.33985000511101	9.16741814834077
MAPK9	9.06339508398514	8.04439412482321	8.1497471245846	9.09803208559318	8.90689059861413	7.63662462779337	8.74483384086247	8.87344411559149	9.20457114669445	8.4178525191043	8.01680829325681	10.7540523683643	10.5343028834275	10.4294067425602	10.2980625688649	9.97441459123962	10.1598713380395	10.2455527074441	10.1598713380395	10.7673568549534	10.6110247982298	10.8447057651964	10.7279204554138	10.6366246214499	10.4604558973336	10.6137894653933	10.6626683764075	10.3847837511724	10.1947568556532	10.7911628893692	10.6045532300056	10.7151040100944	10.9822806052714	11.2021238244428	11.214319121408	10.8765169473324	10.7498694282346	10.8494051017297	10.5877775172656	10.594324604858	10.5651020793126	10.4125698478637	10.419960178901	10.935901683004	11.0182001795088	10.7919768217124	10.0512089422745	10.9505558977765	10.6926155025663	10.5245417160153	10.4008794373493	10.0389189906637	10.7245138539726	10.1848753441477	4.64385624748253	3.58496262094574	3.45943174979139	4.58496256083345	3.90689069178818	4.39231749147852	4.45943168421434	4.85798104487568	4.70043977362936	4.32192816702211	4.70043977362936	4.58496256083345	4.75488755559662	4.90689064369835	4.39231749147852	4.39231749147852	3.58496262094574	4.16992508159203	4.64385624748253	4.32192816702211	4.39231749147852	4.39231749147852	4.2479275893749	4.52356201878288	4.2479275893749	3.70043982911763	4.70043977362936	3.90689069178818	5.00000004508422	4.39231749147852	4.85798104487568	4.52356201878288	4.64385624748253	5.32192813095474	5.32192813095474	5.00000004508422	5.35755203980577	4.45943168421434	5.24792755140924	4.80735497358243	4.00000009016844	4.52356201878288	3.45943174979139	4.39231749147852	3.90689069178818	4.08746292611475	4.00000009016844	3.90689069178818	4.80735497358243	5.24792755140924	4.2479275893749	4.75488755559662	4.52356201878288	4.64385624748253	4.80735497358243	4.39231749147852	3.70043982911763	3.70043982911763	3.90689069178818	4.08746292611475	4.00000009016844	4.64385624748253	3.90689069178818	3.80735502510725	4.52356201878288	4.00000009016844	4.39231749147852	4.52356201878288	4.39231749147852	3.58496262094574	3.90689069178818	4.08746292611475	4.70043977362936	4.32192816702211	4.45943168421434	4.52356201878288	4.58496256083345	4.95419635692542	3.80735502510725	5.08746288368255	4.58496256083345	4.80735497358243	4.58496256083345	4.64385624748253	4.58496256083345	4.70043977362936	4.08746292611475	4.08746292611475	4.39231749147852	4.70043977362936	3.45943174979139	3.80735502510725	4.00000009016844	4.08746292611475	5.80735494782002	5.83289003947518	4.00000009016844	1.00000144269432	3.80735502510725	7.06608920122415	6.08746286246644	7.08746285185839	4.58496256083345	5.04439416307648	1.00000144269432	3.80735502510725	7.06608920122415	6.08746286246644	7.08746285185839	4.58496256083345	5.04439416307648	4.2479275893749	4.95419635692542	6.56985562351721	6.10852447768679	9.6183855040941	9.36632221643172	10.2300204369069	10.1382718014523	9.96000193351657	10.5915223475057	10.4512111128628	10.3219280960145	10.226412193993	10.5362472166596	10.1836353827137	10.7557221544767	8.39660478546285	8.49585503088356	9.87805091426169	9.48179943368351	9.54496443472055	9.65642486506551	9.40726776636947	9.27379560154495	9.48381577927919	9.45943162068658	9.37068740898652	9.33091688035483	9.39231742492563
MC3R	1.00000144269432	1.00000144269432	1.00000144269432	1.00000144269432	1.00000144269432	1.00000144269432	1.00000144269432	1.00000144269432	1.00000144269432	1.00000144269432	1.00000144269432	1.00000144269432	1.00000144269432	1.00000144269432	1.00000144269432	1.00000144269432	1.00000144269432	1.00000144269432	1.00000144269432	1.00000144269432	1.00000144269432	1.00000144269432	1.00000144269432	1.00000144269432	1.00000144269432	1.00000144269432	1.00000144269432	1.00000144269432	1.00000144269432	1.00000144269432	1.00000144269432	1.00000144269432	1.00000144269432	1.00000144269432	1.00000144269432	1.00000144269432	1.00000144269432	1.00000144269432	1.00000144269432	1.00000144269432	1.00000144269432	1.00000144269432	1.00000144269432	1.00000144269432	1.00000144269432	1.00000144269432	1.00000144269432	1.00000144269432	1.00000144269432	1.00000144269432	1.00000144269432	1.00000144269432	1.00000144269432	1.00000144269432	1.00000144269432	1.00000144269432	1.00000144269432	1.00000144269432	1.00000144269432	1.00000144269432	1.00000144269432	1.00000144269432	1.44269431942324e-06	1.00000144269432	1.00000144269432	1.00000144269432	1.44269431942324e-06	1.44269431942324e-06	1.00000144269432	1.00000144269432	1.00000144269432	1.00000144269432	1.00000144269432	1.44269431942324e-06	1.00000144269432	1.00000144269432	1.00000144269432	1.00000144269432	1.00000144269432	1.00000072134734	1.00000144269432	1.00000144269432	1.00000144269432	1.00000144269432	1.00000144269432	1.00000144269432	1.44269431942324e-06	1.00000144269432	1.00000144269432	1.00000144269432	1.00000144269432	1.44269431942324e-06	1.00000144269432	1.00000144269432	1.00000144269432	1.00000144269432	1.00000144269432	1.00000144269432	1.00000144269432	1.00000072134734	1.00000144269432	1.00000072134734	1.00000144269432	1.00000072134734	1.00000144269432	1.44269431942324e-06	1.00000144269432	1.00000144269432	1.00000144269432	1.44269431942324e-06	1.00000144269432	1.44269431942324e-06	1.00000144269432	1.44269431942324e-06	1.00000144269432	1.00000144269432	1.44269431942324e-06	1.44269431942324e-06	1.00000144269432	1.00000144269432	1.00000144269432	1.00000144269432	1.00000144269432	1.00000144269432	1.00000144269432	1.00000144269432	1.44269431942324e-06	1.00000144269432	1.00000144269432	1.00000144269432	1.00000144269432	1.44269431942324e-06	1.00000144269432	1.00000144269432	1.00000144269432	1.00000144269432	1.00000144269432	1.00000144269432	1.00000144269432	1.00000144269432	1.00000072134734	1.00000144269432	1.00000144269432	1.00000144269432	1.00000144269432	1.00000144269432	1.00000144269432	1.00000144269432	0	0	0	0	0	0	0	0	0	0	0	0	0	0	0	0	0	1.00000144269432	1.00000144269432	1.00000144269432	1.00000144269432	1.00000144269432	1.00000144269432	1.00000144269432	1.00000144269432	1.00000144269432	1.00000144269432	1.00000144269432	1.00000144269432	1.00000144269432	1.00000144269432	1.00000144269432	1.00000144269432	1.00000144269432	1.00000144269432	1.00000072134734	1.00000144269432	1.00000144269432	1.00000144269432	1.44269431942324e-06	1.00000144269432	1.00000144269432	1.00000144269432	1.00000144269432	1.00000144269432	1.00000144269432
METTL3	11.0457596620651	8.6617781013342	8.34429591235488	9.24792751581644	9.24555270863245	8.1649069317025	8.4178525191043	8.96289600822843	9.36413465719727	8.5961897598723	8.64745843005266	8.86727874279895	8.93369065790253	8.75154406243642	8.90086681099894	8.76818432808586	8.70390357690437	9.03342300429068	9.07414146542912	9.28540222117426	9.01402047310545	9.29001884923724	9.31967212320473	9.05528243821302	8.94251450827155	9.05528243821302	9.08480839046126	9.12670447542404	9.13185696318044	8.68299458719189	8.91587938182272	8.94251450827155	9.30606169170748	9.23840474171365	9.36194377592779	9.20701432261864	8.87344411559149	9.15734693788945	9.01680829047168	9.02236781580287	9.06069593438923	8.68299458719189	9.02790599933367	9.07146236523821	9.23361967915621	9.11374216865333	8.16992500645167	9.22400167661064	9.08746284390235	8.99435343968767	9.36632221643172	8.96866679607484	9.134426322788	9.03066713900544	4.2479275893749	4.52356201878288	4.80735497358243	4.32192816702211	4.70043977362936	4.58496256083345	5.04439416307648	4.45943168421434	5.49185312838956	5.20945340462071	5.20945340462071	5.12928305816482	5.72792048178386	5.08746288368255	5.32192813095474	5.20945340462071	4.70043977362936	5.12928305816482	4.75488755559662	5.00000004508422	4.85798104487568	5.08746288368255	4.85798104487568	5.04439416307648	5.16992504151717	5.00000004508422	5.20945340462071	5.55458888237328	4.90689064369835	4.90689064369835	4.90689064369835	4.70043977362936	5.90689061965344	5.72792048178386	5.95419633365615	5.83289003947518	5.39231745712864	5.61470987355796	5.64385621862863	5.45943165142582	5.12928305816482	5.12928305816482	4.95419635692542	5.28540225585443	4.75488755559662	4.52356201878288	5.00000004508422	5.04439416307648	5.20945340462071	5.24792755140924	5.49185312838956	5.24792755140924	5.20945340462071	4.90689064369835	5.12928305816482	5.04439416307648	4.85798104487568	4.95419635692542	5.5849625307773	4.70043977362936	5.04439416307648	4.80735497358243	5.12928305816482	5.04439416307648	5.45943165142582	5.5849625307773	4.95419635692542	4.70043977362936	5.5849625307773	4.90689064369835	5.32192813095474	5.45943165142582	5.42626478825315	5.00000004508422	5.39231745712864	5.64385621862863	5.32192813095474	4.75488755559662	5.08746288368255	5.16992504151717	5.28540225585443	5.39231745712864	4.80735497358243	5.16992504151717	4.80735497358243	5.85798102000162	4.52356201878288	4.39231749147852	4.90689064369835	4.90689064369835	5.16992504151717	5.28540225585443	5.04439416307648	4.90689064369835	7.60733032114805	8.71080643714254	7.12928302724993	7.9772799292249	7.38370430111295	9.59618975800836	7.8265484936464	8.81698362645426	8.10852446200533	8.73470962361245	7.9772799292249	7.38370430111295	9.59618975800836	7.8265484936464	8.81698362645426	8.10852446200533	8.73470962361245	6.42626477147762	6.28540223735834	7.27612441458195	7.03342301255039	10.540128039551	10.4377520733638	10.3072008102795	10.8105716355444	10.253847486169	10.6591039643659	11.1059085092257	11.1318569612517	10.7838167601385	11.2076244688368	11.2106713443944	11.0848083884686	9.24792751581644	9.21431912322955	10.637530552431	10.0126245402617	10.0620461390701	9.77478706124809	9.99576715229082	10.1006623403191	9.98156728333001	9.85174904297742	10.0251395636631	9.65284497479415	9.96434086923656
MTNR1A	0	1.00000144269432	1.00000144269432	1.00000144269432	1.00000144269432	1.00000144269432	1.00000144269432	1.00000144269432	1.00000144269432	1.00000144269432	1.00000144269432	0	0	0	0	0	0	0	0	0	0	0	0	0	0	0	0	0	0	0	0	0	0	0	0	0	0	0	0	0	0	0	0	0	0	0	0	0	0	0	0	0	0	0	1.00000144269432	1.00000144269432	1.00000144269432	1.00000144269432	1.00000144269432	1.00000144269432	1.00000144269432	1.00000144269432	1.00000144269432	1.00000144269432	1.00000144269432	1.00000144269432	1.00000144269432	1.00000144269432	1.00000144269432	1.00000144269432	1.00000144269432	1.00000144269432	1.00000144269432	1.00000144269432	1.00000144269432	1.00000144269432	1.00000144269432	1.00000144269432	1.00000144269432	1.00000144269432	1.00000144269432	1.00000144269432	1.00000144269432	1.00000144269432	1.00000144269432	1.00000144269432	1.00000144269432	1.00000144269432	1.00000144269432	1.00000144269432	1.00000144269432	1.00000144269432	1.00000144269432	1.00000144269432	1.00000144269432	1.00000144269432	1.00000144269432	1.00000144269432	1.00000144269432	1.00000144269432	1.00000144269432	1.00000144269432	1.00000144269432	1.00000144269432	1.00000144269432	1.00000144269432	1.00000144269432	1.00000144269432	1.00000144269432	1.00000144269432	1.00000144269432	1.00000144269432	1.00000144269432	1.00000144269432	1.00000144269432	1.00000144269432	1.00000144269432	1.00000144269432	1.00000144269432	1.00000144269432	1.00000144269432	1.00000144269432	1.00000144269432	1.00000144269432	1.00000144269432	1.00000144269432	1.00000144269432	1.00000144269432	1.00000144269432	1.00000144269432	1.00000144269432	1.00000144269432	1.00000144269432	1.00000144269432	1.00000144269432	1.00000144269432	1.00000144269432	1.00000144269432	1.00000144269432	1.00000144269432	1.00000144269432	1.00000144269432	1.00000144269432	1.00000144269432	1.00000144269432	1.00000144269432	1.00000144269432	1.00000144269432	1.00000144269432	1.00000144269432	1.00000144269432	1.00000144269432	4.70043977362936	2.00000036067372	1.00000144269432	1.00000144269432	1.00000144269432	1.00000144269432	1.00000144269432	4.70043977362936	2.00000036067372	1.00000144269432	1.00000144269432	1.00000144269432	1.00000144269432	1.00000144269432	1.44269431942324e-06	1.00000144269432	1.00000144269432	1.00000144269432	1.44269431942324e-06	1.00000144269432	1.00000144269432	1.00000144269432	1.00000144269432	1.00000144269432	1.44269431942324e-06	1.00000144269432	1.58496298161942	1.00000072134734	1.00000144269432	1.00000144269432	1.00000144269432	2.00000036067372	1.00000144269432	1.00000144269432	1.00000144269432	1.00000144269432	1.00000144269432	1.00000144269432	1.00000144269432	1.00000144269432	1.00000144269432	1.00000144269432
MTNR1B	1.58496298161942	1.00000144269432	1.00000144269432	1.00000144269432	1.00000144269432	1.00000144269432	1.00000144269432	1.00000144269432	1.00000144269432	1.00000144269432	1.00000144269432	0	0	0	0	0	0	0	0	0	0	0	0	0	0	0	0	0	0	0	0	0	0	0	0	0	0	0	0	0	0	0	0	0	0	0	0	0	0	0	0	0	0	0	1.00000144269432	1.00000144269432	1.00000144269432	1.00000144269432	1.00000144269432	1.00000144269432	1.00000144269432	1.00000144269432	1.00000144269432	1.00000144269432	1.00000144269432	1.00000144269432	1.00000144269432	1.00000144269432	1.00000144269432	1.00000144269432	1.00000144269432	1.00000144269432	1.00000144269432	1.00000144269432	1.00000144269432	1.00000144269432	1.00000144269432	1.00000144269432	1.00000144269432	1.00000144269432	1.00000144269432	1.00000144269432	1.00000144269432	1.00000144269432	1.00000144269432	1.00000144269432	1.00000144269432	1.00000144269432	1.00000144269432	1.00000144269432	1.00000144269432	1.00000144269432	1.00000144269432	1.00000144269432	1.00000144269432	1.00000144269432	1.00000144269432	1.00000144269432	1.00000144269432	1.00000144269432	1.00000144269432	1.00000144269432	1.00000144269432	1.00000144269432	1.00000144269432	1.00000144269432	1.00000144269432	1.00000144269432	1.00000144269432	1.00000144269432	1.00000144269432	1.00000144269432	1.00000144269432	1.00000144269432	1.00000144269432	1.00000144269432	1.00000144269432	1.00000144269432	1.00000144269432	1.00000144269432	1.00000144269432	1.00000144269432	1.00000144269432	1.00000144269432	1.00000144269432	1.00000144269432	1.00000144269432	1.00000144269432	1.00000144269432	1.00000144269432	1.00000144269432	1.00000144269432	1.00000144269432	1.00000144269432	1.00000144269432	1.00000144269432	1.00000144269432	1.00000144269432	1.00000144269432	1.00000144269432	1.00000144269432	1.00000144269432	1.00000144269432	1.00000144269432	1.00000144269432	1.00000144269432	1.00000144269432	1.00000144269432	1.00000144269432	4.75488755559662	1.00000144269432	1.00000144269432	5.32192813095474	5.00000004508422	1.00000144269432	1.58496298161942	1.00000144269432	1.00000144269432	1.00000144269432	5.32192813095474	5.00000004508422	1.00000144269432	1.58496298161942	1.00000144269432	1.00000144269432	1.00000144269432	1.00000144269432	1.00000144269432	1.00000144269432	1.00000144269432	1.00000072134734	1.00000144269432	1.00000144269432	1.00000144269432	1.00000144269432	1.00000144269432	1.00000144269432	1.00000144269432	1.00000144269432	1.00000144269432	1.00000144269432	1.00000144269432	1.00000144269432	1.00000144269432	1.00000144269432	1.00000144269432	1.00000144269432	1.00000144269432	1.00000144269432	1.00000144269432	1.00000144269432	1.00000144269432	1.00000144269432	1.00000144269432
MTTP	2.00000036067372	1.00000072134734	1.00000144269432	1.00000144269432	1.44269431942324e-06	1.00000144269432	1.00000144269432	1.58496298161942	1.00000144269432	1.00000144269432	1.00000144269432	1.00000144269432	1.00000144269432	1.00000144269432	1.00000144269432	1.00000144269432	1.00000144269432	1.00000144269432	1.00000144269432	1.00000144269432	1.00000144269432	1.00000144269432	1.00000144269432	1.00000144269432	1.00000144269432	1.00000144269432	1.00000144269432	1.00000144269432	1.00000144269432	1.00000144269432	1.00000144269432	1.44269431942324e-06	1.00000144269432	1.00000144269432	1.00000144269432	1.00000144269432	1.00000144269432	1.00000144269432	1.00000144269432	1.44269431942324e-06	1.00000144269432	1.00000144269432	1.00000144269432	1.00000144269432	1.00000144269432	1.00000144269432	1.44269431942324e-06	1.00000144269432	1.00000144269432	1.00000144269432	1.00000144269432	1.44269431942324e-06	1.44269431942324e-06	1.00000144269432	1.00000144269432	1.00000144269432	1.00000144269432	1.00000144269432	1.00000144269432	1.00000144269432	1.00000144269432	1.44269431942324e-06	1.44269431942324e-06	1.44269431942324e-06	1.00000144269432	1.00000144269432	1.00000144269432	1.00000144269432	1.00000144269432	1.00000144269432	1.00000144269432	1.00000144269432	1.00000144269432	1.00000144269432	1.00000144269432	1.44269431942324e-06	1.00000144269432	1.00000144269432	1.00000144269432	1.00000144269432	1.44269431942324e-06	1.00000144269432	1.44269431942324e-06	1.00000144269432	1.00000144269432	1.00000144269432	1.00000144269432	1.00000144269432	1.00000144269432	1.00000144269432	1.00000144269432	1.44269431942324e-06	1.00000144269432	1.44269431942324e-06	1.00000144269432	1.00000144269432	1.00000144269432	1.00000144269432	1.00000144269432	1.44269431942324e-06	1.00000144269432	1.00000144269432	1.00000144269432	1.00000144269432	1.00000144269432	1.00000144269432	1.00000144269432	1.00000144269432	1.00000144269432	1.00000144269432	1.00000144269432	1.00000144269432	1.44269431942324e-06	1.00000144269432	1.00000144269432	1.00000144269432	1.00000144269432	1.00000144269432	1.00000144269432	1.00000144269432	1.00000144269432	1.00000144269432	1.44269431942324e-06	1.44269431942324e-06	1.44269431942324e-06	1.00000144269432	1.44269431942324e-06	1.44269431942324e-06	1.00000144269432	1.00000144269432	1.00000144269432	1.44269431942324e-06	1.00000144269432	1.00000144269432	1.00000144269432	1.44269431942324e-06	1.44269431942324e-06	1.00000144269432	1.00000144269432	1.00000144269432	1.44269431942324e-06	1.00000144269432	1.44269431942324e-06	1.00000144269432	1.00000144269432	1.44269431942324e-06	1.00000144269432	1.00000144269432	1.00000144269432	1.00000144269432	1.00000144269432	1.00000144269432	3.45943174979139	1.44269431942324e-06	1.00000144269432	1.00000144269432	1.00000144269432	1.00000144269432	1.00000144269432	3.45943174979139	1.44269431942324e-06	1.00000144269432	1.00000144269432	1.00000144269432	1.00000144269432	2.80735512815688	3.90689069178818	2.58496274117031	2.00000036067372	8.06608919584096	9.22158712368138	9.07414146542912	7.42626476308986	8.15987134182278	8.73809226299917	7.11894108310261	7.26678655006305	6.95419632202151	6.52356197173848	7.45943162683443	6.59991285706027	5.42626478825315	5.16992504151717	6.44294351243143	3.00000018033687	4.08746292611475	3.16992516174175	2.00000036067372	3.00000018033687	3.80735502510725	2.00000036067372	3.45943174979139	2.32192838342634	2.58496274117031
MYCBP2	14.1468073021543	11.0382331354178	10.4635243742929	12.1823943537149	12.0108777233566	10.092757142241	11.0035179128113	11.629356620535	12.48934624097	10.5038257389893	11.1667907513457	13.4607118522692	13.3467907218892	13.1858046152633	13.2187145812188	13.10082657106	12.994530227066	13.5039499317275	13.5374610947544	13.6918525459224	13.5353968924333	13.7962424483046	13.6682201989997	13.4733252420187	13.4963544886895	13.4229845591571	13.52343943951	13.615629637083	13.3828941690272	13.714567511981	13.6260512143484	13.7153185524386	14.049338071837	14.2297200933125	14.4012795366632	14.0278196258333	13.8703647196797	13.9626249325478	13.7169266094962	13.8137811913172	13.7948219734327	13.1440208694263	13.1589252039647	13.3353903548335	14.1149623418743	13.898034476086	13.6474584265674	14.1986752404564	13.4382720562548	13.3314768219996	13.6134441707871	13.1614468476755	13.5573440306096	13.0201118392618	9.00562455200068	8.98868468961212	9.00842862487193	8.91587938182272	9.07948478649353	9.00562455200068	9.134426322788	8.99435343968767	9.41151099013057	9.57742882992409	9.49785183894655	9.47573343299266	9.4676055521207	9.40939093825931	9.42206476827587	9.42206476827587	9.59432460579121	9.57742882992409	9.49785183894655	9.62205182128721	9.68650052893406	9.60547951991365	9.56605404007438	9.66711154384956	9.66355810599618	9.68999797316605	9.68650052893406	9.62021982734064	9.7960396104526	9.71767642477981	9.77313920836849	9.68650052893406	10.4019461250428	10.4283601737512	10.3728650612006	10.4367115431781	10.4356702619782	10.4532706350396	10.4367115431781	10.4178525159405	9.64385619157809	9.65821148453731	9.67595703470544	9.70735913380659	9.63481105198643	9.60177079026446	9.68650052893406	9.59432460579121	9.58683978983789	9.64925617931395	9.78135971516409	9.71767642477981	9.72451385482526	9.71938882265346	9.69696752797247	9.59991284404627	9.65105169297333	9.62021982734064	9.63117705752327	9.77478706124809	9.54496443472055	9.53527537856514	9.71252700215936	9.67419226991153	9.69870466850644	9.80089990153768	9.77478706124809	9.84392105285889	9.88874325042009	9.85486838481822	9.43879185465707	9.40939093825931	9.45738088112473	9.50183718689222	9.43462822972154	9.37721053255802	9.39660478332236	9.36194377592779	9.52160044168658	9.38801728749841	9.46556640684999	9.50382573998293	9.46352437531466	9.50779464218042	9.58496250259967	9.46352437531466	8.98299357754549	8.98299357754549	9.03342300429068	9.04712391484124	9.07146236523821	8.86108690909796	9.04984855217263	9.04984855217263	10.540128039551	12.3772105306597	9.50382573998293	8.06069593709091	8.61470984779555	12.6114859434715	11.2992080189598	12.0416591519794	10.7582232155597	10.3586512019917	8.06069593709091	8.61470984779555	12.6114859434715	11.2992080189598	12.0416591519794	10.7582232155597	10.3586512019917	8.184875347866	8.1649069317025	9.53527537856514	8.87958325267583	13.5563863042176	13.7684945040568	13.357139590143	13.4877144456969	12.913824390595	13.1342658693952	14.0516338003958	13.4416473903833	13.2517782571838	14.0195907284447	13.4649285805131	14.0037814101195	12.3303567172381	12.0188956214693	13.8886481314696	12.6008421146195	12.6359447990154	12.5279656413782	12.5442400066832	12.6889059308312	12.6254805506994	12.4307138860532	12.5569849578339	12.2255087205373	12.287712379838
NAMPT	16.1377716667066	9.12670447542404	8.3923174270725	11.1535520323414	10.9439799150761	8.01680829325681	9.34429591013535	9.50183718689222	11.6510516916275	8.95419631329554	7.96578429043287	1.00000144269432	1.00000144269432	1.00000144269432	1.00000072134734	1.00000144269432	1.00000144269432	1.44269431942324e-06	1.00000144269432	1.00000144269432	1.44269431942324e-06	1.00000144269432	1.00000144269432	1.00000144269432	1.00000144269432	1.00000144269432	1.00000144269432	1.00000144269432	1.00000144269432	1.00000144269432	1.00000072134734	1.00000144269432	1.00000144269432	1.44269431942324e-06	1.00000144269432	1.44269431942324e-06	1.00000144269432	1.00000144269432	1.00000144269432	1.00000144269432	1.00000144269432	1.00000144269432	1.00000144269432	1.00000144269432	1.00000144269432	1.00000072134734	1.00000144269432	1.44269431942324e-06	1.00000144269432	1.00000072134734	1.00000144269432	1.00000144269432	1.44269431942324e-06	1.00000144269432	7.53915881886446	7.66533592429205	7.85798100134609	7.85798100134609	7.83920379439692	7.73470962699905	7.73470962699905	7.6438561969882	7.91288934221625	7.90086681401713	8.03342300704392	8.03342300704392	8.0112272610151	7.94251451120385	7.85174904766149	7.90689060161975	8.15481811411419	8.184875347866	8.18982456382075	8.12412131700014	8.10328781365819	8.15481811411419	8.1497471245846	8.1749256874927	7.50779464812559	7.48381578532401	7.42626476308986	7.54689446760258	7.434628235976	7.65105169835652	7.63662462779337	7.52356196389775	8.19475685934612	8.16992500645167	8.1749256874927	8.18982456382075	8.24792751818929	8.27146303257329	8.23840474410222	8.18982456382075	7.68650053418659	7.68650053418659	7.77478706618882	7.75488750884261	7.65821148989385	7.65105169835652	7.55458885935155	7.87036472574877	8.0498485548947	7.84549005721696	7.78790256591946	7.93073734347557	7.96578429043287	7.89481776936969	8.01680829325681	7.93073734347557	7.60733032114805	7.65821148989385	7.83289002049235	7.66533592429205	7.67948010654298	7.68650053418659	7.65821148989385	7.83289002049235	7.56224243185438	7.66533592429205	7.48381578532401	7.48381578532401	7.50779464812559	7.48381578532401	8.4878400378417	8.73131903441964	8.55458885551459	8.57364719127992	8.59991284590541	8.45943162273586	8.66533592073861	8.65463603210786	8.27612440992809	8.29001885154187	8.25738784740734	8.37503943569239	8.2946207534862	8.23361968155271	8.20945337050292	8.34872815865652	7.83289002049235	7.87036472574877	7.96578429043287	7.91288934221625	7.94251451120385	7.90086681401713	7.93073734347557	7.91886324323614	6.68650054118997	7.55458885935155	5.85798102000162	1.00000144269432	5.52356198741995	8.22881869530487	7.75488750884261	8.33985000733739	7.32192810390421	6.98868469813197	1.00000144269432	5.52356198741995	8.22881869530487	7.75488750884261	8.33985000733739	7.32192810390421	6.98868469813197	5.55458888237328	5.83289003947518	5.75488752888004	6.16992502147974	11.2951949564547	11.0967151551473	11.776433032856	10.7747870604246	10.2877123807036	10.7903484975665	10.6393407095567	10.7431513949542	10.6838718694996	10.3072008102795	10.8368393605375	10.2980625688649	8.02790600209745	9.04439412209083	9.68650052893406	9.81858217907853	9.33315535254735	10.309476354978	9.34651373538176	9.67065625088862	9.89633240542379	9.73470962191914	9.46352437531466	10.5147140551246	9.72962074525233
NCOA2	11.4046093983699	9.15734693788945	8.87651694963456	11.10000522508	10.2360141930963	8.71424552110111	9.47978026604968	9.39660478332236	10.0154150537806	8.92777796504475	9.21916852288279	12.020285501192	11.9812104886285	11.8494051013387	11.960725995201	11.6812384122171	11.7883105041088	12.1173184263347	12.1513337196088	12.0330788064749	11.7891260468329	12.0934175647181	11.9318455405529	11.8993569233008	11.9270371690908	11.9210970884788	11.9436137019803	11.9563761576127	11.7899411287983	12.1491119910245	12.0687782783212	12.3592004854082	12.5087851623121	12.5252760981119	12.7161764060218	12.5186531559192	12.2720465246816	12.385862400911	12.2203783279976	12.1186166896759	12.1443395915665	11.6926155021304	11.8978454563836	11.7952279664346	12.4035446784683	12.2279167245022	11.8879821334391	12.5020859042346	11.8978454563836	11.5201275508161	12.1250905396262	11.7351328845631	11.8834069867702	11.6640027633311	6.55458886702546	6.68650054118997	6.8201789751824	6.87036473191413	6.90689060763098	6.96578429620365	6.71424553140608	6.74146699988428	7.13955136263067	7.21916853014468	7.01122726660694	6.8201789751824	7.20945337537689	6.94251451706847	6.91886324919769	7.14974712966451	6.78135972664007	6.88264306158807	7.04439413028796	6.79441587934736	6.83289002681996	7.07681560773746	6.71424553140608	6.94251451706847	6.68650054118997	6.33985002069568	6.45943163503156	6.67242535611556	6.67242535611556	6.49185311235962	6.64385620420168	6.40939095311058	7.57742883558913	7.49185310434465	7.58496250823519	7.52356196389775	7.6147098514759	7.51569984616762	7.49185310434465	7.59245704474318	7.28540222811029	6.96578429620365	7.25738785212203	7.28540222811029	7.16992501146103	7.25738785212203	7.17990909996456	7.20945337537689	7.23840474887935	7.33985001179015	7.27612441458195	7.63662462779337	7.29462075808077	7.44294350414008	7.357552013415	7.27612441458195	6.93073734938826	6.83289002681996	6.74146699988428	6.84549006348955	6.84549006348955	6.75488751552176	6.95419632202151	6.91886324919769	6.53915882662088	6.59991285706027	6.8579810075646	7.07681560773746	6.94251451706847	6.70043973201316	7.18982456876149	7.39231743136623	7.247927522935	7.25738785212203	7.11894108310261	7.09803209349115	7.32192810390421	7.20945337537689	7.26678655006305	7.247927522935	7.26678655006305	7.31288296435791	7.25738785212203	7.14974712966451	7.23840474887935	7.33985001179015	7.03342301255039	7.03342301255039	6.80735493493881	6.97727993494988	7.00000001127106	6.90689060763098	6.84549006348955	6.91886324919769	9.20701432261864	11.2064039145844	8.73470962361245	8.52356195997738	8.49984589106855	11.3370643392424	10.406205006482	10.8780509134951	10.0874628425763	9.66533591896189	8.52356195997738	8.49984589106855	11.3370643392424	10.406205006482	10.8780509134951	10.0874628425763	9.66533591896189	5.78135973975548	5.61470987355796	6.94251451706847	6.56985562351721	11.33762190255	11.2161395570316	11.2027360438623	11.5531492760786	11.0525680514834	11.2185632367957	12.1733648311614	11.7056323877934	11.4115109885417	11.9244413927104	11.6054795185247	12.0143692425839	10.1357092873868	9.40301202570601	11.731743291132	11.9248125039768	11.8145824663068	11.8653466452035	11.3134499415299	11.558420713747	11.7854524685672	11.8734441128999	11.6710987261909	11.9106427308444	10.9083926215244
NCOR1	13.9142916904249	11.9296282833944	11.7984718015066	12.6926155019125	12.2494097855654	11.8069523286134	12.0844762377861	11.7198166034458	12.1182922333515	11.9589151564537	11.9236988836664	12.7442031513431	12.6657800285515	12.5264992393811	12.5500252577064	12.4506957718306	12.3581017077156	12.8103708003846	12.6541884732834	13.080984034214	13.0061507283457	13.0704564161124	13.2079294456641	12.8511634134154	12.8795832498042	12.972441366743	12.9803181181361	12.9702856770768	12.8460779863685	12.7978641375363	12.6579882765012	12.8133803871252	13.0416591518083	13.0249664840469	13.2258099407741	13.0409745989885	12.7948219735342	13.0077281148074	12.8093662080171	12.8795832498042	12.9487322400021	12.7073591322966	12.7045521216784	12.4875888466372	13.092096415156	13.0676024190575	12.2911706996097	13.1814628814253	12.5961897563774	12.5260101073063	13.1895157299546	12.8456860561731	12.6575417599267	12.3952663501069	8.94251450827155	8.83920379124693	8.91288933922311	8.96578428754748	8.93073734051923	9.09539702543002	9.02790599933367	8.84235034655693	9.01122725821917	9.01122725821917	9.09803208559318	9.16490692918909	9.07414146542912	9.08480839046126	9.08480839046126	9.05799172546592	9.26912668148766	9.36850646369029	9.28540222117426	9.22641219519729	9.27844946054366	9.31288295755274	9.18487534538714	9.26912668148766	9.20945336806593	9.14210705985599	9.15228484484207	9.09803208559318	9.12670447542404	9.23122118311168	9.15481811158315	9.09539702543002	9.98868468819214	10.0606959330384	10.0593444621765	10.0251395636631	9.99152184749288	10.1369911133615	10.0953970241113	10.0701209458189	9.41151099013057	9.37503943351966	9.26444260257245	9.30833903241495	9.44294349792157	9.48381577927919	9.29462075118891	9.40301202570601	9.55842071518205	9.57553924872535	9.50977500630594	9.59432460579121	9.55458885359612	9.54882191038491	9.58120058380837	9.59991284404627	9.30833903241495	9.37503943351966	9.30378075045985	9.41996017995401	9.3487281564438	9.24079133454658	9.37937836923747	9.31967212320473	9.36413465719727	9.41574177040238	9.58308276938389	9.51372759792603	9.39874369407552	9.37068740898652	9.20457114669445	9.25266543481532	9.24079133454658	9.30378075045985	9.26912668148766	9.3353903569272	9.30378075045985	9.29920802067727	9.15734693788945	9.13955135495676	9.20212382627986	9.19721669556779	9.134426322788	9.14465824538081	9.19721669556779	9.16741814834077	8.82972273825682	8.75154406243642	8.70043972160911	8.89784545903003	8.95710204446509	8.82654849046866	8.79116289181167	8.84549005408067	10.8618623408344	12.5781367836507	10.4817994326746	10.8703647203541	9.22400167661064	12.1993656171647	10.9351650503405	11.8137811916178	10.8423503441996	11.3442959084707	10.8703647203541	9.22400167661064	12.1993656171647	10.9351650503405	11.8137811916178	10.8423503441996	11.3442959084707	10.5924570382025	10.3717766454268	11.1617617439344	11.0640690810594	14.5666486942881	14.8059453518533	14.4576373810559	14.3779560917916	13.924441392432	14.1753936089704	14.6765080795796	14.2974895012326	14.2232475604929	14.3932563718154	14.2700032534515	14.3812725557794	12.6147098443452	12.6483575822344	14.3836367996155	12.9858419371812	12.9143851323423	12.7427304767297	12.8970891285019	12.8851243672948	12.9327683927254	13.0031665068409	12.8597288928725	12.9108300814839	12.752380646762
NFIL3	12.6566483119708	12.1820839298212	11.7870863249599	11.8811139610576	12.4022126729812	12.0901124199952	12.0620461380579	11.1208858434356	12.2473341783255	12.2764152421835	10.8057438729576	10.9053870057703	10.5117526547555	11.1780423294875	10.8978454567616	10.3933904585166	9.91587938032925	8.89481776633882	8.93957921725297	10.6960981718255	10.1344263215045	9.74651432281797	9.4777582684673	9.57742882992409	9.48784003583238	9.40726776636947	9.96289600678285	8.40514146739208	8.4878400378417	8.56605404197767	8.74483384086247	9.42416629091809	9.0251395650476	8.12928302209745	8.23840474410222	8.63662462416851	8.22400167902317	9.63662462235608	9.89330153237759	9.28771238185776	9.13699111464274	10.338736383688	10.6247954567739	10.5343028834275	8.99435343968767	9.19967234728993	7.90086681401713	8.66888498781095	9.8579809966822	8.81378119442303	9.43879185465707	9.63662462235608	9.49984588907588	9.92777796356355	0	0	0	0	0	0	0	0	0	0	0	0	0	0	0	0	0	0	0	0	0	0	0	0	0	0	0	0	0	0	0	0	0	0	0	0	0	0	0	0	0	0	0	0	0	0	0	0	0	0	0	0	0	0	0	0	0	0	0	0	0	0	0	0	0	0	0	0	0	0	0	0	0	0	0	0	0	0	0	0	0	0	0	0	0	0	0	0	0	0	0	0	0	0	7.97154355969856	9.23840474171365	8.23840474410222	11.0993478110608	8.50382574197012	10.2609195348387	9.14720492748666	10.1241213131219	10.0443941207246	10.5166849502944	11.0993478110608	8.50382574197012	10.2609195348387	9.14720492748666	10.1241213131219	10.0443941207246	10.5166849502944	7.83920379439692	7.18982456876149	8.28540222348627	8.40514146739208	10.7108064345601	11.2124963858019	10.404077137306	10.808159773673	10.1774195392351	10.7313190318737	11.6891244053502	11.1510165395267	11.5444815227938	12.0801513099473	11.4351493388879	11.4506957720883	9.01680829047168	10.1267044741336	11.1241213124756	11.2051823268397	11.10000522508	10.6438561906764	10.6465587110545	10.535275377593	10.3476213696753	11.3858624011806	11.0613711933349	10.9556499082548	10.9744145905226
NGFR	4.08746292611475	1.00000072134734	1.44269431942324e-06	2.80735512815688	1.44269431942324e-06	2.32192838342634	1.00000072134734	2.00000036067372	1.00000144269432	1.00000144269432	1.44269431942324e-06	4.45943168421434	5.20945340462071	4.70043977362936	5.97727994639984	2.32192838342634	3.32192823915686	1.00000072134734	2.32192838342634	4.45943168421434	4.32192816702211	2.80735512815688	4.45943168421434	3.32192823915686	4.00000009016844	4.16992508159203	3.70043982911763	3.90689069178818	4.16992508159203	2.00000036067372	3.00000018033687	2.00000036067372	3.58496262094574	3.00000018033687	4.2479275893749	4.85798104487568	4.52356201878288	1.00000072134734	3.16992516174175	3.16992516174175	2.32192838342634	3.45943174979139	2.32192838342634	1.58496298161942	2.00000036067372	2.58496274117031	1.00000144269432	4.08746292611475	1.44269431942324e-06	1.00000144269432	3.90689069178818	4.45943168421434	1.58496298161942	2.00000036067372	1.00000144269432	1.00000144269432	1.00000144269432	1.00000144269432	1.00000144269432	1.00000144269432	1.00000144269432	1.00000144269432	1.00000144269432	1.00000144269432	1.00000144269432	1.00000144269432	1.00000144269432	1.00000144269432	1.00000144269432	1.00000144269432	1.00000144269432	1.00000144269432	1.00000144269432	1.00000144269432	1.00000144269432	1.00000144269432	1.00000144269432	1.00000144269432	1.00000144269432	1.00000144269432	1.00000144269432	1.00000144269432	1.00000144269432	1.00000144269432	1.00000144269432	1.00000144269432	1.00000144269432	1.00000144269432	1.00000144269432	1.00000144269432	1.44269431942324e-06	1.00000144269432	1.00000144269432	1.00000144269432	1.00000144269432	1.00000144269432	1.00000144269432	1.00000144269432	1.00000144269432	1.00000144269432	1.00000144269432	1.00000144269432	1.00000144269432	1.00000144269432	1.00000144269432	1.00000144269432	1.00000144269432	1.00000144269432	1.00000144269432	1.00000144269432	1.44269431942324e-06	1.00000144269432	1.44269431942324e-06	1.00000144269432	1.00000144269432	1.00000144269432	1.00000144269432	1.00000144269432	1.00000144269432	1.00000144269432	1.00000144269432	1.00000144269432	1.00000144269432	1.00000144269432	1.00000144269432	1.00000144269432	1.00000144269432	1.00000144269432	1.00000144269432	1.44269431942324e-06	1.00000144269432	1.00000144269432	1.00000144269432	1.00000144269432	1.00000144269432	1.00000144269432	1.00000144269432	1.00000144269432	1.00000144269432	1.00000144269432	1.00000144269432	1.00000144269432	1.00000144269432	1.00000144269432	1.00000144269432	1.44269431942324e-06	1.00000144269432	1.00000144269432	1.44269431942324e-06	6.52356197173848	4.52356201878288	1.00000144269432	5.04439416307648	5.32192813095474	4.80735497358243	3.90689069178818	5.90689061965344	3.90689069178818	1.00000144269432	5.04439416307648	5.32192813095474	4.80735497358243	3.90689069178818	5.90689061965344	3.90689069178818	1.58496298161942	1.00000072134734	1.00000144269432	1.58496298161942	7.97154355969856	7.83920379439692	6.10852447768679	6.93073734938826	5.52356198741995	5.16992504151717	6.71424553140608	4.80735497358243	6.88264306158807	6.30378076643907	6.58496251574923	6.68650054118997	8.95128471788151	7.22881870011385	9.21188829697888	6.8579810075646	7.96578429043287	6.83289002681996	7.40087944481884	7.48381578532401	6.94251451706847	6.59991285706027	7.78135972008237	6.75488751552176	7.18982456876149
NKX2-1	1.00000144269432	1.00000144269432	1.00000144269432	1.00000144269432	1.00000144269432	1.00000144269432	1.00000144269432	1.00000144269432	1.00000144269432	1.00000144269432	1.00000144269432	1.00000144269432	1.00000144269432	1.00000144269432	1.00000144269432	1.00000144269432	1.00000144269432	1.00000144269432	1.00000144269432	1.00000144269432	1.00000144269432	1.00000144269432	1.44269431942324e-06	1.00000144269432	1.00000144269432	1.00000144269432	1.00000144269432	1.00000144269432	1.00000144269432	1.00000144269432	1.00000144269432	1.00000144269432	1.00000144269432	1.00000144269432	1.00000144269432	1.00000144269432	1.00000144269432	1.00000144269432	1.00000144269432	1.00000144269432	1.00000144269432	1.00000144269432	1.00000144269432	1.00000144269432	1.00000144269432	1.00000144269432	1.00000144269432	1.00000144269432	1.00000144269432	1.00000144269432	1.00000144269432	1.00000144269432	1.00000144269432	1.00000144269432	1.00000144269432	1.00000144269432	1.00000144269432	1.00000144269432	1.00000144269432	1.00000144269432	1.00000144269432	1.00000144269432	1.00000144269432	1.00000144269432	1.00000144269432	1.00000144269432	1.00000144269432	1.00000144269432	1.00000144269432	1.00000144269432	1.00000144269432	1.00000144269432	1.00000144269432	1.00000144269432	1.00000144269432	1.00000144269432	1.00000144269432	1.00000144269432	1.00000144269432	1.00000144269432	1.00000144269432	1.00000144269432	1.00000144269432	1.00000144269432	1.00000144269432	1.00000144269432	1.00000144269432	1.00000144269432	1.00000144269432	1.00000144269432	1.00000144269432	1.00000144269432	1.00000144269432	1.00000144269432	1.00000144269432	1.00000144269432	1.00000144269432	1.00000144269432	1.00000144269432	1.00000144269432	1.00000144269432	1.00000144269432	1.00000144269432	1.00000144269432	1.00000144269432	1.00000144269432	1.00000144269432	1.00000144269432	1.00000144269432	1.00000144269432	1.00000144269432	1.00000144269432	1.00000144269432	1.00000144269432	1.00000144269432	1.00000144269432	1.00000144269432	1.00000144269432	1.00000144269432	1.00000144269432	1.00000144269432	1.00000144269432	1.00000144269432	1.00000144269432	1.00000144269432	1.00000144269432	1.00000144269432	1.00000144269432	1.00000144269432	1.00000144269432	1.00000144269432	1.00000144269432	1.00000144269432	1.00000144269432	1.00000144269432	1.00000144269432	1.00000144269432	1.00000144269432	1.00000144269432	1.00000144269432	1.00000144269432	1.00000144269432	1.00000144269432	1.00000144269432	1.00000144269432	1.00000144269432	1.00000144269432	1.00000144269432	1.00000144269432	1.00000144269432	1.00000144269432	1.00000144269432	1.00000144269432	1.00000144269432	1.00000144269432	1.00000144269432	4.52356201878288	1.00000144269432	1.00000144269432	1.00000144269432	1.00000144269432	1.00000144269432	1.00000144269432	4.52356201878288	1.00000144269432	1.44269431942324e-06	1.00000144269432	1.00000144269432	1.00000144269432	1.58496298161942	1.00000144269432	1.00000144269432	1.00000144269432	1.00000144269432	1.00000144269432	1.00000144269432	1.00000144269432	1.00000144269432	1.00000144269432	1.00000144269432	1.00000144269432	1.00000144269432	1.00000144269432	1.00000144269432	1.00000144269432	1.00000144269432	1.00000144269432	1.00000144269432	1.44269431942324e-06	1.00000144269432	1.00000144269432	1.00000144269432	1.00000144269432	1.00000144269432
NLGN1	1.44269431942324e-06	1.00000144269432	1.00000144269432	1.00000144269432	1.00000144269432	1.00000144269432	1.00000144269432	1.00000144269432	1.00000144269432	1.00000144269432	1.00000144269432	1.00000144269432	1.44269431942324e-06	1.44269431942324e-06	1.00000144269432	1.00000144269432	1.00000144269432	1.00000144269432	1.00000144269432	1.00000144269432	1.00000144269432	1.44269431942324e-06	1.00000144269432	1.44269431942324e-06	1.00000144269432	1.00000144269432	1.00000144269432	1.00000144269432	1.44269431942324e-06	1.44269431942324e-06	1.44269431942324e-06	1.44269431942324e-06	1.00000072134734	1.00000144269432	1.00000144269432	1.00000144269432	1.00000144269432	1.00000144269432	1.00000144269432	1.00000144269432	1.44269431942324e-06	1.00000144269432	1.00000144269432	1.00000144269432	1.00000144269432	1.00000144269432	1.00000144269432	1.00000144269432	1.44269431942324e-06	1.00000144269432	1.44269431942324e-06	1.00000144269432	1.00000144269432	1.00000144269432	1.00000144269432	1.00000144269432	1.00000144269432	1.00000144269432	1.00000144269432	1.00000144269432	1.00000144269432	1.00000144269432	1.00000144269432	1.00000144269432	1.00000144269432	1.00000144269432	1.00000144269432	1.00000144269432	1.00000144269432	1.00000144269432	1.00000144269432	1.00000144269432	1.00000144269432	1.00000144269432	1.00000144269432	1.00000144269432	1.00000144269432	1.00000144269432	1.00000144269432	1.00000144269432	1.00000144269432	1.00000144269432	1.00000144269432	1.00000144269432	1.00000144269432	1.00000144269432	1.00000144269432	1.00000144269432	1.00000144269432	1.00000144269432	1.00000144269432	1.00000144269432	1.00000144269432	1.00000144269432	1.00000144269432	1.00000144269432	1.00000144269432	1.00000144269432	1.00000144269432	1.00000144269432	1.00000144269432	1.00000144269432	1.00000144269432	1.00000144269432	1.00000144269432	1.00000144269432	1.00000144269432	1.00000144269432	1.00000144269432	1.00000144269432	1.00000144269432	1.00000144269432	1.00000144269432	1.00000144269432	1.00000144269432	1.00000144269432	1.00000144269432	1.00000144269432	1.00000144269432	1.00000144269432	1.00000144269432	1.00000144269432	1.00000144269432	1.00000144269432	1.00000144269432	1.00000144269432	1.00000144269432	1.00000144269432	1.00000144269432	1.00000144269432	1.00000144269432	1.00000144269432	1.00000144269432	1.00000144269432	1.00000144269432	1.00000144269432	1.00000144269432	1.00000144269432	1.00000144269432	1.00000144269432	1.00000144269432	1.00000144269432	1.00000144269432	1.00000144269432	1.00000144269432	1.00000144269432	1.00000144269432	1.00000144269432	1.00000144269432	1.00000144269432	1.00000144269432	1.00000144269432	1.00000144269432	1.00000144269432	1.00000144269432	1.00000144269432	1.00000144269432	1.00000144269432	1.00000144269432	1.00000144269432	1.00000144269432	1.00000144269432	1.00000144269432	1.00000144269432	1.00000144269432	1.44269431942324e-06	1.00000144269432	1.00000144269432	1.00000144269432	2.00000036067372	1.00000144269432	3.80735502510725	2.00000036067372	1.00000144269432	1.00000072134734	1.00000144269432	1.58496298161942	1.00000144269432	1.00000144269432	1.00000144269432	1.00000144269432	1.00000144269432	1.00000144269432	1.44269431942324e-06	1.00000144269432	1.00000144269432	1.00000144269432	1.00000144269432	1.00000144269432	1.00000144269432	1.00000144269432	1.00000144269432	1.00000144269432	1.00000144269432
NOCT	10.471675215408	4.39231749147852	4.16992508159203	3.90689069178818	3.45943174979139	3.32192823915686	4.00000009016844	3.80735502510725	3.58496262094574	4.45943168421434	3.32192823915686	8.0498485548947	7.81378119762902	7.74146699314271	7.74146699314271	7.93073734347557	7.79441587284873	8.0498485548947	8.31741261828742	8.33091688259504	8.12928302209745	8.33985000733739	8.2045711491397	8.2045711491397	7.77478706618882	8.21431912565832	8.19475685934612	7.90086681401713	7.60733032114805	8.4429434999944	8.2946207534862	8.43879185673588	8.43045255584726	8.51963625677426	8.58496250447817	8.51963625677426	8.35314682990999	8.17990909498974	8.00562455480748	7.81378119762902	8.04439412482321	7.76818433139479	8.11894107791306	8.2946207534862	8.4553272244148	8.43045255584726	7.80735492849821	8.51963625677426	8.10852446200533	7.82017896879879	7.67242534904353	7.52356196389775	7.88874325498558	7.55458885935155	6.62935663465229	6.58496251574923	6.42626477147762	6.84549006348955	6.24792753242642	6.3923174399537	6.76818433801266	6.62935663465229	6.96578429620365	7.08746285185839	7.04439413028796	7.06608920122415	7.08746285185839	7.16992501146103	7.22881870011385	7.06608920122415	7.34872816308197	7.17990909996456	7.30378075730808	7.28540222811029	7.20945337537689	7.33091688707546	7.25738785212203	7.16992501146103	6.79441587934736	6.55458886702546	6.56985562351721	6.79441587934736	6.70043973201316	6.61470985883659	6.72792046817353	6.68650054118997	7.47573343907143	7.34872816308197	7.29462075808077	7.47573343907143	7.6220518267797	7.26678655006305	7.4998458950539	7.15987134686717	7.29462075808077	7.44294350414008	7.26678655006305	7.21916853014468	7.25738785212203	7.27612441458195	7.10852446723248	7.34872816308197	7.53138146831466	7.6147098514759	7.57742883558913	7.73470962699905	7.56224243185438	7.6438561969882	7.50779464812559	7.50779464812559	6.50779465605249	6.8579810075646	6.70043973201316	6.83289002681996	6.76818433801266	6.8579810075646	6.72792046817353	6.8201789751824	6.74146699988428	6.59991285706027	6.18982457864296	6.45943163503156	6.53915882662088	6.56985562351721	7.93073734347557	7.9248125095428	7.91288934221625	7.90689060161975	7.90086681401713	7.84549005721696	7.91288934221625	7.74146699314271	7.57742883558913	7.67948010654298	7.6220518267797	7.56985561592408	7.6147098514759	7.4512111200763	7.45943162683443	7.73470962699905	7.12928302724993	7.31288296435791	7.11894108310261	7.15987134686717	7.27612441458195	7.18982456876149	7.08746285185839	7.06608920122415	6.04439414121747	6.75488751552176	5.72792048178386	5.93073736121362	5.42626478825315	6.30378076643907	4.80735497358243	5.32192813095474	5.04439416307648	5.16992504151717	5.93073736121362	5.42626478825315	6.30378076643907	4.80735497358243	5.32192813095474	5.04439416307648	5.16992504151717	5.85798102000162	5.5849625307773	7.16992501146103	6.76818433801266	10.7245138539726	10.0168082890791	11.6329951975972	10.2057932506187	9.93369065642738	11.0105281065858	10.4817994326746	10.7219536136556	11.2900188475088	11.0934175650482	10.7854524689759	10.8757493521879	6.18982457864296	6.30378076643907	8.4429434999944	6.93073734938826	7.40087944481884	6.79441587934736	6.8201789751824	6.88264306158807	6.68650054118997	6.90689060763098	7.77478706618882	7.04439413028796	7.36632222298942
NOS2	1.00000072134734	1.00000072134734	1.44269431942324e-06	1.44269431942324e-06	1.00000072134734	1.00000072134734	1.58496298161942	1.00000072134734	1.00000072134734	1.00000072134734	1.00000144269432	2.32192838342634	2.32192838342634	2.32192838342634	2.00000036067372	1.58496298161942	2.00000036067372	1.58496298161942	1.00000144269432	1.44269431942324e-06	1.44269431942324e-06	1.44269431942324e-06	1.00000144269432	1.44269431942324e-06	1.00000072134734	1.58496298161942	1.44269431942324e-06	1.44269431942324e-06	1.00000072134734	1.44269431942324e-06	1.00000072134734	1.44269431942324e-06	1.58496298161942	1.00000144269432	1.00000144269432	1.44269431942324e-06	1.44269431942324e-06	1.58496298161942	1.00000072134734	1.44269431942324e-06	1.58496298161942	2.80735512815688	1.44269431942324e-06	2.00000036067372	1.00000144269432	1.00000144269432	1.00000144269432	1.00000144269432	2.32192838342634	1.00000144269432	1.00000072134734	1.00000144269432	1.44269431942324e-06	1.00000072134734	1.44269431942324e-06	1.44269431942324e-06	1.00000144269432	1.00000144269432	1.00000144269432	1.00000144269432	1.00000072134734	1.00000144269432	1.00000144269432	1.44269431942324e-06	1.58496298161942	1.44269431942324e-06	1.44269431942324e-06	1.44269431942324e-06	1.00000144269432	1.00000072134734	1.00000144269432	1.00000144269432	1.00000144269432	1.00000144269432	1.00000144269432	1.00000144269432	1.00000144269432	1.00000144269432	1.00000144269432	1.00000144269432	1.00000144269432	1.44269431942324e-06	1.00000144269432	1.00000144269432	1.00000144269432	1.00000144269432	1.00000072134734	1.44269431942324e-06	1.00000144269432	1.44269431942324e-06	1.44269431942324e-06	1.00000144269432	1.44269431942324e-06	1.44269431942324e-06	1.00000144269432	1.00000144269432	1.00000144269432	1.00000144269432	1.00000144269432	1.00000144269432	1.00000144269432	1.00000144269432	2.00000036067372	1.00000144269432	1.00000144269432	1.00000144269432	1.44269431942324e-06	1.00000072134734	1.00000144269432	1.44269431942324e-06	1.00000144269432	1.00000144269432	1.00000144269432	1.00000144269432	1.00000144269432	1.00000144269432	1.00000144269432	1.00000144269432	1.00000144269432	1.00000144269432	1.00000144269432	1.00000144269432	1.00000144269432	1.00000144269432	2.00000036067372	2.32192838342634	3.00000018033687	2.32192838342634	1.58496298161942	3.00000018033687	2.32192838342634	2.00000036067372	2.32192838342634	1.58496298161942	1.00000144269432	1.58496298161942	1.58496298161942	1.58496298161942	2.58496274117031	1.58496298161942	1.00000072134734	1.00000144269432	1.00000072134734	1.58496298161942	1.58496298161942	1.44269431942324e-06	1.00000072134734	1.44269431942324e-06	1.00000144269432	1.00000144269432	1.00000144269432	1.00000144269432	4.52356201878288	1.00000072134734	1.00000144269432	1.00000144269432	5.00000004508422	1.00000144269432	1.00000144269432	4.52356201878288	1.00000072134734	1.00000144269432	1.00000144269432	5.00000004508422	1.00000144269432	2.00000036067372	1.00000072134734	1.00000072134734	1.58496298161942	6.28540223735834	5.12928305816482	6.35755202221193	5.12928305816482	4.08746292611475	5.04439416307648	6.06608921199053	5.64385621862863	5.64385621862863	3.16992516174175	3.32192823915686	2.32192838342634	1.58496298161942	2.00000036067372	1.44269431942324e-06	1.00000144269432	1.00000144269432	1.00000144269432	1.00000144269432	1.00000144269432	1.00000144269432	1.00000144269432	1.00000144269432	1.00000144269432	1.00000144269432
NPS	0	1.00000144269432	1.00000144269432	1.00000144269432	1.00000144269432	1.00000144269432	1.00000144269432	1.00000144269432	1.00000144269432	1.00000144269432	1.00000144269432	1.00000144269432	1.00000144269432	1.00000144269432	1.00000144269432	1.00000144269432	1.00000144269432	1.00000144269432	1.00000144269432	1.00000144269432	1.00000144269432	1.00000144269432	1.00000144269432	1.00000144269432	1.00000144269432	1.00000144269432	1.00000144269432	1.00000144269432	1.44269431942324e-06	1.00000144269432	1.00000144269432	1.00000144269432	1.00000144269432	1.00000144269432	1.00000144269432	1.00000144269432	1.00000144269432	1.00000144269432	1.00000144269432	1.00000144269432	1.00000144269432	1.00000144269432	1.00000144269432	1.00000144269432	1.00000144269432	1.00000144269432	1.00000144269432	1.00000144269432	1.00000144269432	1.00000144269432	1.00000144269432	1.00000144269432	1.00000144269432	1.00000144269432	1.00000144269432	1.00000144269432	1.00000144269432	1.00000144269432	1.00000144269432	1.00000144269432	1.00000144269432	1.00000144269432	1.00000144269432	1.00000144269432	1.00000144269432	1.00000144269432	1.00000144269432	1.00000144269432	1.00000144269432	1.00000144269432	1.00000144269432	1.00000144269432	1.00000144269432	1.00000144269432	1.00000144269432	1.00000144269432	1.00000144269432	1.00000144269432	1.00000144269432	1.00000144269432	1.00000144269432	1.00000144269432	1.00000144269432	1.00000144269432	1.00000144269432	1.00000144269432	1.00000144269432	1.00000144269432	1.00000144269432	1.00000144269432	1.00000144269432	1.00000144269432	1.00000144269432	1.00000144269432	1.00000144269432	1.00000144269432	1.00000144269432	1.00000144269432	1.00000144269432	1.00000144269432	1.00000144269432	1.00000144269432	1.00000144269432	1.00000144269432	1.00000144269432	1.00000144269432	1.00000144269432	1.00000144269432	1.00000144269432	1.00000144269432	1.00000144269432	1.00000144269432	1.00000144269432	1.00000144269432	1.00000144269432	1.00000144269432	1.00000144269432	1.00000144269432	1.00000144269432	1.00000144269432	1.00000144269432	1.00000144269432	1.00000144269432	1.00000144269432	1.00000144269432	1.00000144269432	1.00000144269432	1.00000144269432	1.00000144269432	1.00000144269432	1.00000144269432	1.00000144269432	1.00000144269432	1.00000144269432	1.00000144269432	1.00000144269432	1.00000144269432	1.00000144269432	1.00000144269432	1.00000144269432	1.00000144269432	1.00000144269432	1.00000144269432	1.00000144269432	1.00000144269432	1.00000144269432	1.00000144269432	1.00000144269432	1.00000144269432	1.00000144269432	1.00000144269432	1.00000144269432	1.00000144269432	1.00000144269432	1.00000144269432	1.00000144269432	1.00000144269432	1.00000144269432	1.00000144269432	1.00000144269432	1.00000144269432	1.00000144269432	1.00000144269432	1.00000144269432	1.00000144269432	1.00000144269432	1.00000144269432	1.00000144269432	1.00000144269432	1.00000144269432	1.00000144269432	1.00000144269432	1.00000144269432	1.00000144269432	1.00000144269432	1.00000144269432	1.00000144269432	1.00000144269432	1.00000144269432	1.00000144269432	1.00000144269432	1.00000144269432	1.00000144269432	1.00000144269432	1.00000144269432	1.00000144269432	1.00000144269432	1.00000144269432	1.00000144269432	1.00000144269432	1.00000144269432	1.00000144269432	1.00000144269432	1.00000144269432
NPSR1	0	0	0	0	0	0	0	0	0	0	0	0	0	0	0	0	0	0	0	0	0	0	0	0	0	0	0	0	0	0	0	0	0	0	0	0	0	0	0	0	0	0	0	0	0	0	0	0	0	0	0	0	0	0	0	0	0	0	0	0	0	0	0	0	0	0	0	0	0	0	0	0	0	0	0	0	0	0	0	0	0	0	0	0	0	0	0	0	0	0	0	0	0	0	0	0	0	0	0	0	0	0	0	0	0	0	0	0	0	0	0	0	0	0	0	0	0	0	0	0	0	0	0	0	0	0	0	0	0	0	0	0	0	0	0	0	0	0	0	0	0	0	0	0	0	0	0	0	0	0	0	0	0	0	0	0	0	0	0	0	0	0	0	0	0	0	0	0	0	0	0	0	0	0	0	0	0	0	0	0	0	0	0	0	0	0	0	0	0	0	0	0	0	0
NR1D2	9.65999589421328	5.49185312838956	5.70043974588523	7.19967235465062	6.1292830375549	4.64385624748253	5.85798102000162	6.10852447768679	6.2667865594312	4.39231749147852	6.22881870973181	9.83289001574664	10.0539258828883	9.84392105285889	9.7159619919706	9.92035285690393	9.63662462235608	9.97010589205056	9.78135971516409	10.1724275098957	9.85486838481822	10.0443941207246	9.84235034498537	9.43462822972154	9.25029842027529	9.55458885359612	9.48179943368351	9.64745842825379	9.18982456135038	9.75321675085068	9.54303182218915	9.97154355538772	10.1786648522512	10.2288186916981	10.2057932506187	9.83289001574664	9.81378119282003	10.1522848435743	9.73640193300961	9.91886323876498	10.0361736139275	9.07681559972249	9.5526690994353	9.52747700801527	9.6688849860386	9.51766939010202	8.98584193984889	9.60917873998922	9.76983784528201	9.46556640684999	9.59805250202314	9.05256805352109	9.68999797316605	9.33091688035483	6.08746286246644	6.33985002069568	6.10852447768679	6.04439414121747	6.24792753242642	6.00000002254211	5.93073736121362	6.1292830375549	6.3923174399537	6.78135972664007	6.68650054118997	6.40939095311058	6.58496251574923	6.33985002069568	6.53915882662088	6.52356197173848	6.16992502147974	6.20945338512483	5.93073736121362	6.35755202221193	6.42626477147762	6.24792753242642	6.45943163503156	6.35755202221193	6.40939095311058	6.33985002069568	5.90689061965344	6.06608921199053	6.61470985883659	6.24792753242642	6.16992502147974	6.37503944872879	6.88264306158807	6.93073734938826	6.62935663465229	6.91886324919769	7.00000001127106	6.67242535611556	6.97727993494988	6.88264306158807	6.30378076643907	6.2667865594312	6.40939095311058	6.52356197173848	6.71424553140608	6.37503944872879	6.2667865594312	6.22881870973181	6.56985562351721	6.64385620420168	6.53915882662088	6.40939095311058	6.45943163503156	6.52356197173848	6.47573344717645	6.56985562351721	6.18982457864296	6.2667865594312	6.06608921199053	6.18982457864296	6.40939095311058	5.67242537025963	6.50779465605249	6.32192811292105	5.97727994639984	6.28540223735834	6.20945338512483	6.16992502147974	6.08746286246644	6.08746286246644	6.58496251574923	6.42626477147762	6.78135972664007	6.93073734938826	6.62935663465229	6.58496251574923	6.79441587934736	6.8201789751824	6.68650054118997	6.84549006348955	6.52356197173848	6.44294351243143	6.87036473191413	6.72792046817353	6.64385620420168	6.76818433801266	6.59991285706027	6.45943163503156	6.56985562351721	6.28540223735834	6.22881870973181	6.49185311235962	6.47573344717645	6.47573344717645	8.17990909498974	9.35314682770404	7.67948010654298	8.13442632535507	7.95419631620419	10.4676055511018	9.49785183894655	10.0223678144157	8.03891899477783	9.60547951991365	8.13442632535507	7.95419631620419	10.4676055511018	9.49785183894655	10.0223678144157	8.03891899477783	9.60547951991365	5.8826430738143	5.72792048178386	6.55458886702546	5.97727994639984	10.5343028834275	11.127994321621	10.9277779628229	9.94544383784109	9.86263735910841	10.3286749284498	10.5924570382025	10.2431739846633	10.18611424078	9.93957921578383	9.36850646369029	9.72109919041654	8.28540222348627	8.43879185673588	9.89935692443379	10.8017083597247	10.5304063380745	10.7862696284654	10.8788172853804	10.7968507960781	10.9439799150761	10.843921052074	10.8344710507743	11.1208858434356	10.7372473438729
NR1H3	11.2306209337302	8.72792045796578	9.1873520756751	10.3174126148955	10.0251395636631	9.35974956251821	10.0901124209879	9.15228484484207	9.19967234728993	9.94836723304489	8.30378075274259	5.83289003947518	6.44294351243143	6.00000002254211	5.97727994639984	6.14974713982433	6.20945338512483	6.06608921199053	5.95419633365615	6.45943163503156	6.32192811292105	6.71424553140608	6.89481777543143	6.28540223735834	6.02236783522376	6.52356197173848	6.59991285706027	6.74146699988428	6.70043973201316	6.42626477147762	6.08746286246644	6.20945338512483	6.55458886702546	6.59991285706027	6.45943163503156	6.49185311235962	5.95419633365615	6.71424553140608	6.32192811292105	6.24792753242642	6.45943163503156	5.83289003947518	6.08746286246644	5.8826430738143	5.95419633365615	5.85798102000162	5.16992504151717	6.40939095311058	5.83289003947518	5.90689061965344	7.29462075808077	6.52356197173848	5.72792048178386	5.72792048178386	5.85798102000162	6.30378076643907	5.67242537025963	6.16992502147974	5.64385621862863	6.14974713982433	5.70043974588523	5.52356198741995	6.18982457864296	6.3923174399537	6.32192811292105	6.40939095311058	6.22881870973181	6.47573344717645	6.30378076643907	6.58496251574923	5.93073736121362	5.80735494782002	6.06608921199053	5.93073736121362	5.78135973975548	5.61470987355796	5.80735494782002	5.78135973975548	5.45943165142582	5.35755203980577	5.00000004508422	5.35755203980577	5.55458888237328	5.55458888237328	5.64385621862863	5.45943165142582	7.23840474887935	7.47573343907143	7.26678655006305	7.25738785212203	7.26678655006305	7.20945337537689	7.21916853014468	7.14974712966451	6.1292830375549	5.83289003947518	6.16992502147974	6.10852447768679	6.28540223735834	6.22881870973181	6.1292830375549	6.02236783522376	6.84549006348955	6.87036473191413	6.87036473191413	6.74146699988428	6.64385620420168	6.61470985883659	6.79441587934736	6.80735493493881	4.2479275893749	4.85798104487568	4.64385624748253	4.32192816702211	4.75488755559662	4.80735497358243	4.32192816702211	4.85798104487568	4.64385624748253	4.75488755559662	5.00000004508422	4.80735497358243	5.00000004508422	4.39231749147852	5.52356198741995	5.49185312838956	5.61470987355796	5.39231745712864	5.70043974588523	5.49185312838956	5.20945340462071	5.72792048178386	5.39231745712864	5.20945340462071	5.97727994639984	5.64385621862863	5.70043974588523	5.55458888237328	5.55458888237328	5.8826430738143	5.24792755140924	5.61470987355796	5.20945340462071	5.67242537025963	5.61470987355796	5.32192813095474	5.32192813095474	4.95419635692542	9.37721053255802	9.72792045626449	10.0848083891328	9.6724253437395	7.44294350414008	8.99435343968767	7.23840474887935	8.25738784740734	9.23122118311168	9.78299821055798	9.6724253437395	7.44294350414008	8.99435343968767	7.23840474887935	8.25738784740734	9.23122118311168	9.78299821055798	1.58496298161942	1.44269431942324e-06	3.00000018033687	3.32192823915686	9.56414949189154	10.5362472166596	10.3162815328777	11.2209828516862	11.2917462814094	13.0591754380841	9.39446269675399	10.7073591329437	10.7747870604246	8.58120058569179	8.88569637638949	9.20212382627986	4.80735497358243	5.12928305816482	6.3923174399537	8.03891899477783	8.4178525191043	7.95419631620419	8.27612440992809	8.42626475889598	8.21431912565832	6.89481777543143	7.74819285629967	6.59991285706027	7.33091688707546
NR3C1	11.7719020811103	7.53138146831466	7.29462075808077	8.56224242803773	7.85174904766149	7.4512111200763	7.74819285629967	7.30378075730808	8.35314682990999	7.67948010654298	7.59245704474318	11.6733090760034	11.7385145328515	11.4125698473344	11.4225904344181	11.3157156585882	11.2240016748012	11.7448338379199	11.6697708889683	11.5377037483929	11.2449583937456	11.8000909880296	11.314016704468	11.4522412409457	11.4928546206753	11.3387363831309	11.4670960344154	11.2562086891172	11.0881256928509	11.6156296374278	11.5156998387768	11.8450979613651	11.952377252332	11.985841937359	12.1510165392095	12.0751448444007	11.8726748806553	11.9065148452227	11.7821791942408	11.7607199478814	11.8189815398318	11.4737057501267	11.6908710097287	11.5357613784726	12.1006623393337	11.9329528925637	11.5468944603698	12.1114617401838	11.6733090760034	11.0586682510169	11.4288835525335	11.1503819694526	11.6402449366743	11.3641346555554	7.67242534904353	7.5999128496237	7.81378119762902	7.62935662736595	7.85174904766149	7.5999128496237	7.59245704474318	7.57742883558913	8.08214904667747	8.12928302209745	7.99435344251649	8.27146303257329	8.09275714620445	8.12412131700014	8.05528244092486	8.00000000563553	7.91886324323614	8.02236781857728	7.89481776936969	8.08214904667747	7.87036472574877	8.02236781857728	7.96578429043287	8.06069593709091	7.83920379439692	7.87036472574877	7.87036472574877	7.74146699314271	7.85798100134609	7.80735492849821	8.01680829325681	7.75488750884261	8.58871463932952	8.4178525191043	8.3837042967935	8.53915881498624	8.54689446374511	8.47167521845597	8.57742883181244	8.56605404197767	7.85798100134609	7.83920379439692	8.0498485548947	7.91886324323614	7.7142455245361	8.02236781857728	7.78790256591946	7.77478706618882	8.15481811411419	8.09803208822584	8.04439412482321	8.02236781857728	8.1649069317025	8.15987134182278	8.12928302209745	8.184875347866	7.80735492849821	7.94836723742555	7.89481776936969	7.87651695270413	8.06069593709091	7.88874325498558	7.82017896879879	7.94251451120385	7.95419631620419	8.05528244092486	7.99435344251649	7.91288934221625	8.06608919584096	7.87651695270413	8.07681560239415	8.1749256874927	8.23840474410222	8.22881869530487	8.21431912565832	8.09803208822584	8.22400167902317	8.19967234974349	8.42626475889598	8.41362793325495	8.26209485006951	8.27146303257329	8.45943162273586	8.19967234974349	8.2946207534862	8.33539035916047	7.74146699314271	7.6438561969882	7.85174904766149	7.93073734347557	7.67948010654298	7.56224243185438	7.70735913898373	7.48381578532401	7.15987134686717	8.33539035916047	4.2479275893749	1.00000144269432	4.45943168421434	8.86108690909796	8.95128471788151	9.59058705178623	5.24792755140924	6.04439414121747	1.00000144269432	4.45943168421434	8.86108690909796	8.95128471788151	9.59058705178623	5.24792755140924	6.04439414121747	4.90689064369835	5.00000004508422	6.87036473191413	6.33985002069568	10.8241632105399	10.9008668087353	10.6384359148956	10.8000909884341	10.3804610661713	10.4614794483093	11.227014194251	11.0035179128113	10.7507069870623	11.2854022194403	10.9915218467843	11.4625022731085	9.63481105198643	9.66711154384956	11.160501748186	12.020285501192	11.4167975281337	11.5877775167969	11.5430318207387	11.7232343013201	11.5284541112532	11.9947069956116	11.6662240032471	11.8423503438067	11.7431513945334
NRIP1	11.8749813480379	6.04439414121747	6.04439414121747	8.19475685934612	6.89481777543143	6.02236783522376	7.11894108310261	6.53915882662088	7.247927522935	5.93073736121362	6.74146699988428	10.1032878097236	10.1935253617332	9.92629599626384	9.93369065642738	9.98156728333001	9.99717948234926	10.092757142241	10.2227949040754	10.1836353827137	10.1045987548747	10.1636496772736	10.2131042208573	9.87651694809978	9.88722061699182	10.0251395636631	10.0389189906637	10.1189410740209	9.87958325114431	9.98584193842612	9.91139198934158	10.0525680521626	10.3140167050347	10.0140204717102	10.3208005500096	10.2737956003796	10.0154150537806	10.5245417160153	10.4908508777429	10.2360141930963	10.1072170768994	9.81217730711922	9.86108690754668	9.95564990898124	10.2106713450031	10.0687782793287	9.63117705752327	10.1344263215045	10.2467405996805	9.9439799158084	10.3987436930069	10.2118882957624	10.1935253617332	10.0808175289405	8.05528244092486	8.05528244092486	8.06069593709091	8.02790600209745	7.93073734347557	8.09803208822584	8.0498485548947	7.96000193786204	9.11374216865333	9.03066713900544	8.89784545903003	9.01122725821917	8.8826430524184	8.84235034655693	8.94544383930427	8.95710204446509	8.63662462416851	8.49984589106855	8.42626475889598	8.60733031744883	8.56605404197767	8.72792045796578	8.4429434999944	8.59991284590541	8.49185310033716	8.42206477037892	8.43879185673588	8.55458885551459	8.56224242803773	8.57364719127992	8.45943162273586	8.51569984222583	8.86727874279895	8.78463484882894	8.80413102441082	8.71767642649323	8.70735913553231	8.70735913553231	8.67242534550751	8.67242534550751	8.22400167902317	8.33091688259504	8.08214904667747	8.21916852530342	8.23840474410222	8.34872815865652	8.13442632535507	8.28077077476949	8.77148947280196	8.79116289181167	8.79766152909577	8.86418614775019	8.87036472266609	8.76818432808586	8.73131903441964	8.774787062895	8.3837042967935	8.51963625677426	8.36194377812033	8.40087944055051	8.33091688259504	8.4178525191043	8.27146303257329	8.46352437735814	8.2045711491397	8.19967234974349	8.31288295982113	8.24792751818929	8.2045711491397	8.34872815865652	8.86418614775019	8.93073734051923	8.81057163795428	8.95710204446509	8.84549005408067	8.87036472266609	8.95710204446509	8.79441586959942	9.0251395650476	9.08214904401567	8.97154355682467	9.03617361530148	8.90989308676941	9.03617361530148	8.99435343968767	8.99152184891007	8.25738784740734	8.26209485006951	8.31741261828742	8.45943162273586	8.33985000733739	8.35314682990999	8.37503943569239	8.13955135751473	6.04439414121747	6.67242535611556	4.58496256083345	1.00000144269432	5.12928305816482	7.30378075730808	7.09803209349115	7.36632222298942	5.61470987355796	2.00000036067372	1.00000144269432	5.12928305816482	7.30378075730808	7.09803209349115	7.36632222298942	5.61470987355796	2.00000036067372	5.97727994639984	5.78135973975548	6.68650054118997	6.2667865594312	10.935901683004	11.695663297223	10.4115109890713	10.9166259229576	10.3286749284498	10.7490313828785	11.5152070309016	10.8486229412117	11.114393055518	11.0077281153329	11.0133226741234	10.9225844034569	9.66533591896189	9.33315535254735	11.5401280390666	8.52747700997014	8.80413102441082	8.77807713282168	8.34872815865652	8.96289600822843	8.82654849046866	7.98299358039666	8.74146698977193	8.47167521845597	7.9248125095428
NTRK1	1.58496298161942	2.00000036067372	2.32192838342634	2.32192838342634	3.32192823915686	3.16992516174175	2.32192838342634	2.58496274117031	1.44269431942324e-06	2.32192838342634	4.16992508159203	2.32192838342634	1.00000072134734	1.44269431942324e-06	1.00000144269432	1.58496298161942	2.00000036067372	2.00000036067372	1.58496298161942	3.70043982911763	3.00000018033687	3.45943174979139	3.70043982911763	1.58496298161942	1.44269431942324e-06	1.44269431942324e-06	1.00000072134734	3.00000018033687	2.32192838342634	3.45943174979139	1.58496298161942	2.00000036067372	2.00000036067372	1.44269431942324e-06	1.00000144269432	1.58496298161942	1.58496298161942	2.00000036067372	3.58496262094574	1.00000144269432	1.58496298161942	3.00000018033687	2.58496274117031	1.58496298161942	1.44269431942324e-06	1.00000144269432	1.44269431942324e-06	1.44269431942324e-06	2.00000036067372	3.80735502510725	3.00000018033687	2.80735512815688	1.58496298161942	2.32192838342634	1.00000144269432	1.00000144269432	1.00000144269432	1.00000144269432	1.00000144269432	1.00000144269432	1.00000144269432	1.00000144269432	1.00000144269432	1.00000144269432	1.44269431942324e-06	1.00000144269432	1.44269431942324e-06	1.00000144269432	1.00000144269432	1.00000144269432	1.00000144269432	1.00000144269432	1.44269431942324e-06	1.00000144269432	1.00000144269432	1.00000144269432	1.00000144269432	1.00000144269432	1.44269431942324e-06	1.00000144269432	1.00000144269432	1.00000144269432	1.00000144269432	1.00000144269432	1.00000144269432	1.00000144269432	1.00000144269432	1.00000144269432	1.00000144269432	1.44269431942324e-06	1.44269431942324e-06	1.00000144269432	1.00000144269432	1.00000144269432	1.44269431942324e-06	1.00000144269432	1.00000144269432	1.00000144269432	1.00000144269432	1.00000144269432	1.00000144269432	1.00000144269432	1.00000144269432	1.00000144269432	1.00000144269432	1.00000144269432	1.00000144269432	1.00000144269432	1.00000144269432	1.00000144269432	1.00000144269432	1.00000144269432	1.00000144269432	1.00000144269432	1.44269431942324e-06	1.00000144269432	1.00000144269432	1.00000144269432	1.00000144269432	1.00000072134734	1.00000144269432	1.00000144269432	1.00000144269432	1.00000144269432	1.00000144269432	1.00000144269432	1.00000144269432	1.00000144269432	1.00000144269432	1.00000144269432	1.00000144269432	1.00000144269432	1.00000144269432	1.00000144269432	1.00000144269432	1.00000144269432	1.44269431942324e-06	1.44269431942324e-06	1.44269431942324e-06	1.44269431942324e-06	1.00000144269432	1.00000144269432	1.00000144269432	1.00000144269432	1.00000144269432	1.00000144269432	1.00000144269432	1.00000144269432	9.37721053255802	8.49185310033716	8.05528244092486	8.52356195997738	7.76818433139479	6.06608921199053	6.49185311235962	8.30378075274259	7.07681560773746	8.57364719127992	8.52356195997738	7.76818433139479	6.06608921199053	6.49185311235962	8.30378075274259	7.07681560773746	8.57364719127992	1.44269431942324e-06	1.00000144269432	1.00000144269432	1.00000144269432	1.58496298161942	1.44269431942324e-06	1.00000144269432	1.00000144269432	1.44269431942324e-06	1.00000144269432	1.44269431942324e-06	1.00000144269432	1.00000144269432	1.44269431942324e-06	1.00000072134734	1.00000072134734	1.00000144269432	1.00000144269432	1.00000144269432	1.58496298161942	2.00000036067372	2.32192838342634	1.00000072134734	2.00000036067372	1.00000072134734	1.00000072134734	1.44269431942324e-06	1.00000072134734	2.32192838342634
OPN3	7.94836723742555	0	0	0	0	0	0	0	0	0	0	1.44269431942324e-06	1.00000144269432	1.00000072134734	1.44269431942324e-06	1.58496298161942	1.00000144269432	1.00000144269432	1.00000144269432	1.44269431942324e-06	1.00000144269432	1.58496298161942	1.00000144269432	1.44269431942324e-06	1.44269431942324e-06	1.44269431942324e-06	1.00000144269432	1.58496298161942	1.00000072134734	1.00000144269432	1.58496298161942	1.00000072134734	1.58496298161942	1.00000144269432	1.58496298161942	1.00000072134734	1.44269431942324e-06	2.32192838342634	1.00000072134734	1.44269431942324e-06	1.00000072134734	1.00000072134734	1.00000144269432	1.00000072134734	1.58496298161942	1.00000144269432	2.00000036067372	1.00000072134734	2.00000036067372	2.32192838342634	2.32192838342634	1.44269431942324e-06	1.00000072134734	2.32192838342634	0	0	0	0	0	0	0	0	0	0	0	0	0	0	0	0	0	0	0	0	0	0	0	0	0	0	0	0	0	0	0	0	0	0	0	0	0	0	0	0	0	0	0	0	0	0	0	0	0	0	0	0	0	0	0	0	0	0	0	0	0	0	0	0	0	0	0	0	0	0	0	0	0	0	0	0	0	0	0	0	0	0	0	0	0	0	0	0	0	0	0	0	0	0	0	0	0	0	0	0	0	0	0	0	0	0	0	0	0	0	0	1.00000144269432	1.44269431942324e-06	1.00000144269432	1.00000144269432	2.80735512815688	1.00000072134734	2.00000036067372	2.58496274117031	1.44269431942324e-06	3.00000018033687	1.00000072134734	2.32192838342634	1.00000072134734	2.58496274117031	2.58496274117031	1.00000072134734	1.00000144269432	1.00000144269432	1.44269431942324e-06	1.44269431942324e-06	1.58496298161942	1.58496298161942	2.80735512815688	1.58496298161942	1.00000072134734	1.58496298161942	2.80735512815688	3.16992516174175	3.58496262094574
OPN4	1.44269431942324e-06	1.00000144269432	1.00000144269432	1.00000144269432	1.00000144269432	1.00000144269432	1.00000144269432	1.00000144269432	1.00000144269432	1.00000144269432	1.00000144269432	1.00000144269432	1.00000144269432	1.00000144269432	1.44269431942324e-06	1.00000144269432	1.00000144269432	1.00000144269432	1.00000144269432	1.00000144269432	1.00000144269432	1.00000144269432	1.00000144269432	1.00000144269432	1.00000144269432	1.00000144269432	1.00000144269432	1.00000144269432	1.00000144269432	1.00000144269432	1.00000144269432	1.00000144269432	1.00000144269432	1.00000144269432	1.00000144269432	1.00000144269432	1.00000144269432	1.00000144269432	1.00000144269432	1.00000144269432	1.00000144269432	1.00000144269432	1.00000144269432	1.00000144269432	1.00000144269432	1.00000144269432	1.00000144269432	1.00000144269432	1.00000144269432	1.00000144269432	1.00000144269432	1.00000144269432	1.00000144269432	1.00000144269432	1.00000144269432	1.00000144269432	1.00000144269432	1.00000144269432	1.00000144269432	1.00000144269432	1.00000144269432	1.00000144269432	1.00000144269432	1.00000144269432	1.00000144269432	1.00000144269432	1.00000144269432	1.00000144269432	1.00000144269432	1.00000144269432	1.00000144269432	1.00000144269432	1.00000144269432	1.00000144269432	1.00000144269432	1.00000144269432	1.00000144269432	1.00000144269432	1.00000144269432	1.00000144269432	1.00000144269432	1.00000144269432	1.00000144269432	1.00000144269432	1.00000144269432	1.00000144269432	1.00000144269432	1.00000144269432	1.00000144269432	1.00000144269432	1.00000144269432	1.00000144269432	1.00000144269432	1.00000144269432	1.00000144269432	1.00000144269432	1.00000144269432	1.00000144269432	1.00000144269432	1.00000144269432	1.00000144269432	1.00000144269432	1.00000144269432	1.00000144269432	1.00000144269432	1.00000144269432	1.00000144269432	1.00000144269432	1.00000144269432	1.00000144269432	1.00000144269432	1.00000144269432	1.00000144269432	1.00000144269432	1.00000144269432	1.00000144269432	1.00000144269432	1.00000144269432	1.00000144269432	1.00000144269432	1.00000144269432	1.00000144269432	1.00000144269432	1.00000144269432	1.00000144269432	1.00000144269432	1.00000144269432	1.00000144269432	1.00000144269432	1.00000144269432	1.00000144269432	1.00000144269432	1.00000144269432	1.00000144269432	1.00000144269432	1.00000144269432	1.00000144269432	1.00000144269432	1.00000144269432	1.00000144269432	1.00000144269432	1.00000144269432	1.00000144269432	1.00000144269432	1.00000144269432	1.00000144269432	1.00000144269432	1.00000144269432	1.00000144269432	1.00000144269432	1.00000144269432	6.98868469813197	3.16992516174175	1.00000072134734	1.58496298161942	1.00000144269432	3.58496262094574	1.00000144269432	6.98868469813197	3.16992516174175	1.00000072134734	1.58496298161942	1.00000144269432	3.58496262094574	1.00000144269432	1.00000144269432	1.44269431942324e-06	1.00000144269432	1.00000144269432	1.00000144269432	1.00000144269432	1.00000144269432	1.00000144269432	1.00000144269432	1.00000072134734	1.00000144269432	1.00000072134734	1.00000144269432	1.00000144269432	1.44269431942324e-06	1.00000144269432	1.00000144269432	1.00000144269432	1.44269431942324e-06	1.44269431942324e-06	6.75488751552176	1.00000144269432	5.39231745712864	2.58496274117031	6.58496251574923	1.58496298161942	6.87036473191413	2.58496274117031	5.64385621862863
OPN5	1.44269431942324e-06	1.00000144269432	1.00000144269432	1.00000144269432	1.00000144269432	1.00000144269432	1.00000144269432	1.00000144269432	1.00000144269432	1.00000144269432	1.00000144269432	1.00000144269432	1.00000144269432	1.00000144269432	1.00000144269432	1.00000144269432	1.00000144269432	1.00000144269432	1.00000144269432	1.00000144269432	1.00000144269432	1.00000144269432	1.00000144269432	1.00000144269432	1.00000144269432	1.00000144269432	1.00000144269432	1.00000144269432	1.00000144269432	1.00000144269432	1.00000144269432	1.00000144269432	1.00000144269432	1.00000144269432	1.00000144269432	1.00000144269432	1.00000144269432	1.00000144269432	1.00000144269432	1.00000144269432	1.00000144269432	1.00000144269432	1.00000144269432	1.00000144269432	1.00000144269432	1.00000144269432	1.00000144269432	1.00000144269432	1.00000144269432	1.00000144269432	1.00000144269432	1.00000144269432	1.00000144269432	1.00000144269432	1.00000144269432	1.00000144269432	1.00000144269432	1.00000144269432	1.00000144269432	1.00000144269432	1.00000144269432	1.00000144269432	1.00000144269432	1.00000144269432	1.00000144269432	1.00000144269432	1.00000144269432	1.00000144269432	1.00000144269432	1.00000144269432	1.00000144269432	1.00000144269432	1.00000144269432	1.00000144269432	1.00000144269432	1.00000144269432	1.00000144269432	1.00000144269432	1.00000144269432	1.00000144269432	1.00000144269432	1.00000144269432	1.00000144269432	1.00000144269432	1.00000144269432	1.00000144269432	1.00000144269432	1.00000144269432	1.00000144269432	1.00000144269432	1.00000144269432	1.00000144269432	1.00000144269432	1.00000144269432	1.00000144269432	1.00000144269432	1.00000144269432	1.00000144269432	1.00000144269432	1.00000144269432	1.00000144269432	1.00000144269432	1.00000144269432	1.00000144269432	1.00000144269432	1.00000144269432	1.00000144269432	1.00000144269432	1.00000144269432	1.00000144269432	1.00000144269432	1.00000144269432	1.00000144269432	1.00000144269432	1.00000144269432	1.00000144269432	1.00000144269432	1.00000144269432	1.00000144269432	1.00000144269432	1.00000144269432	1.00000144269432	1.00000144269432	1.00000144269432	1.00000144269432	1.00000144269432	1.00000144269432	1.00000144269432	1.00000144269432	1.00000144269432	1.00000144269432	1.00000144269432	1.00000144269432	1.00000144269432	1.00000144269432	1.00000144269432	1.00000144269432	1.00000144269432	1.00000144269432	1.00000144269432	1.00000144269432	1.00000144269432	1.00000144269432	1.00000144269432	1.00000144269432	1.00000144269432	1.00000144269432	1.00000144269432	1.00000144269432	1.00000144269432	1.00000144269432	1.00000144269432	1.00000144269432	1.00000144269432	1.00000144269432	1.00000144269432	1.00000144269432	1.00000144269432	1.00000144269432	1.00000144269432	1.00000144269432	1.00000144269432	1.00000144269432	1.00000144269432	1.00000144269432	1.00000072134734	1.58496298161942	1.00000144269432	1.00000144269432	1.44269431942324e-06	1.00000072134734	1.58496298161942	1.44269431942324e-06	1.00000144269432	1.00000072134734	1.00000144269432	1.00000144269432	1.44269431942324e-06	1.00000144269432	1.00000144269432	1.00000144269432	1.00000144269432	1.00000144269432	1.00000072134734	1.00000144269432	1.00000144269432	1.00000144269432	1.00000144269432	1.00000144269432	1.00000144269432	1.00000144269432	1.00000144269432	1.00000072134734	1.00000144269432
PAX4	1.00000144269432	1.00000144269432	1.00000144269432	1.00000144269432	1.00000144269432	1.00000144269432	1.00000144269432	1.00000144269432	1.00000144269432	1.00000144269432	1.00000144269432	1.00000144269432	1.00000144269432	1.44269431942324e-06	1.00000144269432	1.00000144269432	1.44269431942324e-06	1.00000144269432	1.00000144269432	1.00000144269432	1.00000144269432	1.00000144269432	1.00000144269432	1.00000144269432	1.00000144269432	1.00000144269432	1.00000144269432	1.00000144269432	1.00000144269432	1.00000144269432	1.44269431942324e-06	1.00000144269432	1.00000144269432	1.00000144269432	1.44269431942324e-06	1.00000144269432	1.44269431942324e-06	1.00000144269432	1.00000144269432	1.44269431942324e-06	1.00000144269432	1.00000144269432	1.00000144269432	1.00000144269432	1.00000144269432	1.00000144269432	1.00000144269432	1.00000144269432	1.00000144269432	1.00000144269432	1.00000144269432	1.00000144269432	1.00000144269432	1.00000144269432	1.00000144269432	1.00000144269432	1.00000144269432	1.00000144269432	1.00000144269432	1.00000144269432	1.00000144269432	1.00000144269432	1.00000144269432	1.00000144269432	1.00000144269432	1.00000144269432	1.00000144269432	1.00000144269432	1.00000144269432	1.00000144269432	1.00000144269432	1.00000144269432	1.00000144269432	1.00000144269432	1.00000144269432	1.00000144269432	1.00000144269432	1.00000144269432	1.00000144269432	1.00000144269432	1.00000144269432	1.00000144269432	1.00000144269432	1.00000144269432	1.00000144269432	1.00000144269432	1.00000144269432	1.00000144269432	1.00000144269432	1.00000144269432	1.00000144269432	1.00000144269432	1.00000144269432	1.00000144269432	1.00000144269432	1.00000144269432	1.00000144269432	1.00000144269432	1.00000144269432	1.00000144269432	1.00000144269432	1.00000144269432	1.00000144269432	1.00000144269432	1.00000144269432	1.00000144269432	1.00000144269432	1.00000144269432	1.00000144269432	1.00000144269432	1.00000144269432	1.00000144269432	1.00000144269432	1.00000144269432	1.00000144269432	1.00000144269432	1.00000144269432	1.00000144269432	1.00000144269432	1.00000144269432	1.00000144269432	1.00000144269432	1.00000144269432	1.00000144269432	1.00000144269432	1.00000144269432	1.00000144269432	1.00000144269432	1.00000144269432	1.00000144269432	1.00000144269432	1.00000144269432	1.00000144269432	1.00000144269432	1.00000144269432	1.00000144269432	1.00000144269432	1.00000144269432	1.00000144269432	1.00000144269432	1.00000144269432	1.00000144269432	1.00000144269432	1.00000144269432	1.00000144269432	1.00000144269432	1.00000144269432	1.00000144269432	1.00000144269432	3.70043982911763	1.58496298161942	1.00000144269432	4.32192816702211	2.58496274117031	1.00000144269432	2.32192838342634	4.00000009016844	3.16992516174175	1.00000144269432	4.32192816702211	2.58496274117031	1.00000144269432	2.32192838342634	4.00000009016844	3.16992516174175	0	0	0	0	0	0	0	0	0	0	0	0	0	0	0	0	0	0	0	1.00000144269432	1.00000144269432	1.00000144269432	1.00000144269432	1.00000144269432	1.00000144269432	1.00000144269432	1.00000144269432	1.00000144269432	1.44269431942324e-06
PHLPP1	10.5459297700505	6.20945338512483	6.49185311235962	7.50779464812559	6.87036473191413	6.37503944872879	7.09803209349115	6.14974713982433	6.10852447768679	6.49185311235962	6.14974713982433	8.55074678923043	8.52747700997014	8.24317398823432	8.29001885154187	8.39660478546285	8.54303182412305	8.4553272244148	8.56224242803773	8.65821148632282	8.3923174270725	8.49585503088356	8.62205182311804	8.37503943569239	8.3923174270725	8.37937837140368	8.56985561212751	9.32192809714157	9.28540222117426	8.81698362645426	8.73470962361245	8.75822321805858	9.00842862487193	8.24792751818929	8.63299520077695	8.68650053068491	8.54303182412305	9.32867492957164	9.21674586062	9.16490692918909	8.96578428754748	8.40939094038092	8.98299357754549	8.55458885551459	8.24317398823432	8.36632221861762	7.78790256591946	8.42626475889598	8.60733031744883	8.61470984779555	9.69348695924171	9.52943055609838	8.46760555415841	8.84862294355883	3.90689069178818	3.80735502510725	4.08746292611475	4.2479275893749	4.16992508159203	4.32192816702211	3.80735502510725	3.70043982911763	4.75488755559662	4.52356201878288	5.00000004508422	4.90689064369835	4.58496256083345	4.58496256083345	4.85798104487568	5.04439416307648	4.85798104487568	5.24792755140924	4.75488755559662	4.85798104487568	4.75488755559662	4.64385624748253	5.04439416307648	4.75488755559662	5.16992504151717	4.45943168421434	4.52356201878288	4.2479275893749	4.2479275893749	3.90689069178818	4.64385624748253	3.90689069178818	5.12928305816482	5.04439416307648	5.16992504151717	5.20945340462071	5.35755203980577	5.08746288368255	5.24792755140924	5.24792755140924	4.70043977362936	4.58496256083345	4.39231749147852	4.75488755559662	4.80735497358243	4.32192816702211	4.85798104487568	5.16992504151717	5.35755203980577	5.28540225585443	5.16992504151717	5.45943165142582	5.24792755140924	5.04439416307648	5.04439416307648	5.28540225585443	4.16992508159203	4.58496256083345	5.04439416307648	5.04439416307648	4.95419635692542	4.45943168421434	4.64385624748253	4.2479275893749	4.32192816702211	4.08746292611475	4.39231749147852	4.90689064369835	4.64385624748253	4.16992508159203	5.16992504151717	4.58496256083345	4.64385624748253	5.20945340462071	4.16992508159203	4.45943168421434	4.85798104487568	4.64385624748253	5.20945340462071	4.95419635692542	5.04439416307648	4.39231749147852	5.04439416307648	4.45943168421434	5.08746288368255	4.64385624748253	4.70043977362936	4.80735497358243	4.90689064369835	5.04439416307648	4.70043977362936	5.24792755140924	4.75488755559662	4.64385624748253	7.74146699314271	8.51175265771997	7.23840474887935	7.73470962699905	6.56985562351721	7.5999128496237	5.61470987355796	6.83289002681996	5.78135973975548	7.05528244634852	7.73470962699905	6.56985562351721	7.5999128496237	5.61470987355796	6.83289002681996	5.78135973975548	7.05528244634852	4.52356201878288	3.80735502510725	5.20945340462071	5.12928305816482	9.49385545124179	9.82495874211915	8.92184094004912	9.21188829697888	8.87958325267583	9.05256805352109	10.3923174238522	8.57742883181244	9.04984855217263	9.94690627591809	8.85486838637621	9.28540222117426	8.33539035916047	6.45943163503156	9.22158712368138	8.33091688259504	8.40087944055051	8.40087944055051	8.10328781365819	8.43879185673588	7.93663794489112	8.3923174270725	8.35755200901654	8.38801728965169	7.75488750884261
PML	12.001760028679	10.3060616905679	9.79441586797476	12.9543780903258	13.3074854487318	10.5313814614911	10.5593770914827	10.5362472166596	12.972082308742	10.2455527074441	10.0754791508251	10.5859014506294	10.4125698478637	10.327552645204	10.4252159043486	10.2526654336328	10.1241213131219	10.2252074381488	10.1098306555844	10.6987046676384	10.7287708503928	10.7193888217978	10.9772799242155	10.5764843477416	10.5255208100738	10.871905238429	10.7279204554138	11.1554507319446	10.882643050126	10.1059085098803	9.90237511599354	10.0874628425763	10.4998458880795	10.6741922690286	10.6420516938308	10.5147140551246	10.4231159111979	10.861086906771	10.519636253826	10.5565060556299	10.6794801003851	9.43045255375639	9.68999797316605	9.57364718938662	10.1959872992584	10.0347989639526	8.49585503088356	10.1484765834494	10.0512089422745	10.1006623403191	11.3072008097101	10.9038818464892	10.1421070585793	9.88264305089012	7.6438561969882	7.60733032114805	7.67948010654298	7.52356196389775	7.83920379439692	7.60733032114805	7.68650053418659	7.76155123909284	7.7210991955446	7.62935662736595	7.66533592429205	7.69348696446887	7.66533592429205	7.63662462779337	7.70735913898373	7.77478706618882	8.23840474410222	8.1749256874927	8.17990909498974	8.16992500645167	8.2526654371804	8.2045711491397	8.09803208822584	8.28077077476949	7.28540222811029	7.20945337537689	7.58496250823519	7.357552013415	7.40939094462414	7.25738785212203	7.30378075730808	7.53915881886446	8.44708323034345	8.4553272244148	8.49585503088356	8.47167521845597	8.53527538050947	8.45943162273586	8.62205182311804	8.51175265771997	8.07681560239415	8.09803208822584	8.0714623679198	8.10852446200533	8.13442632535507	8.1649069317025	8.01680829325681	8.09275714620445	8.07681560239415	8.13955135751473	8.23361968155271	8.26678654537898	8.23361968155271	8.184875347866	8.34872815865652	8.0498485548947	7.96000193786204	7.82017896879879	7.89481776936969	8.24792751818929	8.08214904667747	7.91886324323614	8.02790600209745	7.96578429043287	7.70043972507713	7.68650053418659	7.6220518267797	7.5999128496237	7.73470962699905	7.79441587284873	7.65105169835652	7.62935662736595	7.70043972507713	7.50779464812559	7.65105169835652	7.56985561592408	7.56224243185438	7.53138146831466	7.57742883558913	7.44294350414008	7.51569984616762	7.50779464812559	7.51569984616762	7.53915881886446	7.45943162683443	7.40087944481884	7.4512111200763	7.6147098514759	7.54689446760258	7.65105169835652	7.52356196389775	7.40939094462414	7.27612441458195	7.5999128496237	11.900866808358	14.5572243495143	12.1344263205418	11.370687407352	10.9076418044165	11.4304525521882	10.0334230029141	10.6777196425218	11.6425030292318	11.3264294876841	11.370687407352	10.9076418044165	11.4304525521882	10.0334230029141	10.6777196425218	11.6425030292318	11.3264294876841	2.58496274117031	2.58496274117031	4.32192816702211	3.70043982911763	6.50779465605249	3.70043982911763	5.97727994639984	7.37503944003786	6.45943163503156	6.67242535611556	7.58496250823519	6.97727993494988	6.47573344717645	7.52356196389775	7.23840474887935	7.247927522935	5.45943165142582	6.02236783522376	7.6438561969882	12.2494097855654	13.1638068924366	13.0716299523208	12.4860808029034	12.5786085609736	12.9342437297229	12.3734089605006	12.9925843441828	13.0311842623132	12.1938333328545
PPARA	5.16992504151717	2.00000036067372	2.32192838342634	3.32192823915686	3.00000018033687	2.00000036067372	1.58496298161942	2.32192838342634	1.58496298161942	2.00000036067372	3.58496262094574	3.80735502510725	3.90689069178818	3.90689069178818	3.00000018033687	4.16992508159203	3.32192823915686	3.16992516174175	3.45943174979139	4.75488755559662	4.39231749147852	4.64385624748253	4.70043977362936	3.80735502510725	4.45943168421434	4.2479275893749	4.00000009016844	4.64385624748253	4.00000009016844	5.45943165142582	4.90689064369835	5.32192813095474	5.28540225585443	4.08746292611475	4.58496256083345	4.58496256083345	4.70043977362936	4.58496256083345	3.90689069178818	3.00000018033687	4.45943168421434	3.70043982911763	3.32192823915686	4.00000009016844	3.70043982911763	3.80735502510725	1.58496298161942	3.32192823915686	4.52356201878288	3.58496262094574	4.00000009016844	4.16992508159203	3.90689069178818	3.58496262094574	4.32192816702211	4.80735497358243	3.90689069178818	4.08746292611475	4.52356201878288	4.90689064369835	4.90689064369835	4.00000009016844	5.35755203980577	4.70043977362936	5.08746288368255	4.95419635692542	4.85798104487568	5.39231745712864	5.20945340462071	4.90689064369835	5.28540225585443	4.95419635692542	5.55458888237328	5.35755203980577	5.35755203980577	5.5849625307773	5.24792755140924	5.67242537025963	4.75488755559662	4.70043977362936	4.2479275893749	5.04439416307648	4.90689064369835	5.00000004508422	4.85798104487568	4.45943168421434	5.75488752888004	5.72792048178386	5.24792755140924	5.67242537025963	5.61470987355796	5.90689061965344	6.04439414121747	5.55458888237328	5.20945340462071	5.78135973975548	5.20945340462071	5.39231745712864	5.16992504151717	5.49185312838956	5.55458888237328	5.49185312838956	5.64385621862863	5.67242537025963	5.42626478825315	5.83289003947518	5.45943165142582	5.39231745712864	5.49185312838956	5.83289003947518	4.08746292611475	4.52356201878288	4.64385624748253	4.70043977362936	4.90689064369835	4.85798104487568	4.2479275893749	5.24792755140924	4.00000009016844	4.2479275893749	4.70043977362936	4.64385624748253	4.39231749147852	4.39231749147852	4.95419635692542	5.00000004508422	4.75488755559662	5.32192813095474	5.08746288368255	5.24792755140924	5.42626478825315	5.24792755140924	5.24792755140924	5.32192813095474	5.32192813095474	5.35755203980577	5.67242537025963	5.42626478825315	5.16992504151717	5.08746288368255	4.90689064369835	4.45943168421434	4.32192816702211	5.32192813095474	4.52356201878288	4.95419635692542	4.39231749147852	4.95419635692542	2.58496274117031	2.58496274117031	3.90689069178818	1.00000144269432	5.39231745712864	4.95419635692542	3.45943174979139	4.80735497358243	1.00000144269432	3.70043982911763	1.00000144269432	5.39231745712864	4.95419635692542	3.45943174979139	4.80735497358243	1.00000144269432	3.70043982911763	1.00000072134734	1.00000072134734	3.80735502510725	1.00000072134734	8.00000000563553	7.74146699314271	8.01680829325681	7.56224243185438	7.29462075808077	8.21916852530342	8.70735913553231	7.98868469245207	7.7142455245361	8.29001885154187	7.28540222811029	8.52356195997738	6.78135972664007	5.75488752888004	7.78790256591946	7.07681560773746	6.83289002681996	7.16992501146103	6.97727993494988	7.07681560773746	7.19967235465062	6.71424553140608	6.91886324919769	6.84549006348955	6.33985002069568
PPARGC1A	1.00000072134734	1.00000144269432	1.44269431942324e-06	1.00000144269432	1.00000144269432	1.00000144269432	1.00000144269432	1.00000144269432	1.00000144269432	1.00000144269432	1.00000144269432	2.32192838342634	2.32192838342634	1.00000144269432	1.44269431942324e-06	1.00000072134734	2.58496274117031	1.00000072134734	3.00000018033687	2.80735512815688	1.58496298161942	2.58496274117031	2.58496274117031	1.44269431942324e-06	3.00000018033687	1.44269431942324e-06	1.44269431942324e-06	2.58496274117031	2.80735512815688	3.00000018033687	3.32192823915686	3.32192823915686	2.00000036067372	3.45943174979139	2.32192838342634	2.32192838342634	2.00000036067372	2.32192838342634	2.32192838342634	2.00000036067372	2.00000036067372	3.16992516174175	3.70043982911763	2.32192838342634	1.58496298161942	2.58496274117031	2.32192838342634	3.32192823915686	2.58496274117031	1.44269431942324e-06	2.58496274117031	3.58496262094574	2.32192838342634	1.00000072134734	1.00000144269432	1.00000144269432	1.00000144269432	1.00000144269432	1.00000144269432	1.00000144269432	1.00000144269432	1.00000144269432	1.00000144269432	1.00000144269432	1.00000144269432	1.00000144269432	1.00000144269432	1.00000144269432	1.00000144269432	1.00000144269432	1.00000144269432	1.00000144269432	1.00000144269432	1.00000144269432	1.00000144269432	1.00000144269432	1.00000144269432	1.00000144269432	1.00000144269432	1.00000144269432	1.00000144269432	1.00000144269432	1.00000144269432	1.00000144269432	1.00000144269432	1.00000144269432	1.00000144269432	1.00000144269432	1.00000144269432	1.00000144269432	1.00000144269432	1.00000144269432	1.00000144269432	1.00000144269432	1.00000144269432	1.00000144269432	1.00000144269432	1.00000144269432	1.00000144269432	1.00000144269432	1.00000144269432	1.00000144269432	1.00000144269432	1.00000144269432	1.00000144269432	1.00000144269432	1.00000144269432	1.00000144269432	1.00000144269432	1.00000144269432	1.00000144269432	1.00000144269432	1.00000144269432	1.00000144269432	1.00000144269432	1.00000144269432	1.00000144269432	1.00000144269432	1.00000144269432	1.00000144269432	1.00000144269432	1.00000144269432	1.00000144269432	1.00000144269432	1.00000144269432	1.00000144269432	1.00000144269432	1.00000144269432	1.00000144269432	1.00000144269432	1.00000144269432	1.00000144269432	1.00000144269432	1.00000144269432	1.00000144269432	1.00000144269432	1.00000144269432	1.00000144269432	1.00000144269432	1.00000144269432	1.00000144269432	1.00000144269432	1.00000144269432	1.00000144269432	1.00000144269432	1.00000144269432	1.00000144269432	1.44269431942324e-06	1.00000144269432	1.00000144269432	1.00000144269432	1.00000144269432	2.80735512815688	1.00000144269432	1.00000144269432	1.00000144269432	1.00000144269432	2.00000036067372	1.00000144269432	2.80735512815688	1.00000144269432	1.00000144269432	1.00000144269432	1.00000144269432	2.00000036067372	1.00000072134734	1.58496298161942	3.58496262094574	1.44269431942324e-06	6.61470985883659	7.56985561592408	6.94251451706847	4.95419635692542	7.22881870011385	8.73809226299917	4.95419635692542	6.3923174399537	6.91886324919769	5.55458888237328	4.58496256083345	6.32192811292105	4.52356201878288	4.64385624748253	6.32192811292105	1.00000144269432	1.44269431942324e-06	1.58496298161942	1.44269431942324e-06	1.00000144269432	1.58496298161942	1.44269431942324e-06	1.44269431942324e-06	1.00000072134734	1.00000144269432
PPP1CB	12.1780423291762	10.2726297861427	10.419960178901	11.1357092867456	10.6582114836446	9.68650052893406	10.4532706350396	11.133784409822	12.0748104614949	10.3230547614679	10.9046346224207	12.7774608128753	12.7696312575908	12.5875431416062	12.6075614965854	12.5767205253164	12.6755160443033	12.7650788598239	12.7571816330251	12.7652860989309	12.4194335509687	12.9674064044919	12.3869402455937	12.4724370003052	12.6436307512872	12.3828941691623	12.5938579390916	12.4665863379741	12.2008986053449	13.0337671150184	12.9470889752081	13.0958914634857	13.236911111594	13.1239597107539	13.2339192087367	13.0677704576159	12.9609069539467	13.319954310828	13.1809969197351	13.1090144196023	13.1506992889032	13.051718757348	13.259154769014	13.1165064179105	13.3022105066916	13.1882797521187	12.9534689624107	13.425347051564	13.1543434604017	12.6882503093518	12.5415806602332	12.4162697447871	13.1689854411353	12.8747892830062	10.3253054562142	10.338736383688	10.3106127827955	10.3652288503453	10.3320365494809	10.4030120246405	10.3026389249298	10.3608470852768	10.6969675271034	10.7313190318737	10.7313190318737	10.6546360294229	10.7582232155597	10.6908710101651	10.7073591329437	10.7279204554138	10.6952282923659	10.6357181212378	10.6393407095567	10.6644472854369	10.6777196425218	10.6599958933216	10.6591039643659	10.6635581051067	10.5755392477799	10.5488219094218	10.5989829719663	10.570804438673	10.5430318212222	10.5584207142254	10.5449644337549	10.5980525010924	11.2264121933909	11.2161395570316	11.1836353820935	11.2556187504297	11.2008986056513	11.2726297855595	11.2342186788373	11.1892068352149	10.0498485508116	10.1674181470863	10.1910592157658	10.0014081958003	10.108524458085	10.0821490426848	10.091435387646	10.0953970241113	10.5999128431167	10.6275338853847	10.5924570382025	10.5821419825999	10.5999128431167	10.5821419825999	10.6183855031764	10.5830827684434	10.6653359180735	10.519636253826	10.5449644337549	10.5915223475057	10.5933911237255	10.5381889330226	10.5641494909386	10.6165488446979	10.7082217309007	10.6838718694996	10.7846348463754	10.6591039643659	10.7082217309007	10.6697708894112	10.9158793795825	10.9563761579757	10.9023751152398	10.9031286775657	10.9373738209278	10.9196082393481	10.9151324496978	10.8948177640657	10.8618623408344	10.8742129355995	10.935901683004	10.8041310219902	10.8525295101845	10.8772841342902	10.8917837039776	10.9083926215244	10.4387918536177	10.5038257389893	10.5018371858973	10.4625022736197	10.5517082625818	10.4625022736197	10.5264992401147	10.4878400348277	9.02790599933367	9.46964181927435	8.25738784740734	1.00000144269432	6.04439414121747	10.3739526564574	10.0443941207246	10.5107641689067	7.31288296435791	8.56985561212751	1.00000144269432	6.04439414121747	10.3739526564574	10.0443941207246	10.5107641689067	7.31288296435791	8.56985561212751	7.77478706618882	7.98299358039666	9.26912668148766	9.15734693788945	12.6895612545039	13.0234078433135	12.470913026529	12.4199601781112	12.3440184401588	12.5240519189628	12.631631806145	12.56391124482	12.5952574816822	12.8915938626235	12.9952371706257	12.7681843249837	10.6247954567739	11.446566409583	12.0758133777956	11.0265234432114	10.7805397682921	10.8454900517284	11.0437108640306	10.9686667939151	10.9262959955225	11.0887882393793	11.0821490420193	11.165535142006	11.2106713443944
PPP1CC	13.0924268159454	9.7004397198751	10.0443941207246	10.4273128451827	10.0251395636631	9.23361967915621	10.0209799402928	10.6165488446979	11.2819300275348	9.90839262227499	9.78790256102344	11.9621730314713	11.8109732204037	11.7677706491904	11.8544788345612	11.7532167495969	11.8293263362381	11.8237652801876	11.8137811916178	12.1392315710392	11.8921633102415	12.2273151002064	11.8525295097943	11.9292584090069	11.9947069956116	11.9527412475504	12.1049263041353	12.0213270329714	11.7389366820982	12.0296323283892	11.8149829368272	12.0024634392442	12.2790301367399	12.3020676728122	12.4262647549642	12.2458497713208	12.0717975226193	12.4452735558993	12.321082518292	12.2464437174142	12.3578268824856	12.3459595966812	12.5795516530423	12.5681936540876	12.6411485976371	12.522826700171	12.2723381844503	12.8225708311493	12.6413744245203	12.4035446784683	12.1127652822111	11.8769005914239	12.6606644776841	12.2997804031447	9.59432460579121	9.6882503108819	9.55650605658786	9.57742882992409	9.57553924872535	9.70217268709747	9.67419226991153	9.6688849860386	9.7960396104526	9.77807713117852	9.82336724163861	9.72962074525233	9.87805091426169	9.89026427854134	9.85486838481822	9.82017896401109	9.67595703470544	9.79766152747477	9.6847486221746	9.78790256102344	9.7004397198751	9.70908381427399	9.70217268709747	9.70390357517451	10.0168082890791	10.0223678144157	9.93369065642738	9.97297978750181	10.043027284962	10.0887882400417	9.99717948234926	10.0457596627476	10.4387918536177	10.5137275969392	10.3890935229803	10.3608470852768	10.3901689572752	10.4522412414606	10.4115109890713	10.4136279300819	9.44086916968669	9.41362793113956	9.46556640684999	9.52943055609838	9.55650605658786	9.39874369407552	9.46147944933253	9.44086916968669	9.74483383918101	9.69696752797247	9.69522829323603	9.66177809955309	9.70390357517451	9.72792045626449	9.65463603031791	9.76652891025523	9.7960396104526	9.85486838481822	9.72451385482526	9.78299821055798	9.86108690754668	9.93810932768988	9.7960396104526	9.86418614620224	10.0953970241113	9.97871046053618	9.98584193842612	9.97010589205056	9.9218409385618	10.0606959330384	9.97727992493116	9.90689059711133	9.92332748690498	9.97010589205056	9.9829935761199	9.94251450680539	9.89178370473694	9.92035285690393	9.86418614620224	9.83289001574664	9.80089990153768	9.81698362485482	9.9218409385618	9.82336724163861	9.80413102279707	9.85174904297742	9.56985561022923	9.56605404007438	9.47370575164852	9.40514146526421	9.46964181927435	9.43671154421902	9.55842071518205	9.53332973425279	9.14720492748666	10.2384047405194	8.2526654371804	7.54689446760258	7.54689446760258	10.9686667939151	10.4008794373493	10.9314762346255	8.26678654537898	9.80896417652762	7.54689446760258	7.54689446760258	10.9686667939151	10.4008794373493	10.9314762346255	8.26678654537898	9.80896417652762	7.9772799292249	8.20945337050292	9.91288933772653	9.68123841353505	12.4519837774877	12.0292872273134	12.1003338194551	12.9598208597618	12.7336509170505	12.5929241558612	13.3431857155867	13.5506265559071	13.3449893447614	13.2595961626355	13.9327683926332	13.2625353406731	11.663558104662	12.6282176804513	13.2226439856026	12.1481587732557	11.7936033096858	11.9292584090069	11.7540523679466	12.1341054007228	12.0617087049981	12.0457596617239	12.1143930551927	11.9657842850228	12.2051823265342
PRKCG	2.32192838342634	1.00000144269432	1.58496298161942	1.44269431942324e-06	1.58496298161942	2.58496274117031	2.32192838342634	2.80735512815688	1.00000144269432	1.44269431942324e-06	1.58496298161942	4.95419635692542	4.90689064369835	5.45943165142582	5.00000004508422	4.64385624748253	4.2479275893749	4.75488755559662	4.52356201878288	5.04439416307648	4.39231749147852	4.90689064369835	5.49185312838956	4.80735497358243	4.00000009016844	4.52356201878288	4.90689064369835	4.64385624748253	4.52356201878288	4.95419635692542	4.52356201878288	4.64385624748253	5.04439416307648	4.64385624748253	3.32192823915686	3.90689069178818	3.58496262094574	4.64385624748253	4.70043977362936	4.64385624748253	4.32192816702211	4.39231749147852	4.85798104487568	4.64385624748253	4.70043977362936	4.52356201878288	2.32192838342634	4.90689064369835	3.90689069178818	4.39231749147852	4.85798104487568	4.64385624748253	4.2479275893749	4.32192816702211	1.00000144269432	1.44269431942324e-06	1.44269431942324e-06	1.00000144269432	1.00000144269432	1.00000144269432	1.00000144269432	1.00000144269432	1.44269431942324e-06	1.44269431942324e-06	1.00000144269432	1.44269431942324e-06	1.00000072134734	1.44269431942324e-06	1.44269431942324e-06	1.00000072134734	1.00000144269432	1.00000144269432	1.00000144269432	1.44269431942324e-06	1.00000144269432	1.44269431942324e-06	1.00000144269432	1.00000144269432	1.00000144269432	1.00000144269432	1.00000144269432	1.00000144269432	1.00000144269432	1.00000144269432	1.44269431942324e-06	1.00000144269432	1.44269431942324e-06	1.00000072134734	1.00000144269432	1.00000072134734	2.00000036067372	1.44269431942324e-06	1.44269431942324e-06	1.00000144269432	1.00000144269432	1.44269431942324e-06	1.44269431942324e-06	1.00000144269432	1.00000144269432	1.00000144269432	1.00000144269432	1.00000144269432	1.00000144269432	1.00000144269432	1.00000144269432	1.00000144269432	1.00000144269432	1.00000144269432	1.00000144269432	1.00000144269432	1.00000144269432	1.00000144269432	1.00000144269432	1.44269431942324e-06	1.00000144269432	1.44269431942324e-06	1.00000144269432	1.00000144269432	1.00000144269432	1.44269431942324e-06	1.44269431942324e-06	1.00000144269432	1.00000144269432	1.00000144269432	1.00000144269432	1.00000144269432	1.00000072134734	1.00000144269432	1.00000144269432	1.00000072134734	1.00000144269432	1.44269431942324e-06	1.44269431942324e-06	1.00000144269432	1.44269431942324e-06	1.44269431942324e-06	1.00000144269432	1.44269431942324e-06	1.00000144269432	1.00000144269432	1.00000144269432	1.00000144269432	1.00000144269432	1.00000144269432	1.00000144269432	1.44269431942324e-06	1.00000144269432	1.44269431942324e-06	4.52356201878288	4.64385624748253	4.45943168421434	1.00000144269432	3.70043982911763	3.90689069178818	2.32192838342634	1.00000144269432	6.04439414121747	3.80735502510725	1.00000144269432	3.70043982911763	3.90689069178818	2.32192838342634	1.00000144269432	6.04439414121747	3.80735502510725	0	0	0	0	0	0	0	0	0	0	0	0	0	0	0	0	0	0	0	6.40939095311058	6.2667865594312	6.62935663465229	6.67242535611556	6.18982457864296	6.3923174399537	6.78135972664007	7.07681560773746	6.56985562351721	7.06608920122415
PRKDC	6.47573344717645	10.3695973473691	9.86573327239805	11.025831669024	10.6183855031764	10.0014081958003	10.1799090912586	9.98013957906757	10.3890935229803	10.1072170768994	10.2526654336328	12.4540421977272	12.3440184401588	12.2306209334301	12.1331422127218	12.1273495413816	12.2134080411621	12.5166849495558	12.5741204352463	12.7010898250338	12.4956052314406	12.8670856468099	12.5837879547373	12.3780238511965	12.3657756355996	12.2067091496639	12.4619909508413	12.4812949048834	12.3205185249147	12.8466656820956	12.7153185525459	12.854868383455	13.1055811814411	13.1432237562833	13.3530089468151	13.0022876185769	12.8261512149989	13.0739741648341	12.9177450136297	12.9434305605668	12.9821023071351	12.2529610366893	12.5545888519174	12.553869243436	12.9375577320394	12.706280159065	12.4499224161216	13.0028150157828	12.7238742190772	12.6020028637695	12.5220910691323	12.2764152421835	12.813981551815	12.3145832445574	5.64385621862863	5.83289003947518	5.93073736121362	5.42626478825315	5.95419633365615	5.97727994639984	5.70043974588523	5.24792755140924	5.85798102000162	5.95419633365615	5.64385621862863	5.42626478825315	5.49185312838956	5.72792048178386	5.61470987355796	5.5849625307773	5.85798102000162	5.61470987355796	5.72792048178386	5.8826430738143	5.75488752888004	5.55458888237328	5.49185312838956	5.80735494782002	5.55458888237328	5.75488752888004	5.83289003947518	5.12928305816482	5.93073736121362	5.70043974588523	5.78135973975548	5.85798102000162	7.01122726660694	6.97727993494988	6.94251451706847	7.05528244634852	7.06608920122415	6.83289002681996	7.09803209349115	6.96578429620365	5.8826430738143	6.02236783522376	5.75488752888004	5.95419633365615	5.70043974588523	5.90689061965344	6.22881870973181	5.90689061965344	6.04439414121747	6.02236783522376	6.08746286246644	5.72792048178386	5.83289003947518	5.80735494782002	6.00000002254211	6.08746286246644	5.5849625307773	5.28540225585443	5.24792755140924	5.00000004508422	5.24792755140924	5.55458888237328	5.61470987355796	5.24792755140924	6.2667865594312	6.24792753242642	6.18982457864296	6.40939095311058	6.45943163503156	6.06608921199053	5.24792755140924	5.12928305816482	5.42626478825315	5.45943165142582	5.32192813095474	5.16992504151717	5.24792755140924	5.32192813095474	5.95419633365615	6.06608921199053	5.85798102000162	5.80735494782002	6.02236783522376	5.90689061965344	5.67242537025963	5.93073736121362	5.5849625307773	5.35755203980577	5.45943165142582	5.39231745712864	5.80735494782002	5.49185312838956	5.42626478825315	5.64385621862863	9.17492568499669	10.6284455410486	8.95710204446509	6.67242535611556	7.74146699314271	10.1848753441477	8.54303182412305	9.10590851118948	8.26678654537898	9.05799172546592	6.67242535611556	7.74146699314271	10.1848753441477	8.54303182412305	9.10590851118948	8.26678654537898	9.05799172546592	6.18982457864296	5.93073736121362	7.91288934221625	6.74146699988428	11.3880172858835	10.7813597143444	11.5220910693776	11.9679467061728	11.4527560295472	11.7702509278079	12.6519486109476	12.1143930551927	11.6425030292318	12.2749604724317	12.0559602347911	12.6370776573701	10.6978363588309	10.7515440599259	12.1966021268305	9.94544383784109	10.0887882400417	10.0484868753547	9.98726401349391	10.2830883541819	10.2443638363099	9.61470984595538	10.2900188480849	9.89330153237759	9.83447105156439
PRMT5	12.2057932497026	8.42206477037892	8.79116289181167	9.46147944933253	8.99152184891007	8.34429591235488	8.79116289181167	8.96866679607484	9.03617361530148	8.71424552110111	8.63299520077695	10.9722618494514	10.8447057651964	10.7557221544767	10.7648715915652	10.7116669744246	10.8454900517284	11.1873520738191	11.2051823268397	11.1774195386122	11.0854724598452	11.5063075815963	11.4681148868873	11.1195896213895	11.0209799395985	11.2888660747424	11.2407913327581	11.3723209554115	11.2819300275348	11.2526654330415	11.167418146459	11.2685420008849	11.5555477721264	11.7486121771562	11.8494051013387	11.5750664650515	11.4933551219953	11.4517262685896	11.3213644326032	11.4115109885417	11.4563544156217	10.6257088439776	11.1208858434356	11.072802535214	11.4893462412209	11.3492812293704	10.7952279668406	11.5821419821293	11.3755825130335	11.2027360438623	11.4933551219953	11.2021238244428	11.3663222147923	11.0354864519795	5.39231745712864	5.72792048178386	5.97727994639984	5.97727994639984	6.16992502147974	6.02236783522376	6.00000002254211	5.95419633365615	5.90689061965344	6.1292830375549	6.04439414121747	6.14974713982433	6.1292830375549	6.20945338512483	6.18982457864296	6.00000002254211	5.83289003947518	6.04439414121747	6.06608921199053	6.08746286246644	6.04439414121747	5.42626478825315	5.5849625307773	5.97727994639984	6.28540223735834	5.85798102000162	5.90689061965344	5.64385621862863	6.40939095311058	6.16992502147974	5.97727994639984	6.18982457864296	6.91886324919769	6.97727993494988	6.88264306158807	7.03342301255039	6.83289002681996	6.49185311235962	6.8579810075646	6.96578429620365	5.67242537025963	5.70043974588523	5.90689061965344	5.95419633365615	5.97727994639984	5.75488752888004	5.61470987355796	5.75488752888004	5.93073736121362	5.95419633365615	5.83289003947518	6.14974713982433	6.2667865594312	6.28540223735834	6.20945338512483	6.14974713982433	5.70043974588523	6.06608921199053	5.93073736121362	6.06608921199053	5.85798102000162	5.97727994639984	6.08746286246644	5.80735494782002	6.58496251574923	6.62935663465229	6.53915882662088	6.44294351243143	6.70043973201316	6.40939095311058	6.22881870973181	6.06608921199053	6.00000002254211	5.97727994639984	5.97727994639984	6.00000002254211	5.52356198741995	6.08746286246644	6.08746286246644	5.72792048178386	6.04439414121747	6.1292830375549	6.14974713982433	6.04439414121747	5.83289003947518	6.04439414121747	5.64385621862863	5.64385621862863	5.67242537025963	5.78135973975548	5.70043974588523	6.00000002254211	5.75488752888004	5.39231745712864	9.46352437531466	10.233619677958	9.33985000511101	9.73470962191914	8.53527538050947	9.29462075118891	7.9772799292249	8.86108690909796	8.28077077476949	9.19967234728993	9.73470962191914	8.53527538050947	9.29462075118891	7.9772799292249	8.86108690909796	8.28077077476949	9.19967234728993	6.35755202221193	6.64385620420168	8.29001885154187	7.52356196389775	10.7573900102001	11.0292872276585	10.7780771303569	11.0230612504286	10.6456584333093	11.2372099613527	11.6266216528146	11.4267888951196	11.551227604079	11.6429542239315	11.7473538298977	11.4568677388936	9.45738088112473	9.82336724163861	10.954196311114	8.50382574197012	8.77148947280196	8.78463484882894	8.55842071709544	9.10852445939175	9.05799172546592	8.26678654537898	8.88569637638949	8.3837042967935	8.88569637638949
PROK2	0	8.774787062895	7.27612441458195	6.45943163503156	5.61470987355796	7.84549005721696	7.7142455245361	5.28540225585443	5.80735494782002	9.19721669556779	5.08746288368255	0	0	0	0	0	0	0	0	0	0	0	0	0	0	0	0	0	0	0	0	0	0	0	0	0	0	0	0	0	0	0	0	0	0	0	0	0	0	0	0	0	0	0	1.44269431942324e-06	1.44269431942324e-06	1.00000072134734	1.00000144269432	1.00000144269432	1.00000072134734	1.00000072134734	1.00000144269432	1.00000144269432	1.44269431942324e-06	1.00000144269432	1.00000144269432	1.00000144269432	1.00000144269432	1.44269431942324e-06	1.00000144269432	1.00000144269432	1.00000144269432	1.44269431942324e-06	1.00000144269432	1.00000144269432	1.00000144269432	1.00000144269432	1.00000144269432	1.00000144269432	1.44269431942324e-06	1.00000144269432	1.44269431942324e-06	1.44269431942324e-06	1.00000072134734	1.44269431942324e-06	1.00000144269432	1.00000072134734	1.44269431942324e-06	1.00000144269432	1.58496298161942	1.44269431942324e-06	1.00000072134734	1.00000144269432	1.00000072134734	1.00000072134734	1.00000144269432	1.44269431942324e-06	1.44269431942324e-06	1.00000072134734	1.00000072134734	1.44269431942324e-06	1.00000144269432	1.00000144269432	1.00000144269432	1.44269431942324e-06	1.44269431942324e-06	1.00000144269432	1.44269431942324e-06	1.00000144269432	1.44269431942324e-06	1.00000072134734	1.44269431942324e-06	1.00000144269432	1.00000144269432	1.00000144269432	1.44269431942324e-06	1.00000072134734	1.00000144269432	1.00000144269432	1.00000144269432	1.44269431942324e-06	1.44269431942324e-06	1.00000144269432	1.00000072134734	1.44269431942324e-06	1.00000072134734	1.44269431942324e-06	1.00000072134734	1.00000072134734	1.00000072134734	1.00000072134734	1.00000072134734	1.00000144269432	1.00000144269432	1.00000144269432	1.44269431942324e-06	1.00000144269432	1.00000144269432	1.44269431942324e-06	1.00000144269432	1.44269431942324e-06	1.44269431942324e-06	1.00000144269432	1.00000144269432	1.00000144269432	1.00000072134734	1.00000144269432	1.00000144269432	7.22881870011385	7.65105169835652	6.8201789751824	7.68650053418659	3.00000018033687	7.81378119762902	5.12928305816482	5.52356198741995	8.08746284655437	8.22881869530487	7.68650053418659	3.00000018033687	7.81378119762902	5.12928305816482	5.52356198741995	8.08746284655437	8.22881869530487	1.00000072134734	1.44269431942324e-06	1.00000144269432	1.00000144269432	4.52356201878288	4.45943168421434	4.80735497358243	3.45943174979139	4.70043977362936	3.45943174979139	2.32192838342634	1.00000072134734	2.00000036067372	2.00000036067372	3.45943174979139	1.44269431942324e-06	1.00000144269432	1.00000072134734	1.58496298161942	0	0	0	0	0	0	0	0	0	0
PROKR2	8.15987134182278	4.2479275893749	2.00000036067372	4.75488755559662	4.32192816702211	3.32192823915686	4.2479275893749	3.90689069178818	1.00000072134734	4.08746292611475	3.32192823915686	1.00000144269432	1.00000144269432	1.00000144269432	1.00000144269432	1.00000144269432	1.00000144269432	1.00000144269432	1.00000144269432	1.00000144269432	1.00000144269432	1.00000144269432	1.00000144269432	1.00000144269432	1.00000144269432	1.00000144269432	1.00000144269432	1.00000144269432	1.00000144269432	1.00000144269432	1.00000144269432	1.00000144269432	1.00000144269432	1.00000144269432	1.00000144269432	1.00000144269432	1.00000144269432	1.00000144269432	1.00000144269432	1.00000144269432	1.00000144269432	1.00000144269432	1.00000144269432	1.00000144269432	1.00000144269432	1.44269431942324e-06	1.00000144269432	1.00000144269432	1.00000144269432	1.00000144269432	1.00000144269432	1.00000144269432	1.00000144269432	1.00000144269432	1.00000144269432	1.44269431942324e-06	1.00000144269432	1.44269431942324e-06	1.44269431942324e-06	1.00000144269432	1.44269431942324e-06	1.00000144269432	1.00000144269432	1.00000144269432	1.00000144269432	1.00000144269432	1.00000144269432	1.00000144269432	1.00000144269432	1.00000144269432	1.00000144269432	1.00000144269432	1.00000144269432	1.00000144269432	1.44269431942324e-06	1.00000144269432	1.00000144269432	1.00000144269432	1.00000144269432	1.00000144269432	1.00000144269432	1.44269431942324e-06	1.00000144269432	1.44269431942324e-06	1.00000144269432	1.44269431942324e-06	1.00000144269432	1.00000144269432	1.00000144269432	1.00000144269432	1.00000144269432	1.00000144269432	1.00000144269432	1.00000144269432	1.00000144269432	1.00000144269432	1.00000144269432	1.44269431942324e-06	1.00000144269432	1.00000144269432	1.00000144269432	1.00000144269432	1.00000144269432	1.00000144269432	1.00000144269432	1.44269431942324e-06	1.00000144269432	1.00000144269432	1.44269431942324e-06	1.00000144269432	1.00000144269432	1.00000144269432	1.44269431942324e-06	1.00000144269432	1.00000144269432	1.00000144269432	1.44269431942324e-06	1.44269431942324e-06	1.00000144269432	1.00000144269432	1.00000144269432	1.00000144269432	1.00000144269432	1.00000144269432	1.44269431942324e-06	1.44269431942324e-06	1.44269431942324e-06	1.44269431942324e-06	1.44269431942324e-06	1.44269431942324e-06	1.00000144269432	1.44269431942324e-06	1.00000144269432	1.00000144269432	1.00000144269432	1.00000144269432	1.00000144269432	1.00000144269432	1.00000144269432	1.00000144269432	1.00000144269432	1.00000144269432	1.00000144269432	1.00000144269432	1.00000144269432	1.00000144269432	1.00000144269432	1.44269431942324e-06	1.00000144269432	1.00000144269432	1.00000144269432	1.00000144269432	1.00000144269432	2.00000036067372	1.00000072134734	1.00000144269432	1.00000144269432	1.00000144269432	1.00000144269432	1.00000144269432	2.00000036067372	1.00000072134734	1.00000144269432	1.00000144269432	1.00000144269432	1.00000144269432	1.00000144269432	1.00000144269432	1.00000144269432	2.00000036067372	1.44269431942324e-06	2.58496274117031	4.39231749147852	3.45943174979139	3.45943174979139	4.58496256083345	2.80735512815688	3.32192823915686	6.90689060763098	3.45943174979139	5.95419633365615	8.45121111595432	3.58496262094574	6.91886324919769	2.80735512815688	3.00000018033687	3.00000018033687	1.00000072134734	1.58496298161942	3.00000018033687	2.58496274117031	3.00000018033687	3.45943174979139	3.00000018033687
PROX1	5.64385621862863	1.00000072134734	1.00000072134734	3.58496262094574	2.00000036067372	2.80735512815688	2.80735512815688	1.58496298161942	1.00000144269432	1.44269431942324e-06	1.58496298161942	2.00000036067372	2.58496274117031	2.00000036067372	1.58496298161942	2.32192838342634	1.00000144269432	2.80735512815688	2.00000036067372	2.32192838342634	2.32192838342634	3.45943174979139	2.00000036067372	2.32192838342634	2.32192838342634	2.58496274117031	3.45943174979139	3.45943174979139	2.58496274117031	1.58496298161942	2.80735512815688	2.00000036067372	3.32192823915686	4.00000009016844	3.90689069178818	2.32192838342634	3.32192823915686	4.08746292611475	3.16992516174175	3.70043982911763	3.70043982911763	2.32192838342634	2.80735512815688	1.00000072134734	4.00000009016844	2.58496274117031	3.32192823915686	3.00000018033687	3.32192823915686	4.00000009016844	4.2479275893749	2.80735512815688	2.80735512815688	3.16992516174175	5.80735494782002	5.61470987355796	5.24792755140924	5.75488752888004	6.00000002254211	5.64385621862863	5.42626478825315	5.35755203980577	5.95419633365615	5.72792048178386	5.93073736121362	5.97727994639984	5.85798102000162	5.78135973975548	5.93073736121362	5.75488752888004	5.49185312838956	5.42626478825315	5.5849625307773	5.70043974588523	5.67242537025963	5.80735494782002	5.28540225585443	5.35755203980577	5.70043974588523	5.67242537025963	5.61470987355796	5.67242537025963	5.75488752888004	6.00000002254211	5.61470987355796	5.78135973975548	6.18982457864296	6.14974713982433	6.10852447768679	6.50779465605249	6.14974713982433	6.22881870973181	6.2667865594312	6.22881870973181	4.32192816702211	4.70043977362936	5.08746288368255	4.90689064369835	5.12928305816482	5.04439416307648	5.32192813095474	4.80735497358243	6.1292830375549	6.10852447768679	5.85798102000162	5.85798102000162	5.55458888237328	5.85798102000162	6.1292830375549	5.83289003947518	5.42626478825315	5.80735494782002	6.10852447768679	5.67242537025963	5.90689061965344	5.8826430738143	5.95419633365615	5.90689061965344	6.00000002254211	6.42626477147762	5.95419633365615	6.18982457864296	5.85798102000162	6.33985002069568	5.85798102000162	5.55458888237328	5.8826430738143	5.75488752888004	5.70043974588523	5.8826430738143	5.93073736121362	5.95419633365615	6.10852447768679	6.22881870973181	5.95419633365615	6.40939095311058	6.24792753242642	6.06608921199053	6.2667865594312	6.10852447768679	5.55458888237328	5.39231745712864	5.35755203980577	5.35755203980577	5.72792048178386	5.70043974588523	5.80735494782002	5.5849625307773	3.45943174979139	5.90689061965344	4.70043977362936	1.00000144269432	3.90689069178818	5.42626478825315	5.49185312838956	6.6582114970359	3.70043982911763	1.58496298161942	1.00000144269432	3.90689069178818	5.42626478825315	5.49185312838956	6.6582114970359	3.70043982911763	1.58496298161942	1.00000144269432	1.00000144269432	1.00000144269432	1.00000144269432	2.00000036067372	1.00000144269432	1.58496298161942	1.00000144269432	1.00000144269432	1.00000144269432	1.00000072134734	1.00000144269432	2.00000036067372	3.00000018033687	1.00000144269432	1.44269431942324e-06	1.00000144269432	1.58496298161942	1.44269431942324e-06	4.80735497358243	5.32192813095474	4.52356201878288	4.32192816702211	5.83289003947518	5.32192813095474	3.70043982911763	5.20945340462071	4.16992508159203	4.16992508159203
PSPC1	12.3750394316185	8.52747700997014	8.1749256874927	9.11894107531828	8.68650053068491	7.94251451120385	8.39660478546285	8.73131903441964	8.88874325194192	8.60733031744883	8.49185310033716	10.4978518379488	10.4878400348277	10.4429434968851	10.4665863387388	10.4325419014322	10.6635581051067	10.8665062129989	10.7846348463754	10.6510516920761	10.4398308850201	10.5517082625818	10.6865005280586	10.4532706350396	10.3553510975261	10.6438561906764	10.6091787390656	10.7813597143444	10.5593770914827	10.6724253428555	10.4460494077507	10.8320988468305	10.9512847156956	10.9016211591003	11.0993478110608	10.8177831225738	10.6348110510791	10.9628960060601	10.9808536070936	10.7448338383403	10.8963324046669	10.0593444621765	10.7321674265115	10.802516365929	10.6339034102564	10.5802585684421	9.91288933772653	10.6091787390656	11.0000000007044	10.8415643485168	10.8948177640657	10.6759570338236	10.8185821782797	10.7021726862315	6.08746286246644	6.42626477147762	6.33985002069568	6.28540223735834	6.33985002069568	6.53915882662088	6.33985002069568	6.18982457864296	6.55458886702546	6.44294351243143	6.64385620420168	6.56985562351721	6.47573344717645	6.67242535611556	6.67242535611556	6.79441587934736	6.87036473191413	6.87036473191413	6.8201789751824	6.8201789751824	6.8201789751824	6.88264306158807	6.80735493493881	6.75488751552176	7.13955136263067	6.79441587934736	7.07681560773746	6.95419632202151	7.30378075730808	7.25738785212203	6.93073734938826	7.17990909996456	7.53915881886446	6.98868469813197	7.34872816308197	7.06608920122415	7.21916853014468	7.434628235976	7.13955136263067	7.11894108310261	6.71424553140608	6.70043973201316	6.74146699988428	6.59991285706027	6.71424553140608	6.58496251574923	6.80735493493881	6.62935663465229	6.52356197173848	6.70043973201316	6.62935663465229	6.49185311235962	6.61470985883659	6.40939095311058	6.55458886702546	6.61470985883659	6.58496251574923	6.90689060763098	6.84549006348955	6.93073734938826	6.90689060763098	6.67242535611556	6.70043973201316	6.68650054118997	6.79441587934736	6.83289002681996	6.88264306158807	6.64385620420168	6.78135972664007	6.68650054118997	6.84549006348955	6.84549006348955	6.8201789751824	6.95419632202151	7.06608920122415	6.78135972664007	6.68650054118997	6.72792046817353	6.40939095311058	6.74146699988428	6.53915882662088	6.76818433801266	6.59991285706027	6.44294351243143	6.53915882662088	6.6582114970359	6.30378076643907	6.56985562351721	6.56985562351721	6.14974713982433	6.52356197173848	6.72792046817353	6.24792753242642	6.40939095311058	8.51569984222583	9.49185309833342	8.09275714620445	8.76487159405263	6.96578429620365	10.0347989639526	8.85798099823683	9.6882503108819	8.71767642649323	9.38154295334755	8.76487159405263	6.96578429620365	10.0347989639526	8.85798099823683	9.6882503108819	8.71767642649323	9.38154295334755	6.1292830375549	5.72792048178386	8.24792751818929	7.14974712966451	11.3037807487478	11.3077700324598	10.1836353827137	11.3750394318901	11.2520740433877	11.5488219089403	11.7274950694509	11.6497052659204	11.2865577621855	11.6101020634612	11.8680508541311	11.6266216528146	9.87344411405343	10.5166849502944	11.5053153566325	10.9031286775657	10.9534689629564	10.9395792150493	10.9270371694613	11.0887882393793	10.9693865220618	11.0021117771833	11.0934175650482	11.1680452688511	11.0450770526177
RBM4	11.8583696002433	0	0	0	0	0	0	0	0	0	0	12.1296050114745	11.6921795767485	11.7760217156642	11.7477734009463	11.6077926423815	11.6715410671542	12.1215335176638	11.9218409374463	11.9259252653436	11.8269456508126	12.4364512925472	12.0603581829799	11.8661197936895	11.8641861450413	11.9196082389757	12.0640690807224	11.911766471034	11.7652860991381	12.2387032797262	12.1680452685376	12.1630206398954	12.5030803520015	12.6519486109476	12.7361905011724	12.4898479606901	12.4062050056846	12.4863322530201	12.2673719315579	12.2541428471511	12.3213644323213	11.9162526991855	12.1589252041224	12.3049216698668	12.6834332930547	12.522826700171	11.7891260468329	12.6250238571088	12.1312139054079	12.023061250082	12.0268692056091	11.4973528939761	12.3668685864402	11.9248125039768	7.66533592429205	7.65821148989385	7.83920379439692	7.67948010654298	7.69348696446887	7.53138146831466	7.74146699314271	7.52356196389775	8.00000000563553	7.60733032114805	7.74819285629967	7.73470962699905	7.91288934221625	7.84549005721696	7.79441587284873	7.98299358039666	7.63662462779337	7.72792046136836	7.44294350414008	7.78135972008237	7.7210991955446	7.70735913898373	7.85798100134609	7.7210991955446	7.82017896879879	7.74146699314271	7.74146699314271	7.98868469245207	7.82017896879879	8.02790600209745	7.83289002049235	7.85798100134609	8.61470984779555	8.78463484882894	8.73470962361245	8.64024493983812	8.68999797491265	8.774787062895	8.70735913553231	8.82336724323099	8.06069593709091	7.86418615084611	7.9772799292249	7.93073734347557	7.94836723742555	7.9772799292249	8.02236781857728	7.90689060161975	7.80735492849821	7.87036472574877	7.85798100134609	7.93073734347557	7.96578429043287	7.93663794489112	7.8265484936464	7.93663794489112	7.81378119762902	7.85798100134609	7.76818433139479	7.98868469245207	7.75488750884261	7.91886324323614	7.83289002049235	7.87651695270413	7.95419631620419	8.07681560239415	7.90086681401713	7.84549005721696	8.02790600209745	8.09275714620445	7.9772799292249	7.93663794489112	8.00562455480748	7.9772799292249	7.85798100134609	8.05528244092486	8.08746284655437	7.84549005721696	7.91886324323614	7.93073734347557	7.93073734347557	7.93663794489112	7.81378119762902	8.13955135751473	8.09275714620445	7.89481776936969	7.75488750884261	7.81378119762902	7.7142455245361	7.65821148989385	7.80089990638979	7.80089990638979	7.6220518267797	7.7210991955446	11.6096404748985	11.5905870503828	11.4460494072336	11.2697111217271	10.0525680521626	11.0887882393793	9.58308276938389	10.6017707893361	10.2372099619503	11.0654161353498	11.2697111217271	10.0525680521626	11.0887882393793	9.58308276938389	10.6017707893361	10.2372099619503	11.0654161353498	7.40087944481884	6.8201789751824	7.96000193786204	7.73470962699905	9.59058705178623	10.9657842853834	8.96578428754748	9.81057163634771	9.56795607731625	9.66533591896189	10.532355926263	10.4563544161351	10.5830827684434	10.6238814909277	11.165535142006	10.5802585684421	8.10328781365819	8.06069593709091	9.65105169297333	0	0	0	0	0	0	0	0	0	0
RBM4B	7.49185310434465	7.47573343907143	7.17990909996456	7.6147098514759	7.01122726660694	6.33985002069568	6.94251451706847	7.46760555823382	7.08746285185839	7.11894108310261	7.86418615084611	4.52356201878288	3.45943174979139	4.00000009016844	4.32192816702211	4.39231749147852	4.08746292611475	4.00000009016844	4.08746292611475	4.39231749147852	5.32192813095474	4.90689064369835	5.12928305816482	4.16992508159203	4.39231749147852	5.35755203980577	5.42626478825315	5.20945340462071	4.80735497358243	4.45943168421434	4.45943168421434	5.12928305816482	4.58496256083345	4.95419635692542	4.95419635692542	4.95419635692542	4.58496256083345	4.45943168421434	4.75488755559662	4.90689064369835	4.39231749147852	4.58496256083345	3.90689069178818	4.00000009016844	4.70043977362936	4.85798104487568	4.08746292611475	5.20945340462071	4.39231749147852	4.2479275893749	4.85798104487568	5.04439416307648	4.32192816702211	3.16992516174175	4.75488755559662	4.39231749147852	4.58496256083345	4.16992508159203	3.80735502510725	4.39231749147852	4.32192816702211	3.70043982911763	4.80735497358243	4.95419635692542	4.70043977362936	5.24792755140924	5.20945340462071	4.95419635692542	5.39231745712864	5.28540225585443	4.58496256083345	4.39231749147852	3.90689069178818	4.52356201878288	4.80735497358243	4.52356201878288	4.16992508159203	4.52356201878288	4.85798104487568	5.12928305816482	5.04439416307648	4.70043977362936	4.75488755559662	5.20945340462071	4.08746292611475	5.39231745712864	5.52356198741995	5.55458888237328	5.61470987355796	5.97727994639984	5.83289003947518	5.61470987355796	5.67242537025963	5.45943165142582	4.16992508159203	4.52356201878288	4.00000009016844	4.70043977362936	5.04439416307648	4.52356201878288	3.70043982911763	4.52356201878288	4.75488755559662	4.90689064369835	4.52356201878288	5.00000004508422	4.58496256083345	5.24792755140924	4.80735497358243	4.52356201878288	4.52356201878288	4.32192816702211	4.16992508159203	4.95419635692542	4.80735497358243	4.95419635692542	4.39231749147852	4.70043977362936	4.45943168421434	4.64385624748253	4.52356201878288	5.08746288368255	4.16992508159203	4.2479275893749	3.80735502510725	4.45943168421434	4.75488755559662	4.39231749147852	4.39231749147852	4.45943168421434	4.08746292611475	4.00000009016844	4.52356201878288	5.04439416307648	4.75488755559662	5.49185312838956	4.75488755559662	5.08746288368255	4.80735497358243	4.80735497358243	4.32192816702211	4.45943168421434	4.00000009016844	4.2479275893749	3.90689069178818	4.00000009016844	4.16992508159203	4.58496256083345	8.67595703646912	8.82336724323099	8.184875347866	7.94251451120385	5.78135973975548	9.22158712368138	7.53138146831466	8.94836723450511	7.74146699314271	8.11894107791306	7.94251451120385	5.78135973975548	9.22158712368138	7.53138146831466	8.94836723450511	7.74146699314271	8.11894107791306	0	0	0	0	0	0	0	0	0	0	0	0	0	0	0	0	0	0	0	9.42416629091809	9.39231742492563	9.51175265574367	9.57175264539933	9.59618975800836	9.6847486221746	9.5603328361233	9.71767642477981	9.58683978983789	9.47573343299266
RELB	13.3648186237922	8.21431912565832	8.43879185673588	9.11113567284356	9.20945336806593	8.33985000733739	8.61838550592959	8.26678654537898	8.78135971680351	8.64024493983812	8.42206477037892	9.20945336806593	9.14720492748666	9.04165915437478	9.22400167661064	8.93369065790253	8.90086681099894	8.81057163795428	8.73131903441964	8.94251450827155	8.6934869609841	8.92777796504475	9.03891899203507	8.73470962361245	8.81057163795428	9.03617361530148	8.93957921725297	9.30606169170748	9.12412131441466	8.56224242803773	8.51963625677426	8.58871463932952	8.91886324025537	8.19967234974349	8.5961897598723	8.42206477037892	8.35314682990999	8.89481776633882	8.82017896560699	8.77807713282168	8.71424552110111	8.21916852530342	8.54303182412305	8.65821148632282	8.20945337050292	8.22881869530487	6.95419632202151	8.2946207534862	8.68999797491265	8.59991284590541	9.62021982734064	9.41362793113956	8.46352437735814	8.73131903441964	6.40939095311058	6.56985562351721	6.30378076643907	6.33985002069568	6.28540223735834	6.45943163503156	6.16992502147974	6.37503944872879	6.8579810075646	6.62935663465229	6.59991285706027	6.75488751552176	7.14974712966451	6.88264306158807	7.01122726660694	6.90689060763098	6.80735493493881	6.67242535611556	6.67242535611556	6.67242535611556	6.78135972664007	6.55458886702546	6.78135972664007	6.80735493493881	6.47573344717645	6.56985562351721	6.76818433801266	6.72792046817353	6.55458886702546	6.58496251574923	6.56985562351721	6.71424553140608	7.60733032114805	7.51569984616762	7.54689446760258	7.47573343907143	7.77478706618882	7.58496250823519	7.62935662736595	7.65821148989385	6.68650054118997	6.68650054118997	6.6582114970359	6.72792046817353	6.32192811292105	6.40939095311058	6.40939095311058	6.6582114970359	6.83289002681996	6.88264306158807	6.88264306158807	6.87036473191413	6.72792046817353	7.11894108310261	6.89481777543143	7.00000001127106	6.32192811292105	6.56985562351721	6.68650054118997	6.80735493493881	6.55458886702546	6.75488751552176	6.61470985883659	6.52356197173848	6.59991285706027	6.75488751552176	6.62935663465229	6.91886324919769	6.94251451706847	6.62935663465229	6.78135972664007	6.56985562351721	6.78135972664007	6.58496251574923	6.76818433801266	6.64385620420168	6.61470985883659	6.61470985883659	6.72792046817353	6.58496251574923	6.75488751552176	6.67242535611556	6.8201789751824	6.47573344717645	6.45943163503156	6.74146699988428	6.22881870973181	6.08746286246644	6.20945338512483	6.3923174399537	6.49185311235962	6.55458886702546	6.53915882662088	6.24792753242642	10.1885888469436	10.8423503441996	10.2957689355682	9.31514956452113	8.77148947280196	9.13699111464274	8.03342300704392	9.02236781580287	9.63117705752327	9.84392105285889	9.31514956452113	8.77148947280196	9.13699111464274	8.03342300704392	9.02236781580287	9.63117705752327	9.84392105285889	8.5961897598723	8.52356195997738	10.1059085098803	9.9053870065225	10.6082548229021	11.122180901907	9.66355810599618	11.9801395779963	10.7838167601385	11.0660891911307	12.5456884958015	12.1833252248348	11.8364449117359	12.3484515376838	12.9505558972298	11.918490592665	10.0874628425763	10.5670053711981	12.1296050114745	8.51175265771997	8.64745843005266	8.32192809939578	8.53527538050947	8.87036472266609	8.52356195997738	8.1497471245846	8.66533592073861	8.2045711491397	8.84862294355883
SERPINE1	9.74651432281797	7.03342301255039	8.09803208822584	9.5603328361233	9.22158712368138	8.45121111595432	8.34429591235488	7.434628235976	7.85798100134609	8.26678654537898	6.80735493493881	10.1228279961016	10.9672262595566	10.4584066142619	11.3286749278889	11.5102696713928	11.8257538332806	10.4115109890713	10.6987046676384	10.9410476070744	10.5849625016604	10.0028150170132	10.7082217309007	9.84862294199408	9.45738088112473	9.97584796943945	10.0471239134776	11.2088439913441	11.5092801685828	9.75988818488584	9.58120058380837	10.1098306555844	10.2491134538992	8.56985561212751	9.50382573998293	10.3264294882459	10.2632692015465	10.1623913300158	10.6777196425218	10.8249587413238	9.84862294199408	9.83920378967194	10.0940776869918	10.2167458594077	7.357552013415	8.03891899477783	5.08746288368255	8.91587938182272	10.9901039645668	10.5087851630547	12.0927571412501	12.3963371944987	10.3542493830474	11.4537850560105	6.93073734938826	6.8201789751824	6.91886324919769	7.02236782412611	7.18982456876149	7.04439413028796	6.97727993494988	7.02236782412611	7.33985001179015	7.22881870011385	7.247927522935	7.28540222811029	7.46760555823382	7.33091688707546	7.56224243185438	7.47573343907143	6.98868469813197	6.89481777543143	6.6582114970359	6.79441587934736	6.94251451706847	6.74146699988428	6.97727993494988	6.89481777543143	6.42626477147762	6.37503944872879	6.14974713982433	6.52356197173848	6.44294351243143	6.28540223735834	6.08746286246644	5.90689061965344	8.24317398823432	8.21916852530342	8.14465824792974	8.31288295982113	8.28077077476949	8.19475685934612	8.11374217125747	8.17990909498974	7.62935662736595	7.60733032114805	7.5999128496237	7.67242534904353	7.76155123909284	7.48381578532401	7.67242534904353	7.7210991955446	8.1497471245846	8.2526654371804	8.23840474410222	8.40514146739208	8.22881869530487	8.2526654371804	8.37937837140368	8.24317398823432	5.70043974588523	5.78135973975548	5.32192813095474	5.5849625307773	5.55458888237328	5.83289003947518	5.78135973975548	5.32192813095474	6.10852447768679	5.90689061965344	6.04439414121747	5.72792048178386	5.85798102000162	5.80735494782002	7.74146699314271	7.82017896879879	7.88264305547496	7.82017896879879	7.78790256591946	7.87036472574877	7.87036472574877	7.76818433139479	7.63662462779337	7.49185310434465	7.4998458950539	7.52356196389775	7.56985561592408	7.65105169835652	7.46760555823382	7.63662462779337	6.62935663465229	6.59991285706027	7.00000001127106	6.62935663465229	6.91886324919769	6.94251451706847	6.80735493493881	7.05528244634852	3.58496262094574	7.52356196389775	5.70043974588523	1.00000144269432	5.45943165142582	7.13955136263067	6.79441587934736	7.09803209349115	6.44294351243143	6.40939095311058	1.00000144269432	5.45943165142582	7.13955136263067	6.79441587934736	7.09803209349115	6.44294351243143	6.40939095311058	2.58496274117031	1.44269431942324e-06	2.00000036067372	2.32192838342634	10.8933015316191	10.9483672323148	10.9008668087353	9.69348695924171	7.9772799292249	10.7021726862315	12.0977029638538	9.32418054886944	12.7756102809653	12.8273427044326	10.0084286234713	13.8319999196087	5.42626478825315	2.00000036067372	7.76155123909284	3.58496262094574	3.70043982911763	3.70043982911763	2.32192838342634	3.16992516174175	4.08746292611475	3.16992516174175	3.90689069178818	3.16992516174175	3.45943174979139
SETX	12.5080423346767	9.93073733904106	9.59991284404627	12.4424251935908	11.6860627503333	9.37721053255802	10.026523443903	11.3089078046326	12.3473445397084	9.43462822972154	10.3151495633887	12.2470374190854	12.1560830766048	11.99223026532	12.1854949245206	12.1743015447798	12.194141239171	12.5403702439858	12.615629637198	12.4812949048834	12.2662009127918	12.6553071017341	12.2911706996097	12.1795981311608	12.1981380527081	12.0960562395105	12.3208005491636	12.4548133487695	12.2233984150133	12.5423064228245	12.4270508934129	12.5415806602332	12.8470573462871	13.0738068473458	13.2933279471001	12.9456267224127	12.7603041254943	12.9683067946108	12.8271441911828	12.8719052378516	12.8976564114402	12.2553236903032	12.4973528937266	12.5005929461428	13.1382718003322	12.9183042338863	12.9305525545209	13.2531088158031	12.8201789626147	12.7120970513026	12.5797873297626	12.2694189300333	12.8879821332488	12.4981012442442	8.33539035916047	8.29001885154187	8.17990909498974	8.13442632535507	8.33539035916047	8.42626475889598	8.28540222348627	8.25738784740734	8.64385619338146	8.64024493983812	8.64024493983812	8.53138146441549	8.73809226299917	8.70390357690437	8.65463603210786	8.56605404197767	8.62570884671686	8.64024493983812	8.64385619338146	8.57742883181244	8.53915881498624	8.6617781013342	8.61102480099711	8.61102480099711	8.59245704100563	8.65821148632282	8.69696752971066	8.62205182311804	8.79441586959942	8.73470962361245	8.51569984222583	8.60362634869492	9.19721669556779	9.21674586062	9.17492568499669	9.15987133930058	9.06339508398514	9.1623913312747	9.05528243821302	9.21431912322955	8.4429434999944	8.55842071709544	8.54689446374511	8.56985561212751	8.4878400378417	8.55458885551459	8.47167521845597	8.55074678923043	8.49185310033716	8.53527538050947	8.56224242803773	8.47573343501891	8.52356195997738	8.51175265771997	8.53915881498624	8.49185310033716	8.55842071709544	8.55074678923043	8.49984589106855	8.57364719127992	8.58496250447817	8.62205182311804	8.67595703646912	8.52747700997014	8.88874325194192	8.76818432808586	8.84235034655693	8.83920379124693	8.70735913553231	8.78463484882894	8.83289001732855	8.69696752971066	8.61102480099711	8.75822321805858	8.67595703646912	8.77148947280196	8.75488750550304	8.68999797491265	8.60362634869492	8.51963625677426	8.54303182412305	8.53915881498624	8.60733031744883	8.6617781013342	8.58871463932952	8.62205182311804	8.25738784740734	8.30378075274259	8.40514146739208	8.3083390346905	8.15987134182278	8.43462823180636	8.21431912565832	8.29001885154187	9.89481776482338	11.1867332897478	9.08214904401567	9.71080643542095	8.26678654537898	11.6591039639198	10.8297227358787	11.5779008373589	9.58871463745589	10.2324209283753	9.71080643542095	8.26678654537898	11.6591039639198	10.8297227358787	11.5779008373589	9.58871463745589	10.2324209283753	7.05528244634852	7.31288296435791	8.67948010302422	8.0498485548947	11.7809497991596	11.3303567175182	11.6794800999453	11.6917435196074	11.3094763544095	11.4676055505924	12.1761731494192	12.0066767156596	11.7257922719201	12.0983611276611	11.9861975875619	12.3646818561381	10.333155351429	10.5048189886257	11.9465408042586	12.074476001069	12.195987298336	12.1799090903259	12.0593444611625	12.3712321286419	12.2702953267641	12.1101570192804	12.1347471689898	12.0188956214693	11.82097669302
SFPQ	15.2196601270507	10.8587581007123	10.7944158671624	11.4439795431191	11.0119260670054	9.97871046053618	10.8352609194171	11.3381792504574	11.7586396374409	10.8834069871521	11.1078709149333	13.3469291962417	12.7982692751522	13.0633950814571	13.0581608845678	12.9973559251968	13.0963857346174	13.1389117183027	12.9731592147692	13.416797527738	13.3604356107082	13.2877123796937	13.3967385561816	13.0005282341629	12.9699260820997	13.1605017477133	13.0838117074191	13.15371035231	12.9674064044919	12.9384769388501	12.9863753796131	13.10082657106	13.3168471837439	13.4060721056354	13.4587910757363	13.3743602924405	13.1918303382495	13.5144675029426	13.3397108474856	13.3360880842279	13.2600374212537	13.3321764462026	13.485577771029	13.4204866129574	13.6151698139586	13.4754801267221	12.972441366743	13.6953370552248	13.3735449033603	13.1873520733552	13.3523193549848	13.0564683749407	13.390840695901	13.2443638352692	9.12153351993015	9.14465824538081	9.13185696318044	9.05528243821302	9.134426322788	9.09275714356215	8.92777796504475	9.14465824538081	9.43671154421902	9.41151099013057	9.37937836923747	9.44708322827655	9.26678654303694	9.3728650622886	9.44708322827655	9.44914864743938	9.04165915437478	9.01122725821917	8.9971794837609	9.00842862487193	9.02790599933367	9.09011242231144	8.91288933922311	9.0251395650476	9.04712391484124	9.08214904401567	9.17242751114582	9.134426322788	9.09803208559318	9.20457114669445	9.03617361530148	9.14465824538081	9.83762793474812	9.73809226130983	9.82336724163861	9.83130724538569	9.75822321639265	9.84549005251252	9.84549005251252	9.73470962191914	8.85486838637621	8.82336724323099	8.90689059861413	8.83920379124693	8.9971794837609	8.90388184874807	8.96578428754748	8.8826430524184	9.06069593438923	9.10852445939175	9.07681559972249	9.03342300429068	9.04984855217263	9.02790599933367	9.06608919314937	9.10590851118948	8.98584193984889	8.92481250657429	9.07146236523821	9.04439412209083	9.01680829047168	8.92777796504475	8.98013958049598	9.12670447542404	9.29462075118891	9.26444260257245	9.22881869290037	9.25029842027529	9.20457114669445	9.29232163510299	9.4676055521207	9.43879185465707	9.50779464218042	9.40087943841635	9.42836017479819	9.58496250259967	9.5235619580172	9.41151099013057	9.44914864743938	9.51766939010202	9.43462822972154	9.4676055521207	9.53332973425279	9.59432460579121	9.52552081105259	9.57742882992409	9.10590851118948	9.15987133930058	9.24555270863245	9.21674586062	9.06608919314937	9.16490692918909	9.13185696318044	9.22641219519729	10.535275377593	11.8041310215868	9.85018683920882	10.1649069279324	9.9053870065225	12.1817734391193	11.1718022893083	11.9837061930156	10.5216004407052	11.2330204270739	10.1649069279324	9.9053870065225	12.1817734391193	11.1718022893083	11.9837061930156	10.5216004407052	11.2330204270739	9.48984796244583	8.93957921725297	10.4231159111979	10.3376219031074	14.4409989006052	15.6164914105371	13.6079082009311	14.304208699517	13.8006977144642	14.1664769508953	14.1288804231786	14.1323390642996	14.8451959935054	14.6776645927581	14.7036332590873	14.5421854875627	12.6763978872652	12.7030383892028	14.2266379726252	13.0211534963761	13.0721326043348	12.9351650497879	13.1922928146249	13.3114645155904	13.2246046816892	13.0005282341629	13.2832330785579	13.1603441708423	13.2632692005194
SIN3A	12.6941402042941	10.5593770914827	9.91737208096877	10.777255316014	10.5068034387872	9.71938882265346	10.5058115549118	10.766528909427	10.8572034722859	10.3858624017197	10.4335854421937	8.09275714620445	8.0714623679198	8.02790600209745	7.80089990638979	7.78135972008237	7.63662462779337	8.12928302209745	7.75488750884261	8.19967234974349	8.09275714620445	8.18982456382075	8.51569984222583	8.23361968155271	8.10852446200533	8.38801728965169	8.23361968155271	8.65821148632282	8.36632221861762	7.86418615084611	7.66533592429205	7.81378119762902	8.36632221861762	8.35755200901654	8.4429434999944	8.16992500645167	8.19475685934612	8.44708323034345	8.30378075274259	8.06069593709091	8.13955135751473	7.07681560773746	7.27612441458195	7.45943162683443	7.75488750884261	7.6147098514759	6.06608921199053	7.55458885935155	7.78135972008237	7.57742883558913	8.59991284590541	8.15481811411419	7.85174904766149	7.58496250823519	7.84549005721696	7.78790256591946	8.15481811411419	8.01680829325681	7.76155123909284	8.04439412482321	7.86418615084611	7.87036472574877	8.25738784740734	8.2526654371804	8.06069593709091	8.18982456382075	8.26209485006951	8.19475685934612	8.2946207534862	8.1497471245846	8.09803208822584	8.35755200901654	8.1649069317025	8.26678654537898	8.11374217125747	8.11374217125747	8.35314682990999	8.13955135751473	8.1649069317025	8.20945337050292	8.0498485548947	8.07681560239415	7.93073734347557	8.15987134182278	8.1649069317025	8.21431912565832	8.87958325267583	8.88874325194192	8.93369065790253	8.92777796504475	8.82017896560699	8.80089990315505	8.79441586959942	9.00281501841933	8.44708323034345	8.39660478546285	8.37068741116581	8.34872815865652	8.4553272244148	8.43045255584726	8.24792751818929	8.43879185673588	8.35755200901654	8.47978026807026	8.36194377812033	8.37503943569239	8.37068741116581	8.43462823180636	8.33539035916047	8.35314682990999	8.4178525191043	8.34872815865652	8.4553272244148	8.38801728965169	8.32642949161668	8.46760555415841	8.31741261828742	8.37068741116581	8.43462823180636	8.40087944055051	8.36632221861762	8.4878400378417	8.33091688259504	8.43879185673588	8.6934869609841	8.74146698977193	8.87344411559149	8.82972273825682	8.76818432808586	8.67595703646912	8.74819285294456	8.95128471788151	8.54689446374511	8.37503943569239	8.49185310033716	8.45943162273586	8.55074678923043	8.51963625677426	8.42206477037892	8.40514146739208	8.3837042967935	8.27146303257329	8.31741261828742	8.49984589106855	8.32192809939578	8.28077077476949	8.28540222348627	8.31741261828742	9.45943162068658	10.7648715915652	8.46760555415841	8.54689446374511	7.85798100134609	10.5294305551223	9.30606169170748	10.2784494593821	8.80089990315505	9.50779464218042	8.54689446374511	7.85798100134609	10.5294305551223	9.30606169170748	10.2784494593821	8.80089990315505	9.50779464218042	8.37937837140368	8.25738784740734	9.69522829323603	9.5313814624659	12.6668897086621	12.6812384119975	12.280190792507	12.7323794466034	12.3196721212292	12.3644082816534	12.8814963850013	12.831109275555	12.7571816330251	12.8443134613995	13.2330204266243	12.8509681511777	11.0327345292754	11.2532565803722	12.8219732356804	11.5206186810473	11.4958550273867	11.3755825130335	11.475226778249	11.3826240271153	11.5171772531818	11.4215389073742	11.3208005494456	11.526010107551	11.3219280954509
SIRT1	11.2905948886585	6.93073734938826	6.20945338512483	7.50779464812559	6.8201789751824	5.83289003947518	6.72792046817353	7.56224243185438	7.44294350414008	6.87036473191413	6.58496251574923	9.6882503108819	9.54109661728603	9.51372759792603	9.50779464218042	9.65821148453731	9.46352437531466	9.76652891025523	9.67595703470544	9.9218409385618	9.73809226130983	9.85174904297742	9.89178370473694	9.59058705178623	9.6183855040941	9.5603328361233	9.80413102279707	9.76155123410657	9.65999589421328	9.55650605658786	9.54496443472055	9.75321675085068	9.98013957906757	10.0000000014089	10.1598713380395	9.95564990898124	9.82017896401109	9.90237511599354	9.86263735910841	9.80896417652762	9.87958325114431	9.81538329741475	10.0168082890791	9.95128471642424	10.3597495614203	10.2819300281142	9.83920378967194	10.5574637025552	10.1369911133615	9.87498134919019	9.92035285690393	9.72280753287688	10.1163439625372	9.79279029592755	7.33091688707546	7.33091688707546	7.25738785212203	7.21916853014468	7.36632222298942	7.41785252332271	7.21916853014468	7.4998458950539	7.70043972507713	7.81378119762902	7.73470962699905	7.6438561969882	7.5999128496237	7.79441587284873	7.70043972507713	7.63662462779337	7.48381578532401	7.48381578532401	7.20945337537689	7.30378075730808	7.40087944481884	7.434628235976	7.48381578532401	7.47573343907143	7.45943162683443	7.46760555823382	7.62935662736595	7.36632222298942	7.48381578532401	7.41785252332271	7.41785252332271	7.49185310434465	7.56224243185438	7.89481776936969	7.47573343907143	7.70043972507713	7.65821148989385	7.65105169835652	7.58496250823519	7.73470962699905	7.48381578532401	7.16992501146103	7.21916853014468	7.12928302724993	6.97727993494988	7.02236782412611	6.91886324919769	7.13955136263067	7.39231743136623	7.20945337537689	7.20945337537689	7.18982456876149	7.34872816308197	7.19967235465062	7.23840474887935	7.02236782412611	7.36632222298942	7.30378075730808	7.29462075808077	7.38370430111295	7.47573343907143	7.36632222298942	7.40087944481884	7.38370430111295	7.37503944003786	7.46760555823382	7.44294350414008	7.434628235976	7.247927522935	7.37503944003786	8.10852446200533	8.18982456382075	8.34429591235488	8.19967234974349	8.26209485006951	8.28540222348627	8.17990909498974	8.1749256874927	8.18982456382075	7.93073734347557	8.10328781365819	8.17990909498974	8.23840474410222	8.08746284655437	8.24317398823432	8.12412131700014	7.78790256591946	7.86418615084611	7.74819285629967	7.87651695270413	7.90086681401713	7.88264305547496	7.80089990638979	7.79441587284873	5.78135973975548	8.13955135751473	5.72792048178386	5.70043974588523	5.24792755140924	8.90689059861413	8.3837042967935	8.76487159405263	7.83920379439692	5.28540225585443	5.70043974588523	5.24792755140924	8.90689059861413	8.3837042967935	8.76487159405263	7.83920379439692	5.28540225585443	0	0	0	0	0	0	0	0	0	0	0	0	0	0	0	0	0	0	0	9.65642486506551	9.66533591896189	9.57364718938662	10.026523443903	9.98868468819214	9.99576715229082	9.84862294199408	10.0953970241113	9.89784545751777	10.0539258828883
SLC6A4	6.55458886702546	6.20945338512483	6.44294351243143	7.81378119762902	8.1649069317025	7.53915881886446	7.13955136263067	6.44294351243143	7.09803209349115	7.13955136263067	5.28540225585443	6.14974713982433	5.16992504151717	5.52356198741995	4.85798104487568	5.5849625307773	6.08746286246644	5.32192813095474	5.28540225585443	6.68650054118997	6.33985002069568	6.16992502147974	6.1292830375549	4.08746292611475	4.80735497358243	5.00000004508422	5.04439416307648	8.15987134182278	8.20945337050292	8.19475685934612	8.0498485548947	7.357552013415	7.88874325498558	6.00000002254211	5.90689061965344	6.18982457864296	6.20945338512483	7.95419631620419	7.18982456876149	7.22881870011385	7.67242534904353	6.50779465605249	7.76155123909284	6.16992502147974	5.67242537025963	4.39231749147852	4.16992508159203	5.42626478825315	7.08746285185839	7.04439413028796	7.88874325498558	8.08214904667747	6.64385620420168	6.89481777543143	3.58496262094574	3.32192823915686	3.45943174979139	2.80735512815688	3.16992516174175	4.08746292611475	2.58496274117031	3.45943174979139	4.08746292611475	3.16992516174175	3.45943174979139	4.00000009016844	3.70043982911763	3.90689069178818	3.45943174979139	4.2479275893749	3.80735502510725	3.32192823915686	3.58496262094574	3.16992516174175	3.58496262094574	3.45943174979139	3.80735502510725	3.58496262094574	4.52356201878288	4.80735497358243	4.00000009016844	4.75488755559662	4.80735497358243	4.70043977362936	4.00000009016844	4.45943168421434	4.2479275893749	4.52356201878288	4.75488755559662	4.75488755559662	4.90689064369835	4.80735497358243	4.90689064369835	4.95419635692542	3.70043982911763	4.39231749147852	4.39231749147852	3.80735502510725	4.58496256083345	3.58496262094574	4.32192816702211	4.85798104487568	4.95419635692542	4.52356201878288	4.75488755559662	4.00000009016844	4.52356201878288	4.58496256083345	4.45943168421434	5.00000004508422	3.16992516174175	3.80735502510725	3.90689069178818	3.80735502510725	3.58496262094574	4.2479275893749	4.08746292611475	4.00000009016844	1.58496298161942	3.00000018033687	3.16992516174175	3.16992516174175	3.16992516174175	3.32192823915686	4.16992508159203	4.16992508159203	3.70043982911763	3.58496262094574	4.16992508159203	3.80735502510725	3.90689069178818	4.00000009016844	2.80735512815688	2.00000036067372	3.16992516174175	2.80735512815688	2.80735512815688	3.00000018033687	3.00000018033687	3.32192823915686	2.00000036067372	2.32192838342634	2.32192838342634	2.32192838342634	2.80735512815688	2.32192838342634	2.58496274117031	3.16992516174175	6.80735493493881	7.60733032114805	7.18982456876149	6.20945338512483	5.04439416307648	6.62935663465229	5.42626478825315	6.88264306158807	6.1292830375549	5.12928305816482	6.20945338512483	5.04439416307648	6.62935663465229	5.42626478825315	6.88264306158807	6.1292830375549	5.12928305816482	1.44269431942324e-06	1.00000144269432	1.44269431942324e-06	1.00000072134734	3.16992516174175	5.39231745712864	2.32192838342634	3.58496262094574	2.32192838342634	1.00000144269432	1.58496298161942	1.58496298161942	1.44269431942324e-06	2.00000036067372	3.45943174979139	2.00000036067372	1.00000144269432	1.44269431942324e-06	2.80735512815688	2.00000036067372	3.00000018033687	1.58496298161942	1.00000072134734	1.58496298161942	2.58496274117031	2.58496274117031	2.32192838342634	1.58496298161942	1.58496298161942
SOX14	1.00000072134734	1.00000144269432	1.00000144269432	1.00000144269432	1.00000144269432	1.00000144269432	1.00000144269432	1.00000144269432	1.00000144269432	1.00000144269432	1.00000144269432	0	0	0	0	0	0	0	0	0	0	0	0	0	0	0	0	0	0	0	0	0	0	0	0	0	0	0	0	0	0	0	0	0	0	0	0	0	0	0	0	0	0	0	1.00000144269432	1.00000144269432	1.00000144269432	1.00000144269432	1.00000144269432	1.00000144269432	1.00000144269432	1.00000144269432	1.00000144269432	1.00000144269432	1.00000144269432	1.00000144269432	1.00000144269432	1.00000144269432	1.00000144269432	1.00000144269432	1.00000144269432	1.00000144269432	1.00000144269432	1.00000144269432	1.00000144269432	1.00000144269432	1.00000144269432	1.00000144269432	1.00000144269432	1.00000144269432	1.00000144269432	1.00000144269432	1.00000144269432	1.00000144269432	1.00000144269432	1.00000144269432	1.00000144269432	1.00000144269432	1.00000144269432	1.00000144269432	1.00000144269432	1.00000144269432	1.00000144269432	1.00000144269432	1.00000144269432	1.00000144269432	1.00000144269432	1.00000144269432	1.00000144269432	1.00000144269432	1.00000144269432	1.00000144269432	1.00000144269432	1.00000144269432	1.00000144269432	1.00000144269432	1.00000144269432	1.00000144269432	1.00000144269432	1.00000144269432	1.00000144269432	1.00000144269432	1.00000144269432	1.00000144269432	1.00000144269432	1.00000144269432	1.00000144269432	1.00000144269432	1.00000144269432	1.00000144269432	1.00000144269432	1.00000144269432	1.00000144269432	1.00000144269432	1.00000144269432	1.00000144269432	1.00000144269432	1.00000144269432	1.00000144269432	1.00000144269432	1.00000144269432	1.00000144269432	1.00000144269432	1.00000144269432	1.00000144269432	1.00000144269432	1.00000144269432	1.00000144269432	1.00000144269432	1.00000144269432	1.00000144269432	1.00000144269432	1.00000144269432	1.00000144269432	1.00000144269432	1.00000144269432	1.00000144269432	1.00000144269432	1.00000144269432	1.00000144269432	1.00000144269432	1.00000144269432	1.00000144269432	1.00000144269432	1.00000144269432	1.00000144269432	1.00000144269432	3.58496262094574	1.00000144269432	1.00000144269432	1.00000144269432	1.00000144269432	1.00000144269432	1.00000144269432	3.58496262094574	1.00000144269432	1.00000144269432	1.00000144269432	1.00000144269432	1.00000144269432	1.00000144269432	1.00000144269432	1.00000144269432	1.00000144269432	1.00000144269432	1.00000144269432	2.32192838342634	1.00000144269432	1.00000144269432	1.00000144269432	1.00000144269432	1.00000144269432	1.00000144269432	1.00000144269432	1.00000144269432	1.00000144269432	1.00000144269432	1.00000144269432	1.00000144269432	1.00000144269432	1.00000144269432	1.00000144269432	1.00000144269432	1.00000144269432
SREBF1	10.5574637025552	9.7960396104526	9.83762793474812	10.6733090764452	10.4828079577348	9.96434086923656	10.3847837511724	9.5313814624659	9.82654848887979	10.1586096894767	10.215533000959	9.68650052893406	9.92777796356355	9.86108690754668	9.77807713117852	9.90689059711133	9.93957921578383	9.38586240279796	9.63117705752327	10.8089641757234	10.6671115429623	10.3933904585166	10.9549232927571	10.1598713380395	9.88874325042009	10.2191685216725	9.77313920836849	10.4189067323117	10.1774195392351	9.84235034498537	9.80896417652762	10.1510165401611	10.4157417693462	9.95128471642424	9.64745842825379	9.36850646369029	9.3553510986274	9.60733031559922	9.35093918375576	9.12412131441466	9.59245703913686	8.13955135751473	8.61102480099711	8.83605035821495	7.99435344251649	7.81378119762902	5.00000004508422	7.84549005721696	8.84235034655693	9.04984855217263	10.5497846689103	10.2179576990754	8.88874325194192	8.83605035821495	6.3923174399537	6.35755202221193	6.24792753242642	6.28540223735834	6.1292830375549	6.6582114970359	6.3923174399537	6.70043973201316	7.27612441458195	7.16992501146103	7.13955136263067	7.22881870011385	7.03342301255039	7.14974712966451	7.23840474887935	7.10852446723248	6.58496251574923	6.49185311235962	6.6582114970359	6.53915882662088	6.47573344717645	6.35755202221193	6.62935663465229	6.68650054118997	6.35755202221193	6.58496251574923	6.44294351243143	6.2667865594312	6.56985562351721	6.40939095311058	6.44294351243143	6.37503944872879	7.357552013415	7.70043972507713	7.8265484936464	7.56985561592408	7.80735492849821	7.52356196389775	7.6220518267797	7.70043972507713	7.09803209349115	7.05528244634852	6.95419632202151	6.91886324919769	7.06608920122415	7.00000001127106	7.13955136263067	7.12928302724993	7.25738785212203	7.23840474887935	7.30378075730808	7.46760555823382	7.247927522935	7.41785252332271	7.22881870011385	7.4998458950539	6.52356197173848	6.75488751552176	6.62935663465229	6.79441587934736	6.45943163503156	6.71424553140608	6.74146699988428	6.53915882662088	6.28540223735834	6.10852447768679	6.14974713982433	6.20945338512483	6.16992502147974	6.20945338512483	6.49185311235962	6.72792046817353	6.68650054118997	6.6582114970359	6.76818433801266	6.33985002069568	6.56985562351721	6.61470985883659	6.68650054118997	6.83289002681996	6.61470985883659	6.8579810075646	6.59991285706027	6.56985562351721	6.78135972664007	6.67242535611556	6.44294351243143	6.35755202221193	6.50779465605249	6.52356197173848	6.49185311235962	6.42626477147762	6.2667865594312	6.32192811292105	9.76818432643139	9.99293833758161	9.53332973425279	1.00000144269432	6.16992502147974	8.2526654371804	6.30378076643907	6.96578429620365	5.93073736121362	7.99435344251649	1.00000144269432	6.16992502147974	8.2526654371804	6.30378076643907	6.96578429620365	5.93073736121362	7.99435344251649	6.08746286246644	4.52356201878288	6.06608921199053	5.93073736121362	10.0334230029141	10.2118882957624	10.0808175289405	10.1446582441063	9.43879185465707	11.3269911754624	10.6257088439776	10.262094846545	10.4283601737512	10.7557221544767	10.3196721220759	10.3858624017197	9.12153351993015	7.8265484936464	10.2737956003796	10.2131042208573	9.88569637486444	10.1124395080848	10.2179576990754	10.1522848435743	10.0306671376262	10.0967151558061	9.85018683920882	9.72792045626449	10.1611318842443
SUV39H2	3.70043982911763	4.45943168421434	4.08746292611475	5.04439416307648	4.52356201878288	3.90689069178818	3.90689069178818	4.70043977362936	5.16992504151717	4.32192816702211	4.39231749147852	1.00000144269432	1.44269431942324e-06	1.44269431942324e-06	1.00000144269432	1.00000144269432	1.00000144269432	1.00000144269432	1.00000144269432	1.00000144269432	1.00000144269432	1.00000144269432	1.00000144269432	1.00000144269432	1.44269431942324e-06	1.00000144269432	1.00000144269432	1.00000144269432	1.00000144269432	1.00000144269432	1.00000144269432	1.00000144269432	1.00000144269432	1.00000144269432	1.44269431942324e-06	1.00000144269432	1.00000144269432	1.00000144269432	1.00000144269432	1.00000144269432	1.00000144269432	1.00000144269432	1.00000144269432	1.00000144269432	1.00000144269432	1.00000144269432	1.00000144269432	1.00000144269432	1.00000144269432	1.44269431942324e-06	1.00000144269432	1.00000144269432	1.00000144269432	1.00000144269432	3.45943174979139	3.80735502510725	4.08746292611475	3.80735502510725	3.70043982911763	4.2479275893749	3.70043982911763	3.00000018033687	3.32192823915686	3.32192823915686	3.45943174979139	4.52356201878288	3.32192823915686	3.58496262094574	4.08746292611475	3.70043982911763	4.39231749147852	3.45943174979139	4.52356201878288	3.90689069178818	4.2479275893749	2.80735512815688	4.00000009016844	3.58496262094574	4.2479275893749	3.70043982911763	4.39231749147852	3.58496262094574	4.45943168421434	4.39231749147852	4.00000009016844	3.45943174979139	4.39231749147852	4.16992508159203	4.58496256083345	4.16992508159203	4.16992508159203	4.00000009016844	4.16992508159203	4.32192816702211	2.32192838342634	3.16992516174175	3.58496262094574	2.58496274117031	3.80735502510725	3.58496262094574	3.16992516174175	2.80735512815688	4.32192816702211	3.45943174979139	3.80735502510725	4.2479275893749	3.00000018033687	3.00000018033687	4.2479275893749	4.00000009016844	4.2479275893749	3.45943174979139	3.90689069178818	4.00000009016844	3.00000018033687	3.70043982911763	3.00000018033687	3.58496262094574	3.90689069178818	4.00000009016844	3.90689069178818	3.80735502510725	3.70043982911763	4.08746292611475	4.08746292611475	3.90689069178818	3.16992516174175	3.90689069178818	2.58496274117031	4.00000009016844	3.90689069178818	4.58496256083345	4.45943168421434	4.08746292611475	3.45943174979139	3.90689069178818	4.08746292611475	4.32192816702211	4.00000009016844	3.16992516174175	3.45943174979139	3.45943174979139	2.80735512815688	3.32192823915686	4.08746292611475	3.32192823915686	4.2479275893749	3.80735502510725	1.00000144269432	1.00000144269432	1.00000144269432	1.00000144269432	1.00000144269432	1.00000144269432	1.00000144269432	1.00000144269432	1.00000144269432	1.00000144269432	1.00000144269432	1.00000144269432	1.00000144269432	1.00000144269432	1.00000144269432	1.00000144269432	1.00000144269432	1.00000072134734	2.58496274117031	1.00000072134734	1.44269431942324e-06	5.64385621862863	5.95419633365615	5.8826430738143	6.04439414121747	5.24792755140924	6.20945338512483	6.62935663465229	5.35755203980577	6.64385620420168	6.59991285706027	6.37503944872879	6.52356197173848	3.58496262094574	5.20945340462071	4.85798104487568	5.32192813095474	5.20945340462071	5.5849625307773	6.04439414121747	5.64385621862863	5.93073736121362	5.08746288368255	5.49185312838956	5.70043974588523	5.45943165142582
TH	1.44269431942324e-06	1.00000144269432	1.00000144269432	1.00000144269432	1.00000144269432	1.00000144269432	1.00000144269432	1.00000144269432	1.00000144269432	1.00000144269432	1.00000144269432	1.44269431942324e-06	1.00000144269432	1.00000144269432	1.00000144269432	1.00000144269432	1.44269431942324e-06	1.00000144269432	1.00000144269432	1.00000144269432	1.00000144269432	1.00000144269432	1.44269431942324e-06	1.00000144269432	1.00000144269432	1.44269431942324e-06	1.00000144269432	1.44269431942324e-06	1.00000144269432	1.00000144269432	1.00000144269432	1.00000144269432	1.00000144269432	1.00000144269432	1.00000144269432	1.44269431942324e-06	1.44269431942324e-06	1.00000144269432	1.00000144269432	1.00000144269432	1.00000144269432	1.00000144269432	1.00000144269432	1.00000144269432	1.00000144269432	1.00000144269432	1.00000144269432	1.00000144269432	1.00000144269432	1.00000144269432	1.44269431942324e-06	1.00000144269432	1.00000144269432	1.00000144269432	1.00000144269432	1.00000072134734	2.00000036067372	1.00000072134734	1.00000144269432	1.44269431942324e-06	1.00000144269432	1.44269431942324e-06	1.00000072134734	1.44269431942324e-06	1.44269431942324e-06	1.00000072134734	1.00000072134734	1.44269431942324e-06	2.58496274117031	1.58496298161942	1.44269431942324e-06	1.44269431942324e-06	1.00000072134734	1.00000144269432	1.00000072134734	1.44269431942324e-06	1.58496298161942	1.44269431942324e-06	1.00000072134734	1.00000072134734	1.00000144269432	1.44269431942324e-06	1.44269431942324e-06	1.58496298161942	1.00000072134734	1.00000144269432	1.58496298161942	2.32192838342634	2.32192838342634	2.58496274117031	2.00000036067372	3.00000018033687	1.58496298161942	3.32192823915686	2.32192838342634	1.00000072134734	1.00000072134734	1.00000072134734	2.00000036067372	2.32192838342634	2.58496274117031	1.00000072134734	1.58496298161942	3.45943174979139	3.32192823915686	3.16992516174175	2.32192838342634	2.32192838342634	2.32192838342634	3.00000018033687	1.44269431942324e-06	1.00000144269432	1.00000072134734	1.00000072134734	1.58496298161942	1.44269431942324e-06	1.00000072134734	1.44269431942324e-06	1.00000072134734	1.00000144269432	1.00000144269432	1.44269431942324e-06	1.44269431942324e-06	1.00000144269432	1.00000072134734	2.00000036067372	1.44269431942324e-06	2.32192838342634	2.00000036067372	2.00000036067372	2.00000036067372	2.00000036067372	1.00000144269432	1.00000144269432	1.44269431942324e-06	1.00000072134734	2.00000036067372	2.58496274117031	1.58496298161942	1.00000072134734	1.58496298161942	1.00000144269432	1.44269431942324e-06	1.00000072134734	1.44269431942324e-06	1.00000072134734	1.00000144269432	1.00000144269432	8.32192809939578	7.09803209349115	7.97154355969856	1.00000144269432	5.20945340462071	6.84549006348955	3.45943174979139	5.45943165142582	7.434628235976	7.38370430111295	1.00000144269432	5.20945340462071	6.84549006348955	3.45943174979139	5.45943165142582	7.434628235976	7.38370430111295	0	0	0	0	0	0	0	0	0	0	0	0	0	0	0	0	0	0	0	1.00000144269432	1.00000144269432	1.00000144269432	1.00000144269432	1.00000144269432	1.00000144269432	1.00000144269432	1.00000144269432	1.00000144269432	1.00000144269432
THRAP3	14.1876613658164	11.7355560243346	11.3592004856828	12.5398857929937	12.0667619327232	11.1241213124756	11.6577650357119	12.106235761943	12.3717766446101	11.5127404632972	11.5915223470382	13.0107029252122	13.0428563382068	12.7795141793487	12.875749351612	13.0610336018499	13.0940776858369	13.204571144402	13.2545857764571	13.4869606865153	13.422721821032	13.5019615499283	13.6572067816685	13.3634503620804	13.3630396303934	13.5891829671564	13.5954906067242	13.6780498912754	13.4994722126861	13.1192653833379	13.0145435967563	13.0980320831251	13.4047424326927	13.5951409048583	13.6893428462434	13.4878400339486	13.311322594874	13.3994114518804	13.2852577110644	13.3483132092419	13.4027456226289	12.90256354216	13.2788849889473	13.1006623391694	13.6974020076113	13.598401497185	13.017330404414	13.8214750501962	13.3236177634323	13.2765606383638	13.7942127700846	13.4528846976153	13.350386742451	12.9415978684495	9.59432460579121	9.66711154384956	9.55074678730684	9.6420516947336	9.5622424261294	9.57931593946589	9.66533591896189	9.58496250259967	9.85642553018184	9.82495874211915	9.86882255631799	9.78790256102344	9.84705734765778	9.84392105285889	9.8579809966822	9.95710204301369	9.93221475344504	9.82177398356471	9.82654848887979	9.89330153237759	9.82972273667144	9.7960396104526	9.82336724163861	9.89330153237759	9.59991284404627	9.71080643542095	9.63662462235608	9.75321675085068	9.58496250259967	9.65821148453731	9.60177079026446	9.62570884489066	10.4542992946482	10.5603328351679	10.535275377593	10.4817994326746	10.3923174238522	10.5410966163178	10.4706588750773	10.4419067055794	9.69522829323603	9.66533591896189	9.81057163634771	9.80413102279707	9.84862294199408	9.82336724163861	9.72792045626449	9.73470962191914	10.0361736139275	10.0334230029141	10.0361736139275	9.94104760780823	9.9541963118412	10.043027284962	10.0279059979518	9.90689059711133	9.85642553018184	9.88874325042009	9.90689059711133	9.83289001574664	9.83920378967194	9.92332748690498	9.77478706124809	9.91139198934158	10.0014081958003	9.96000193351657	9.91886323876498	9.94982671221785	9.92481250509003	9.98441846022532	10.0967151558061	10.1202378786382	10.1446582441063	10.1254134717749	10.1984450426802	10.1098306555844	10.0566377164678	10.1749256837487	9.98584193842612	10.0237543546853	10.0539258828883	9.93957921578383	9.96289600678285	10.0714623638974	10.0389189906637	10.0402897223958	9.78953364660052	9.68999797316605	9.81217730711922	9.75822321639265	9.76321236847458	9.78135971516409	9.76652891025523	9.69522829323603	10.6110247982298	12.2140154917145	9.71252700215936	10.3793783681544	9.73301532338126	12.4754801268488	11.3241805471814	11.9879745246513	10.8780509134951	11.4491486458914	10.3793783681544	9.73301532338126	12.4754801268488	11.3241805471814	11.9879745246513	10.8780509134951	11.4491486458914	1.00000072134734	1.00000144269432	1.00000144269432	1.44269431942324e-06	1.44269431942324e-06	1.00000144269432	1.00000072134734	1.58496298161942	1.00000144269432	1.44269431942324e-06	1.00000072134734	2.80735512815688	1.00000072134734	1.00000072134734	1.44269431942324e-06	2.32192838342634	1.00000144269432	1.00000072134734	1.00000144269432	12.2983490159446	12.4223276242374	12.2137117984094	12.3409627645298	12.4421659724886	12.456097685221	12.2366122005147	12.4333246269768	12.3390148685285	12.2440664644922
TNFRSF11A	7.52356196389775	4.85798104487568	5.52356198741995	6.20945338512483	5.93073736121362	5.67242537025963	6.87036473191413	5.64385621862863	5.20945340462071	6.2667865594312	4.39231749147852	9.15228484484207	9.47573343299266	9.17990909250234	9.05799172546592	9.21674586062	9.59058705178623	9.52160044168658	9.73809226130983	8.79116289181167	8.50382574197012	8.51175265771997	8.60362634869492	8.75154406243642	9.33762190422233	9.00562455200068	8.92184094004912	9.30606169170748	9.19229281693691	9.27379560154495	8.93073734051923	9.00000000281776	9.03342300429068	8.51175265771997	9.59805250202314	10.0781508090692	9.50183718689222	9.75154406076276	9.84549005251252	9.63843591580063	8.67242534550751	8.87958325267583	9.29462075118891	9.04439412209083	8.50382574197012	9.11374216865333	7.87036472574877	9.10066234163306	8.87344411559149	8.46352437735814	9.76321236847458	9.94982671221785	8.65463603210786	9.42206476827587	1.00000144269432	1.44269431942324e-06	1.00000144269432	1.00000144269432	1.00000072134734	1.00000072134734	1.44269431942324e-06	1.00000144269432	1.00000144269432	1.00000072134734	1.00000144269432	1.00000144269432	1.44269431942324e-06	1.00000144269432	1.44269431942324e-06	1.00000144269432	1.00000072134734	1.58496298161942	1.44269431942324e-06	1.00000144269432	2.32192838342634	1.00000144269432	1.44269431942324e-06	2.00000036067372	1.44269431942324e-06	1.00000144269432	1.00000072134734	1.44269431942324e-06	1.44269431942324e-06	1.44269431942324e-06	1.44269431942324e-06	1.44269431942324e-06	1.00000072134734	1.58496298161942	1.00000072134734	2.00000036067372	1.44269431942324e-06	1.44269431942324e-06	1.44269431942324e-06	1.00000072134734	2.32192838342634	1.44269431942324e-06	2.80735512815688	1.00000072134734	1.00000072134734	2.58496274117031	1.00000072134734	1.44269431942324e-06	1.00000144269432	2.00000036067372	1.00000072134734	2.58496274117031	2.00000036067372	1.44269431942324e-06	1.44269431942324e-06	2.00000036067372	1.00000144269432	1.00000144269432	1.44269431942324e-06	1.00000144269432	1.00000144269432	1.00000144269432	1.00000144269432	1.00000144269432	1.00000144269432	1.00000072134734	1.00000144269432	1.44269431942324e-06	1.44269431942324e-06	1.44269431942324e-06	1.00000144269432	1.00000072134734	1.00000144269432	1.44269431942324e-06	1.44269431942324e-06	1.00000144269432	1.00000072134734	1.58496298161942	2.00000036067372	1.00000072134734	1.44269431942324e-06	1.44269431942324e-06	1.00000144269432	1.00000072134734	1.58496298161942	1.00000072134734	1.00000144269432	1.44269431942324e-06	1.00000144269432	1.00000072134734	1.44269431942324e-06	1.44269431942324e-06	1.00000072134734	1.44269431942324e-06	1.00000144269432	4.52356201878288	1.00000144269432	7.00000001127106	4.80735497358243	5.16992504151717	1.58496298161942	3.32192823915686	4.16992508159203	3.58496262094574	7.00000001127106	4.80735497358243	5.16992504151717	1.58496298161942	3.32192823915686	4.16992508159203	3.58496262094574	2.80735512815688	2.00000036067372	3.70043982911763	2.58496274117031	6.44294351243143	7.58496250823519	5.70043974588523	7.37503944003786	6.40939095311058	6.04439414121747	8.50382574197012	8.67595703646912	8.56224242803773	8.65105169476772	10.0901124209879	9.56414949189154	7.90689060161975	6.97727993494988	8.57364719127992	4.90689064369835	5.16992504151717	5.72792048178386	5.45943165142582	4.90689064369835	5.20945340462071	3.58496262094574	4.95419635692542	4.58496256083345	4.39231749147852
TOP1	13.0377185299252	11.2342186788373	10.8057438729576	12.2188659103723	11.9392118830338	10.8352609194171	11.3487281547843	11.203959703851	12.2538474852828	11.4194335512321	10.3241805477441	11.558420713747	11.2437690325568	11.5284541112532	11.5779008373589	11.449664538992	11.4040771367736	11.4797802645342	11.5082899866356	11.8281364845909	11.6179265572578	11.6821167653891	11.824561030368	11.3536982095993	11.4486325682467	11.5053153566325	11.5536292943963	11.8427431811244	11.6913073306274	11.3793783676128	11.255028570409	11.4288835525335	11.545929769568	11.6626683759625	11.9125151451766	11.6847486208599	11.5468944603698	11.7385145328515	11.7090838129813	11.7661147580009	11.5816713590488	11.7073591325123	12.0620461380579	11.740624044911	11.9636186178052	11.843135911504	11.857203471897	12.2620948456639	12.0613711929974	11.8540891802603	12.1006623393337	11.8630247106242	12.1305705631272	11.7927902947077	8.80413102441082	8.73131903441964	8.74819285294456	8.81057163795428	8.74483384086247	8.78135971680351	8.76487159405263	8.76487159405263	8.83289001732855	8.87651694963456	8.72792045796578	8.90689059861413	8.84235034655693	8.86727874279895	8.98868468961212	8.87344411559149	8.85798099823683	8.80735492527791	8.94544383930427	8.86108690909796	8.81378119442303	8.93073734051923	8.87036472266609	8.72109919212589	8.85486838637621	8.81698362645426	8.78790256265545	8.87036472266609	8.64745843005266	8.85486838637621	8.93957921725297	8.90989308676941	9.44914864743938	9.46556640684999	9.55458885359612	9.5313814624659	9.52943055609838	9.53721840248031	9.60177079026446	9.43671154421902	8.63299520077695	8.54689446374511	8.72451385653058	8.54303182412305	8.58871463932952	8.58120058569179	8.67242534550751	8.64745843005266	8.89784545903003	8.78135971680351	8.89784545903003	8.73131903441964	8.93957921725297	8.90689059861413	9.00281501841933	8.90388184874807	8.68650053068491	8.70735913553231	8.72792045796578	8.71424552110111	8.73131903441964	8.68299458719189	8.4878400378417	8.67948010302422	9.15228484484207	9.07146236523821	9.03342300429068	8.88874325194192	9.03066713900544	8.86108690909796	9.11113567284356	9.07146236523821	9.08480839046126	9.12928301952121	9.14465824538081	9.22400167661064	9.19475685688418	9.10852445939175	8.97154355682467	9.04984855217263	9.12153351993015	9.05528243821302	9.02790599933367	9.06608919314937	9.1032878110351	9.01680829047168	8.49585503088356	8.54303182412305	8.37068741116581	8.37503943569239	8.58496250447817	8.51963625677426	8.49984589106855	8.33985000733739	9.04439412209083	10.8849336487127	8.12412131700014	8.1649069317025	6.75488751552176	11.2638560201828	10.215533000959	10.9270371694613	8.61102480099711	9.03342300429068	8.1649069317025	6.75488751552176	11.2638560201828	10.215533000959	10.9270371694613	8.61102480099711	9.03342300429068	11.1045987542195	11.454299294134	11.8776675744513	12.2494097855654	14.7241940714938	14.1983683003902	13.9247197348312	14.1518886173302	13.9754001903713	13.9962969367757	14.5899436816111	14.4610317331495	14.4557767080896	15.1421868502155	14.8854580650166	14.5242968377239	13.3123157468319	13.5286982836963	14.4771258106464	11.6289011524837	11.7364019317411	11.6261653203609	11.6128684977517	11.3492812293704	11.3864014241797	11.8213753927712	11.7355560243346	12.0195907287054	11.3083390307083
TOP2A	9.66711154384956	9.48381577927919	8.18982456382075	9.69696752797247	8.69696752971066	7.59245704474318	8.81698362645426	10.2395985304424	10.736401932164	8.88874325194192	9.40087943841635	9.92332748690498	9.79766152747477	9.61470984595538	9.62388149184197	9.9053870065225	10.0279059979518	10.3342732864247	10.0821490426848	10.2008986062642	10.091435387646	9.94251450680539	10.1586096894767	9.78135971516409	9.99435343827327	9.71424551938362	10.1124395080848	9.80413102279707	9.69870466850644	10.3442959090256	9.7159619919706	9.82017896401109	10.3728650612006	10.4408691686488	10.704768240227	10.3782948569958	10.0687782793287	10.3431857165585	10.2514824118037	10.3804610661713	10.5679560763659	11.298062568292	11.7519624138791	10.7176764239231	11.0633950819627	10.9607259955629	11.3804610656301	11.3826240271153	11.4194335512321	11.496354489064	9.97154355538772	9.83130724538569	11.7590559395764	10.9915218467843	8.20945337050292	8.2045711491397	8.0498485548947	8.28540222348627	8.02790600209745	8.19475685934612	8.18982456382075	8.12412131700014	8.26678654537898	8.1497471245846	8.08746284655437	8.24317398823432	8.2045711491397	8.36632221861762	8.03342300704392	8.32642949161668	8.0498485548947	8.03891899477783	7.98299358039666	8.2045711491397	8.08214904667747	8.04439412482321	7.80735492849821	8.12412131700014	8.60733031744883	8.68299458719189	8.53138146441549	8.42626475889598	8.55074678923043	8.62935662372278	8.58871463932952	8.62570884671686	8.80413102441082	8.76155123576866	8.84862294355883	8.80089990315505	8.82336724323099	8.87344411559149	8.87344411559149	8.96289600822843	8.13442632535507	7.91886324323614	7.99435344251649	8.07681560239415	7.8265484936464	8.06069593709091	7.87036472574877	8.00000000563553	8.12412131700014	8.15481811411419	8.13442632535507	8.13442632535507	8.09803208822584	8.17990909498974	8.02790600209745	8.00562455480748	8.11374217125747	7.89481776936969	8.05528244092486	8.03342300704392	8.03342300704392	7.88874325498558	8.10852446200533	8.05528244092486	8.73131903441964	8.53138146441549	8.5961897598723	8.58120058569179	8.66533592073861	8.58120058569179	8.48381578129413	8.43879185673588	8.58871463932952	8.62205182311804	8.57742883181244	8.43462823180636	8.49585503088356	8.64745843005266	8.67948010302422	8.73470962361245	8.57742883181244	8.6617781013342	8.74483384086247	8.6934869609841	8.57742883181244	8.71767642649323	7.88264305547496	8.17990909498974	8.00000000563553	7.88264305547496	7.96578429043287	8.03342300704392	7.89481776936969	8.04439412482321	7.247927522935	9.38154295334755	7.56224243185438	6.74146699988428	4.52356201878288	8.98299357754549	8.84549005408067	8.69696752971066	5.32192813095474	7.21916853014468	6.74146699988428	4.52356201878288	8.98299357754549	8.84549005408067	8.69696752971066	5.32192813095474	7.21916853014468	4.16992508159203	3.90689069178818	4.08746292611475	3.58496262094574	9.22400167661064	8.65105169476772	7.42626476308986	8.96289600822843	7.42626476308986	7.08746285185839	10.5952574823816	8.60362634869492	8.36194377812033	10.6582114836446	10.1898245601152	9.73301532338126	9.96578428610478	10.0566377164678	10.5526690984748	7.32192810390421	8.34872815865652	8.14465824792974	8.29001885154187	8.60733031744883	9.12928301952121	7.22881870011385	8.27612440992809	8.0714623679198	7.94836723742555
TPH1	2.00000036067372	1.44269431942324e-06	1.00000144269432	1.00000144269432	1.00000072134734	1.00000144269432	1.00000072134734	1.00000144269432	2.80735512815688	1.00000144269432	1.44269431942324e-06	1.00000144269432	1.00000144269432	1.00000144269432	1.00000072134734	1.00000144269432	1.00000144269432	1.00000144269432	1.00000144269432	1.44269431942324e-06	1.44269431942324e-06	1.00000144269432	1.44269431942324e-06	1.44269431942324e-06	1.44269431942324e-06	1.44269431942324e-06	1.00000072134734	1.44269431942324e-06	1.00000072134734	1.00000144269432	1.00000144269432	1.44269431942324e-06	1.00000144269432	1.00000144269432	1.44269431942324e-06	1.00000144269432	1.00000144269432	1.00000072134734	1.44269431942324e-06	1.00000144269432	1.58496298161942	1.44269431942324e-06	1.58496298161942	1.00000072134734	1.44269431942324e-06	1.44269431942324e-06	1.00000072134734	1.44269431942324e-06	1.58496298161942	1.58496298161942	1.00000072134734	1.00000144269432	1.00000144269432	2.00000036067372	1.00000144269432	1.00000072134734	1.00000144269432	1.00000144269432	1.44269431942324e-06	1.00000144269432	1.00000144269432	1.44269431942324e-06	1.00000144269432	1.00000072134734	1.00000072134734	1.00000072134734	1.00000144269432	1.00000072134734	1.00000144269432	1.44269431942324e-06	1.00000144269432	1.44269431942324e-06	1.00000144269432	1.00000144269432	1.00000144269432	1.00000144269432	1.00000144269432	1.00000144269432	1.00000144269432	1.00000144269432	1.00000144269432	1.00000144269432	1.00000144269432	1.00000072134734	1.44269431942324e-06	1.00000144269432	1.00000144269432	1.44269431942324e-06	1.00000072134734	1.00000144269432	1.58496298161942	1.44269431942324e-06	1.00000144269432	1.00000144269432	1.00000144269432	1.44269431942324e-06	1.00000144269432	1.00000072134734	1.44269431942324e-06	1.00000144269432	1.44269431942324e-06	1.44269431942324e-06	1.00000144269432	1.00000144269432	1.44269431942324e-06	1.00000144269432	1.00000072134734	1.00000072134734	1.58496298161942	1.44269431942324e-06	1.00000144269432	1.00000144269432	1.00000144269432	1.44269431942324e-06	1.00000144269432	1.44269431942324e-06	1.00000144269432	1.00000144269432	1.00000144269432	1.00000144269432	1.00000144269432	1.00000144269432	1.00000144269432	1.00000144269432	1.00000144269432	1.00000144269432	1.00000144269432	1.00000144269432	1.44269431942324e-06	1.00000144269432	1.00000144269432	1.00000072134734	1.44269431942324e-06	1.00000144269432	1.00000144269432	1.00000144269432	1.00000144269432	1.00000144269432	1.00000144269432	1.44269431942324e-06	1.58496298161942	1.44269431942324e-06	1.44269431942324e-06	1.00000144269432	1.00000144269432	1.44269431942324e-06	1.00000144269432	1.44269431942324e-06	1.00000144269432	1.00000144269432	1.00000144269432	1.00000144269432	1.00000144269432	1.44269431942324e-06	1.00000144269432	1.00000144269432	4.08746292611475	1.00000144269432	1.00000144269432	1.00000144269432	1.44269431942324e-06	1.00000144269432	1.00000144269432	4.08746292611475	1.00000144269432	1.44269431942324e-06	1.00000144269432	1.00000144269432	1.00000144269432	2.32192838342634	3.80735502510725	1.00000072134734	1.00000072134734	1.00000144269432	1.00000144269432	1.44269431942324e-06	1.00000144269432	1.00000072134734	1.00000144269432	1.00000144269432	1.00000144269432	1.00000144269432	1.00000144269432	1.00000144269432	5.32192813095474	5.39231745712864	5.67242537025963	5.00000004508422	4.64385624748253	5.83289003947518	4.80735497358243	5.00000004508422	5.55458888237328	5.08746288368255
TYMS	4.2479275893749	1.00000144269432	1.00000144269432	1.00000144269432	1.44269431942324e-06	1.00000144269432	1.00000144269432	1.00000144269432	1.00000144269432	1.00000144269432	1.00000144269432	8.11374217125747	7.99435344251649	7.82017896879879	7.6438561969882	8.04439412482321	8.09803208822584	8.27146303257329	7.95419631620419	8.64385619338146	8.57742883181244	8.33985000733739	8.76487159405263	8.10328781365819	8.2045711491397	8.38801728965169	8.40087944055051	8.43879185673588	8.09275714620445	8.49984589106855	8.01680829325681	8.10328781365819	8.65463603210786	8.75488750550304	8.74819285294456	8.53138146441549	8.35314682990999	8.43879185673588	8.23840474410222	8.3083390346905	8.41362793325495	8.96578428754748	9.15734693788945	8.49984589106855	8.88569637638949	8.65463603210786	8.38801728965169	8.98584193984889	9.04712391484124	8.94251450827155	8.14465824792974	8.00562455480748	9.14465824538081	8.43879185673588	5.75488752888004	6.14974713982433	5.75488752888004	6.04439414121747	6.22881870973181	6.18982457864296	5.93073736121362	6.06608921199053	5.8826430738143	6.02236783522376	6.04439414121747	6.10852447768679	5.97727994639984	5.90689061965344	5.8826430738143	6.1292830375549	6.04439414121747	6.20945338512483	6.04439414121747	6.2667865594312	6.14974713982433	6.24792753242642	6.10852447768679	6.16992502147974	6.14974713982433	6.1292830375549	6.2667865594312	6.06608921199053	6.18982457864296	6.18982457864296	6.53915882662088	6.42626477147762	6.68650054118997	6.71424553140608	6.52356197173848	6.70043973201316	6.67242535611556	6.70043973201316	6.55458886702546	6.50779465605249	6.16992502147974	6.02236783522376	5.8826430738143	6.02236783522376	5.95419633365615	6.04439414121747	6.18982457864296	6.1292830375549	5.70043974588523	5.93073736121362	5.49185312838956	6.14974713982433	5.70043974588523	5.64385621862863	6.14974713982433	5.97727994639984	6.32192811292105	5.97727994639984	5.49185312838956	6.37503944872879	6.10852447768679	6.04439414121747	6.16992502147974	6.45943163503156	6.20945338512483	6.33985002069568	6.3923174399537	6.16992502147974	6.14974713982433	6.40939095311058	6.20945338512483	6.10852447768679	6.40939095311058	6.28540223735834	6.44294351243143	6.28540223735834	6.30378076643907	6.08746286246644	6.28540223735834	6.1292830375549	6.20945338512483	5.93073736121362	6.33985002069568	6.02236783522376	6.3923174399537	6.14974713982433	6.00000002254211	5.85798102000162	6.16992502147974	5.5849625307773	6.1292830375549	5.64385621862863	5.72792048178386	5.83289003947518	8.45121111595432	8.96866679607484	7.73470962699905	7.88874325498558	4.58496256083345	8.4178525191043	7.15987134686717	7.74819285629967	6.96578429620365	7.96000193786204	7.88874325498558	4.58496256083345	8.4178525191043	7.15987134686717	7.74819285629967	6.96578429620365	7.96000193786204	1.00000144269432	1.00000144269432	1.00000144269432	1.00000144269432	5.28540225585443	3.00000018033687	4.00000009016844	5.00000004508422	3.16992516174175	4.16992508159203	6.6582114970359	5.04439416307648	4.85798104487568	7.04439413028796	6.75488751552176	5.70043974588523	6.24792753242642	6.95419632202151	7.65821148989385	5.12928305816482	5.93073736121362	6.30378076643907	5.90689061965344	6.80735493493881	6.20945338512483	5.24792755140924	6.1292830375549	5.67242537025963	6.20945338512483
ID3	11.786678034299	6.42626477147762	5.5849625307773	7.09803209349115	7.39231743136623	6.10852447768679	6.91886324919769	7.06608920122415	6.98868469813197	6.71424553140608	6.76818433801266	6.32192811292105	7.357552013415	6.45943163503156	6.75488751552176	6.72792046817353	6.55458886702546	6.98868469813197	7.12928302724993	7.26678655006305	7.12928302724993	7.65105169835652	8.08746284655437	8.11894107791306	7.76818433139479	7.86418615084611	7.15987134686717	8.54303182412305	8.3083390346905	7.36632222298942	7.13955136263067	7.08746285185839	7.53915881886446	8.45943162273586	8.08746284655437	7.9772799292249	8.0714623679198	7.39231743136623	7.247927522935	7.23840474887935	7.56985561592408	6.72792046817353	6.3923174399537	6.52356197173848	7.38370430111295	7.15987134686717	6.88264306158807	8.00562455480748	6.96578429620365	7.03342301255039	8.36632221861762	7.7142455245361	7.17990909996456	6.55458886702546	5.45943165142582	4.75488755559662	5.20945340462071	5.70043974588523	5.45943165142582	5.12928305816482	5.61470987355796	5.45943165142582	4.95419635692542	5.32192813095474	5.5849625307773	5.16992504151717	5.39231745712864	5.64385621862863	5.78135973975548	5.42626478825315	5.64385621862863	5.93073736121362	5.67242537025963	5.80735494782002	5.64385621862863	5.97727994639984	5.70043974588523	5.78135973975548	5.67242537025963	5.39231745712864	5.28540225585443	5.08746288368255	5.42626478825315	5.67242537025963	5.32192813095474	5.35755203980577	6.53915882662088	6.42626477147762	6.22881870973181	6.44294351243143	6.35755202221193	6.47573344717645	6.45943163503156	6.50779465605249	5.61470987355796	6.16992502147974	5.90689061965344	5.95419633365615	5.95419633365615	5.95419633365615	5.75488752888004	5.90689061965344	6.14974713982433	6.00000002254211	6.08746286246644	6.06608921199053	5.93073736121362	5.90689061965344	6.06608921199053	6.08746286246644	5.67242537025963	5.28540225585443	5.32192813095474	5.20945340462071	5.08746288368255	5.12928305816482	5.67242537025963	5.04439416307648	5.64385621862863	6.08746286246644	5.78135973975548	6.1292830375549	5.80735494782002	5.52356198741995	5.67242537025963	5.49185312838956	5.72792048178386	5.64385621862863	5.8826430738143	5.85798102000162	5.52356198741995	5.75488752888004	5.75488752888004	6.02236783522376	5.55458888237328	6.02236783522376	5.85798102000162	5.83289003947518	5.95419633365615	5.90689061965344	5.95419633365615	5.39231745712864	5.80735494782002	5.75488752888004	5.39231745712864	5.61470987355796	5.67242537025963	5.78135973975548	12.5674808013807	12.1858046154181	12.5038257382442	11.1642784389298	9.7004397198751	9.64745842825379	8.82017896560699	9.56414949189154	9.01680829047168	11.1395513530383	11.1642784389298	9.7004397198751	9.64745842825379	8.82017896560699	9.56414949189154	9.01680829047168	11.1395513530383	8.82654849046866	8.99152184891007	9.85486838481822	9.33315535254735	10.9815672826165	10.3531468266011	9.78135971516409	12.1433832143087	11.8730595480461	11.5531492760786	12.9205389497699	13.2253580866052	12.6934869577171	12.95564990771	14.0740578162183	12.9246269600909	11.103943430547	12.413892328637	12.9592775059017	9.24792751581644	9.28771238185776	9.68650052893406	9.38586240279796	9.81858217907853	9.68299458543679	8.37503943569239	8.64024493983812	8.97441459267371	9.38801728749841
MYBBP1A	13.3402673891227	10.4325419014322	10.7423094369262	11.5406124087338	11.0505289062108	10.6411485983146	10.6174674662125	10.5727002274346	10.3060616905679	10.589651147451	10.6147098450353	11.2413873645948	11.214319121408	11.0573148784597	10.9173720802228	11.1150436508122	11.2401950545763	11.4873376157097	11.2191685210673	11.6763978874856	11.6443069619963	11.7389366820982	11.9366379393706	11.5555477721264	11.5102696713928	11.7013064623919	11.6987046672044	11.8486229408205	11.6799198789581	11.127349541704	11.0808175282744	11.129283017589	11.5289424155531	11.7313190314494	11.6679985361159	11.5201275508161	11.3415188238012	11.5655781372603	11.397674633483	11.3348319286765	11.593857939325	10.3750394324333	10.5536292948762	10.6402449371263	11.1529185767702	11.0450770526177	9.54689446181637	11.1344263208627	10.9614496951217	10.9248125043479	11.8661197936895	11.5333297327926	11.060695932363	10.8392037888844	7.22881870011385	7.18982456876149	7.357552013415	7.26678655006305	7.04439413028796	7.38370430111295	7.16992501146103	7.247927522935	7.67242534904353	7.65105169835652	7.36632222298942	7.4998458950539	7.40939094462414	7.434628235976	7.6147098514759	7.56985561592408	7.55458885935155	7.49185310434465	7.4998458950539	7.56985561592408	7.65821148989385	7.5999128496237	7.6147098514759	7.57742883558913	7.41785252332271	7.45943162683443	7.40087944481884	7.6147098514759	7.68650053418659	7.67948010654298	7.6438561969882	7.42626476308986	8.1749256874927	8.184875347866	8.20945337050292	8.09803208822584	8.21916852530342	8.29001885154187	7.95419631620419	8.02790600209745	7.11894108310261	7.40087944481884	7.40939094462414	7.34872816308197	7.41785252332271	7.36632222298942	7.32192810390421	7.39231743136623	7.58496250823519	7.6438561969882	7.54689446760258	7.57742883558913	7.84549005721696	7.73470962699905	7.67948010654298	7.72792046136836	7.48381578532401	7.39231743136623	7.49185310434465	7.40087944481884	7.39231743136623	7.38370430111295	7.46760555823382	7.21916853014468	7.06608920122415	7.29462075808077	7.23840474887935	7.33985001179015	7.44294350414008	7.4512111200763	7.73470962699905	7.78135972008237	7.69348696446887	7.57742883558913	7.69348696446887	7.56985561592408	7.62935662736595	7.65821148989385	7.5999128496237	7.40087944481884	7.36632222298942	7.49185310434465	7.6147098514759	7.33985001179015	7.31288296435791	7.11894108310261	7.17990909996456	7.13955136263067	7.21916853014468	6.87036473191413	7.14974712966451	7.21916853014468	7.10852446723248	7.01122726660694	11.2467405990868	12.4686240431726	11.0973737696487	10.108524458085	9.67065625088862	10.5679560763659	8.83605035821495	9.65821148453731	10.286557762763	10.4655664058297	10.108524458085	9.67065625088862	10.5679560763659	8.83605035821495	9.65821148453731	10.286557762763	10.4655664058297	0	0	0	0	0	0	0	0	0	0	0	0	0	0	0	0	0	0	0	1.00000072134734	1.00000144269432	1.00000144269432	1.00000144269432	1.00000144269432	1.00000144269432	1.00000144269432	1.00000144269432	1.44269431942324e-06	1.00000144269432
NR2F6	6.98868469813197	6.22881870973181	6.35755202221193	6.89481777543143	6.8201789751824	6.49185311235962	6.98868469813197	5.95419633365615	6.00000002254211	6.64385620420168	6.33985002069568	0	0	0	0	0	0	0	0	0	0	0	0	0	0	0	0	0	0	0	0	0	0	0	0	0	0	0	0	0	0	0	0	0	0	0	0	0	0	0	0	0	0	0	4.00000009016844	3.45943174979139	3.80735502510725	3.80735502510725	4.2479275893749	4.08746292611475	4.2479275893749	4.16992508159203	4.00000009016844	3.00000018033687	3.70043982911763	3.90689069178818	4.45943168421434	3.80735502510725	4.80735497358243	3.80735502510725	3.80735502510725	4.00000009016844	4.08746292611475	3.80735502510725	3.58496262094574	3.70043982911763	3.45943174979139	3.90689069178818	4.16992508159203	4.32192816702211	3.70043982911763	4.32192816702211	3.90689069178818	3.16992516174175	3.45943174979139	4.16992508159203	5.61470987355796	4.90689064369835	5.55458888237328	5.64385621862863	5.45943165142582	5.64385621862863	5.20945340462071	5.67242537025963	3.70043982911763	4.39231749147852	4.70043977362936	4.32192816702211	3.16992516174175	4.08746292611475	4.52356201878288	3.90689069178818	4.2479275893749	4.70043977362936	4.32192816702211	4.45943168421434	4.85798104487568	4.52356201878288	4.52356201878288	4.70043977362936	3.45943174979139	3.58496262094574	4.00000009016844	4.32192816702211	4.45943168421434	4.58496256083345	4.00000009016844	3.90689069178818	4.52356201878288	4.39231749147852	4.64385624748253	4.64385624748253	4.39231749147852	4.16992508159203	3.80735502510725	3.90689069178818	4.16992508159203	3.80735502510725	3.16992516174175	3.80735502510725	3.70043982911763	3.80735502510725	3.70043982911763	3.58496262094574	3.45943174979139	4.08746292611475	4.32192816702211	4.39231749147852	4.39231749147852	4.2479275893749	4.16992508159203	3.32192823915686	3.80735502510725	3.45943174979139	3.80735502510725	3.45943174979139	3.70043982911763	4.16992508159203	8.79116289181167	8.53527538050947	8.49185310033716	9.55074678730684	7.56224243185438	7.10852446723248	6.02236783522376	7.90086681401713	6.89481777543143	8.91288933922311	9.55074678730684	7.56224243185438	7.10852446723248	6.02236783522376	7.90086681401713	6.89481777543143	8.91288933922311	8.8826430524184	8.11894107791306	9.26678654303694	8.9971794837609	12.2124963854979	12.6967502367395	12.0821490416866	12.1475229446687	11.7644569640346	12.321082518292	12.4413880296061	12.4855777711547	12.719816603232	12.146568676059	12.7210991889209	12.0593444611625	10.2946207500403	10.4787696204868	11.7202442587152	6.72792046817353	6.6582114970359	6.68650054118997	6.95419632202151	7.39231743136623	6.44294351243143	6.30378076643907	6.76818433801266	6.02236783522376	6.58496251574923
PPARG	10.4665863387388	1.44269431942324e-06	1.44269431942324e-06	1.44269431942324e-06	1.44269431942324e-06	1.00000072134734	2.80735512815688	1.58496298161942	1.00000144269432	2.32192838342634	1.58496298161942	7.05528244634852	7.39231743136623	6.56985562351721	6.8201789751824	6.95419632202151	7.04439413028796	6.8579810075646	7.16992501146103	7.76155123909284	7.45943162683443	7.89481776936969	7.85174904766149	7.23840474887935	7.4998458950539	7.247927522935	7.4998458950539	7.87651695270413	7.5999128496237	6.97727993494988	6.62935663465229	7.27612441458195	7.21916853014468	7.14974712966451	7.82017896879879	7.62935662736595	7.44294350414008	7.66533592429205	7.26678655006305	7.56985561592408	7.09803209349115	7.03342301255039	7.80735492849821	7.01122726660694	6.80735493493881	6.88264306158807	6.53915882662088	7.26678655006305	7.59245704474318	7.47573343907143	8.19967234974349	8.33091688259504	7.14974712966451	7.02236782412611	0	0	0	0	0	0	0	0	0	0	0	0	0	0	0	0	0	0	0	0	0	0	0	0	0	0	0	0	0	0	0	0	0	0	0	0	0	0	0	0	0	0	0	0	0	0	0	0	0	0	0	0	0	0	0	0	0	0	0	0	0	0	0	0	0	0	0	0	0	0	0	0	0	0	0	0	0	0	0	0	0	0	0	0	0	0	0	0	0	0	0	0	0	0	1.00000144269432	3.80735502510725	1.00000072134734	1.00000144269432	1.00000144269432	4.75488755559662	4.32192816702211	5.49185312838956	4.08746292611475	3.90689069178818	1.00000144269432	1.00000144269432	4.75488755559662	4.32192816702211	5.49185312838956	4.08746292611475	3.90689069178818	4.08746292611475	2.58496274117031	4.08746292611475	3.58496262094574	11.1548181096849	10.4008794373493	11.7189609124122	10.6211361141906	11.0667619330595	12.0323901692109	10.2644426013995	10.9628960060601	11.1369911127209	10.1811522581082	10.363039631352	10.3342732864247	6.91886324919769	7.13955136263067	8.48381578129413	7.25738785212203	6.49185311235962	7.07681560773746	6.96578429620365	6.88264306158807	5.97727994639984	6.58496251574923	6.49185311235962	6.62935663465229	6.62935663465229
PPP1CA	14.4122390369731	10.8049376728583	10.9248125043479	11.2497060575622	11.1098306549316	10.471675215408	10.9908130798626	11.2173519058763	11.5660540386469	11.1780423294875	11.1510165395267	1.00000144269432	1.00000144269432	1.00000144269432	1.00000144269432	1.00000144269432	1.00000144269432	1.00000144269432	1.00000144269432	1.00000144269432	1.00000144269432	1.00000144269432	1.00000144269432	1.00000144269432	1.00000144269432	1.00000144269432	1.00000144269432	1.00000144269432	1.00000144269432	1.00000144269432	1.00000144269432	1.00000144269432	1.00000144269432	1.00000144269432	1.00000144269432	1.00000144269432	1.00000144269432	1.00000144269432	1.00000144269432	1.00000144269432	1.00000144269432	1.00000144269432	1.00000144269432	1.00000144269432	1.00000144269432	1.00000144269432	1.00000144269432	1.00000144269432	1.00000144269432	1.00000144269432	1.00000144269432	1.00000144269432	1.00000144269432	1.00000144269432	9.07948478649353	8.98299357754549	9.1873520756751	9.07146236523821	9.09275714356215	9.14210705985599	9.10590851118948	9.03617361530148	9.4178525169951	9.33091688035483	9.45532722235968	9.39016895835025	9.45738088112473	9.4178525169951	9.53915881304714	9.39231742492563	9.30833903241495	9.37721053255802	9.38586240279796	9.45943162068658	9.46147944933253	9.40301202570601	9.39231742492563	9.44914864743938	9.47370575164852	9.35755200681731	9.44086916968669	9.50779464218042	9.44914864743938	9.42206476827587	9.45121111389332	9.50779464218042	10.1922928157038	10.2348174323146	10.2300204369069	10.2877123807036	10.2597432648675	10.215533000959	10.2348174323146	10.2118882957624	9.5235619580172	9.45532722235968	9.51963625480874	9.5622424261294	9.6293566219012	9.46964181927435	9.48179943368351	9.60917873998922	9.64385619157809	9.64925617931395	9.60733031559922	9.80089990153768	9.63481105198643	9.58871463745589	9.55458885359612	9.53332973425279	9.24792751581644	9.1873520756751	9.19475685688418	9.21674586062	9.3353903569272	9.22881869290037	9.20945336806593	9.30606169170748	9.45738088112473	9.46352437531466	9.34207467022209	9.41362793113956	9.35755200681731	9.40301202570601	9.33315535254735	9.29691620917292	9.36194377592779	9.37721053255802	9.29691620917292	9.19721669556779	9.24079133454658	9.29462075118891	9.22641219519729	9.30378075045985	9.29920802067727	9.32418054886944	9.38154295334755	9.33315535254735	9.29462075118891	9.33315535254735	9.02236781580287	9.14720492748666	9.14210705985599	9.21431912322955	8.91288933922311	9.01122725821917	9.06608919314937	9.08480839046126	13.6726463262351	13.0676024190575	13.7548875022678	12.7340744916398	11.3723209554115	11.569380959997	10.4532706350396	11.4517262685896	11.7030383894191	12.5134808762258	12.7340744916398	11.3723209554115	11.569380959997	10.4532706350396	11.4517262685896	11.7030383894191	12.5134808762258	0	0	0	0	0	0	0	0	0	0	0	0	0	0	0	0	0	0	0	1.00000144269432	1.00000144269432	1.00000144269432	1.00000144269432	1.00000144269432	1.00000144269432	1.00000144269432	1.00000144269432	1.00000144269432	1.00000144269432
PRKAA1	12.8239642586857	7.55458885935155	6.84549006348955	7.27612441458195	6.3923174399537	6.56985562351721	7.48381578532401	7.15987134686717	7.74146699314271	7.41785252332271	6.8579810075646	10.3520434268993	10.3241805477441	10.3014961961257	10.3431857165585	10.1369911133615	10.3241805477441	10.7540523683643	10.6653359180735	10.3520434268993	10.1484765834494	10.6054795189877	10.1674181470863	10.1045987548747	9.99576715229082	10.1686721193857	10.2118882957624	10.1176431026876	9.97727992493116	10.550746786345	10.5545888526369	10.8864586964658	11.0396045186391	10.9023751152398	11.0993478110608	10.8525295101845	10.6917435200435	10.7673568549534	10.8265484880854	10.5980525010924	10.8392037888844	10.4676055511018	10.9248125043479	10.8641861454283	11.1234747988908	11.0021117771833	10.6733090764452	11.1885888463255	10.9461752414548	10.5439984511008	10.1848753441477	10.0014081958003	10.8603110556955	10.5372184015095	7.57742883558913	7.62935662736595	7.70735913898373	7.83920379439692	7.73470962699905	7.65821148989385	7.82017896879879	7.56985561592408	8.2045711491397	8.32192809939578	8.21431912565832	8.04439412482321	8.11894107791306	8.21431912565832	8.16992500645167	8.10328781365819	8.16992500645167	7.98868469245207	8.02790600209745	8.00000000563553	8.06608919584096	8.06069593709091	7.86418615084611	8.13442632535507	7.73470962699905	7.84549005721696	7.69348696446887	7.88264305547496	7.96000193786204	7.84549005721696	7.87036472574877	7.81378119762902	8.52356195997738	8.43879185673588	8.37068741116581	8.39660478546285	8.52747700997014	8.45943162273586	8.47978026807026	8.37068741116581	7.58496250823519	7.70043972507713	7.79441587284873	7.62935662736595	7.7142455245361	7.70043972507713	7.4512111200763	7.69348696446887	7.88264305547496	7.85174904766149	7.80089990638979	7.90086681401713	7.78790256591946	7.84549005721696	7.91886324323614	7.84549005721696	7.76155123909284	7.7210991955446	7.8265484936464	7.81378119762902	7.78790256591946	7.80735492849821	7.9248125095428	7.7142455245361	7.98299358039666	8.01680829325681	7.94251451120385	7.9248125095428	7.94251451120385	7.88874325498558	7.93073734347557	8.00000000563553	8.01680829325681	7.93663794489112	7.87036472574877	8.03891899477783	7.72792046136836	7.94251451120385	8.33091688259504	8.184875347866	8.1649069317025	8.15987134182278	8.184875347866	8.36632221861762	8.22881869530487	8.12928302209745	7.94836723742555	7.83289002049235	7.8265484936464	7.80735492849821	7.66533592429205	7.88264305547496	8.02236781857728	7.99435344251649	6.78135972664007	7.65105169835652	5.93073736121362	1.00000144269432	5.80735494782002	8.60733031744883	8.02790600209745	8.54689446374511	7.20945337537689	7.09803209349115	1.00000144269432	5.80735494782002	8.60733031744883	8.02790600209745	8.54689446374511	7.20945337537689	7.09803209349115	7.15987134686717	7.06608920122415	8.17990909498974	8.20945337050292	10.7142455185249	10.6899979722927	10.8097681295141	10.5915223475057	10.6934869583705	10.7615512332755	11.2366122008136	10.9248125043479	10.8209766934187	11.534302882941	11.1861142401608	11.3269911754624	10.0306671376262	10.2348174323146	11.4983506084283	10.8352609194171	10.408329741829	10.5137275969392	10.494855585491	10.2830883541819	10.4398308850201	10.9255544406153	10.5255208100738	10.9844184595132	10.286557762763
PRKAA2	7.4998458950539	1.44269431942324e-06	1.58496298161942	2.58496274117031	2.80735512815688	3.00000018033687	2.32192838342634	2.32192838342634	3.16992516174175	2.58496274117031	2.80735512815688	3.00000018033687	2.58496274117031	2.58496274117031	1.00000072134734	3.00000018033687	3.00000018033687	3.16992516174175	2.58496274117031	3.32192823915686	3.00000018033687	3.32192823915686	3.32192823915686	3.16992516174175	3.80735502510725	3.16992516174175	3.45943174979139	4.2479275893749	3.80735502510725	3.16992516174175	2.58496274117031	3.00000018033687	4.08746292611475	4.32192816702211	4.16992508159203	4.08746292611475	3.90689069178818	4.64385624748253	4.39231749147852	4.80735497358243	4.52356201878288	2.80735512815688	3.58496262094574	2.00000036067372	3.45943174979139	3.45943174979139	2.80735512815688	3.90689069178818	4.32192816702211	4.08746292611475	4.75488755559662	4.45943168421434	3.58496262094574	3.58496262094574	1.00000144269432	1.44269431942324e-06	1.00000144269432	1.44269431942324e-06	1.00000144269432	1.00000144269432	1.58496298161942	1.00000144269432	1.00000144269432	1.00000144269432	1.00000144269432	1.00000072134734	1.00000072134734	1.00000144269432	1.00000144269432	1.00000144269432	1.00000144269432	1.44269431942324e-06	1.00000144269432	1.44269431942324e-06	1.00000144269432	1.00000144269432	1.00000144269432	1.00000144269432	1.00000144269432	1.44269431942324e-06	1.00000144269432	1.00000144269432	1.44269431942324e-06	1.00000144269432	1.00000144269432	1.00000144269432	1.00000072134734	1.00000144269432	1.44269431942324e-06	1.00000144269432	1.00000072134734	1.44269431942324e-06	1.44269431942324e-06	1.00000144269432	1.00000144269432	1.44269431942324e-06	1.00000144269432	1.00000144269432	1.00000144269432	1.44269431942324e-06	1.00000144269432	1.44269431942324e-06	1.00000144269432	1.00000072134734	1.44269431942324e-06	1.00000072134734	1.00000144269432	1.00000144269432	1.00000144269432	1.00000072134734	1.44269431942324e-06	1.00000072134734	1.00000144269432	1.00000144269432	1.00000144269432	1.00000144269432	1.00000144269432	1.00000072134734	1.00000144269432	1.44269431942324e-06	1.00000144269432	1.00000072134734	1.44269431942324e-06	1.44269431942324e-06	1.00000144269432	1.00000144269432	1.00000144269432	1.44269431942324e-06	1.44269431942324e-06	1.00000144269432	1.00000144269432	1.00000144269432	1.00000144269432	1.00000144269432	1.00000144269432	1.00000144269432	1.00000144269432	1.00000144269432	1.44269431942324e-06	1.00000144269432	1.00000144269432	1.00000144269432	1.00000144269432	1.44269431942324e-06	1.44269431942324e-06	1.00000144269432	1.00000144269432	1.00000144269432	1.00000144269432	1.00000072134734	1.00000144269432	5.70043974588523	2.80735512815688	3.00000018033687	2.32192838342634	3.90689069178818	1.00000144269432	1.00000144269432	5.70043974588523	2.80735512815688	3.00000018033687	2.32192838342634	3.90689069178818	1.00000144269432	1.00000144269432	1.00000144269432	2.00000036067372	1.00000144269432	1.00000144269432	7.357552013415	4.00000009016844	7.40087944481884	10.0195907297478	7.98299358039666	10.0701209458189	9.92332748690498	7.9772799292249	8.70735913553231	8.3837042967935	6.08746286246644	8.2526654371804	3.00000018033687	2.00000036067372	5.85798102000162	1.44269431942324e-06	3.16992516174175	1.44269431942324e-06	1.44269431942324e-06	2.32192838342634	3.16992516174175	2.00000036067372	3.16992516174175	1.00000072134734	1.44269431942324e-06
SIK1	10.8887432496592	5.52356198741995	6.88264306158807	5.93073736121362	5.32192813095474	6.04439414121747	6.22881870973181	5.55458888237328	3.90689069178818	6.20945338512483	6.33985002069568	11.8533095557936	12.3896313395294	11.7960396092355	12.1078709146065	12.2008986053449	12.8486229406249	11.9458095852665	11.9964734890863	12.5010907705234	12.360572781755	12.3224915378791	12.3525952314102	12.0416591519794	12.2983490159446	12.5377037481503	12.2903068965459	12.8665062124194	12.566529782862	11.9080172614382	11.9173720798498	12.7915699123304	12.8634119591352	12.2476308765354	12.2960558383657	12.2573878429873	12.1861142398512	12.0927571412501	11.9461752410892	11.8761332004268	11.9136374284231	12.1576627275242	11.3454052472723	12.0313565966004	11.6077926423815	11.4908508772416	10.57364718844	11.8025163655251	11.957464847168	11.7923836153419	12.812177305715	12.9863753796131	11.8153832962138	11.93737382056	9.64385619157809	9.64385619157809	9.6420516947336	9.59991284404627	9.59058705178623	9.69696752797247	9.64565843420983	9.69174352091577	9.5526690994353	9.64745842825379	9.63662462235608	9.57742882992409	9.57364718938662	9.61286849913356	9.59245703913686	9.59991284404627	9.39016895835025	9.27612440760116	9.3728650622886	9.27612440760116	9.40087943841635	9.31514956452113	9.49385545124179	9.45327063606868	9.59618975800836	9.53332973425279	9.58308276938389	9.7004397198751	9.65821148453731	9.75988818488584	9.66533591896189	9.75988818488584	10.5574637025552	10.6091787390656	10.6339034102564	10.6635581051067	10.5952574823816	10.6438561906764	10.6183855031764	10.6156296378876	9.82177398356471	9.82813648578123	9.73809226130983	9.78463484719323	9.78463484719323	9.73809226130983	9.79766152747477	9.72962074525233	10.0154150537806	9.98868468819214	10.0126245402617	10.1032878097236	9.91288933772653	9.96434086923656	10.0000000014089	9.93073733904106	10.1910592157658	10.2372099619503	10.1947568556532	10.2526654336328	10.1811522581082	10.2057932506187	10.2033480042034	10.2203783289045	10.091435387646	10.092757142241	10.0539258828883	10.007027268296	10.1228279961016	10.0660891918036	10.7347096210725	10.7960396096412	10.8041310219902	10.7490313828785	10.7632123676445	10.7473538303173	10.7573900102001	10.8097681295141	10.0539258828883	9.99010396527608	10.0168082890791	10.0195907297478	10.0279059979518	9.96578428610478	9.97154355538772	9.94982671221785	9.98156728333001	9.89935692443379	9.91587938032925	9.96866679463502	9.86263735910841	9.99576715229082	9.89178370473694	10.0084286234713	9.58683978983789	9.92481250509003	9.48984796244583	10.2714630290716	8.40514146739208	9.71080643542095	8.774787062895	9.96722626027725	9.21188829697888	9.98726401349391	10.2714630290716	8.40514146739208	9.71080643542095	8.774787062895	9.96722626027725	9.21188829697888	9.98726401349391	7.44294350414008	7.48381578532401	9.22641219519729	8.58871463932952	9.72962074525233	11.526010107551	8.82017896560699	11.7202442587152	10.8097681295141	11.3185428102676	12.8626373577525	12.6906527995667	13.1757054756818	12.8834069865793	12.9357175595441	13.5466533477755	12.5384314631925	11.4019461245097	14.9434763479166	7.57742883558913	7.93663794489112	7.38370430111295	7.34872816308197	7.90086681401713	8.10852446200533	8.4878400378417	9.19229281693691	7.93663794489112	8.74819285294456
BHLHE40	13.845882034482	9.67771964340254	8.91587938182272	9.33091688035483	8.84549005408067	7.90689060161975	8.71424552110111	10.2502984190908	10.3442959090256	8.57742883181244	10.4838157782717	12.1385917949575	12.4085951130635	12.2920339857872	12.323617763573	12.1664769511306	11.9454438367437	11.8249587409262	12.116668856292	12.0980320832896	11.769424641966	11.8575922860863	11.9697462511742	11.5816713590488	11.740624044911	11.9954138525785	11.7490313824593	11.851358649424	11.7498694278157	11.8792003183304	11.7473538298977	12.2115841533837	12.1771080420152	11.7163907899264	11.8982234715935	12.0861362253591	11.6626683759625	11.8201789628142	11.8324944847317	11.6366246209968	11.5835529309366	11.6960981713907	11.6483575824591	11.797661526259	11.1541852098983	11.3820835906825	10.3151495633887	11.6568717260608	11.6768386069148	11.3236177638545	12.2375087484714	12.1241213121524	11.6266216528146	11.8439210516815	8.42626475889598	8.53915881498624	8.48381578129413	8.33539035916047	8.43045255584726	8.46352437735814	8.41362793325495	8.4429434999944	8.84549005408067	8.78135971680351	8.87036472266609	8.77807713282168	8.83920379124693	8.87344411559149	8.73470962361245	8.71424552110111	8.30378075274259	8.35755200901654	8.27146303257329	8.22400167902317	8.27146303257329	8.24792751818929	8.24317398823432	8.30378075274259	7.8265484936464	7.98299358039666	7.77478706618882	7.85174904766149	7.68650053418659	8.00562455480748	7.76155123909284	7.6438561969882	9.56795607731625	9.44914864743938	9.58496250259967	9.59432460579121	9.53721840248031	9.54109661728603	9.60362634684056	9.5313814624659	9.27146303023883	9.3353903569272	9.30833903241495	9.24317398585364	9.37937836923747	9.25974326604428	9.29232163510299	9.23840474171365	9.48784003583238	9.42206476827587	9.49585502888536	9.3353903569272	9.25738784505	9.40939093825931	9.32867492957164	9.43879185465707	8.70043972160911	8.61102480099711	8.47167521845597	8.72792045796578	8.62205182311804	8.65821148632282	8.61102480099711	8.56985561212751	8.58871463932952	8.56605404197767	8.54303182412305	8.65821148632282	8.57364719127992	8.57742883181244	9.79279029592755	9.81378119282003	9.8672787412543	9.85174904297742	9.84549005251252	9.8841705206351	9.75655632419194	9.83447105156439	9.58496250259967	9.62205182128721	9.57931593946589	9.48784003583238	9.56795607731625	9.56795607731625	9.61470984595538	9.48784003583238	9.11374216865333	9.12412131441466	9.15228484484207	9.17242751114582	9.08746284390235	9.1623913312747	8.96000193496506	9.06608919314937	9.45738088112473	10.0660891918036	8.22400167902317	10.3140167050347	8.67595703646912	10.4532706350396	10.3761253903617	11.4372319015597	10.0126245402617	11.0620461383953	10.3140167050347	8.67595703646912	10.4532706350396	10.3761253903617	11.4372319015597	10.0126245402617	11.0620461383953	8.44708323034345	8.42206477037892	10.7330153225336	10.4635243742929	12.120237877666	13.2993511359395	12.0372037414952	11.9366379393706	10.9992953877282	12.5891829672735	12.0887882390481	11.5308939816815	12.2479275137402	12.1598713370937	11.1879705926026	11.7469341367921	11.8033239194452	8.84549005408067	13.3505248720926	10.3933904585166	10.1344263215045	10.4968537783864	10.5812005828667	10.2992080195323	9.71938882265346	10.2203783289045	9.89784545751777	10.0980320842769	10.004220467723
BHLHE41	8.61470984779555	6.24792753242642	4.75488755559662	6.64385620420168	6.28540223735834	5.45943165142582	5.85798102000162	6.78135972664007	6.68650054118997	5.16992504151717	5.75488752888004	0	0	0	0	0	0	0	0	0	0	0	0	0	0	0	0	0	0	0	0	0	0	0	0	0	0	0	0	0	0	0	0	0	0	0	0	0	0	0	0	0	0	0	0	0	0	0	0	0	0	0	0	0	0	0	0	0	0	0	0	0	0	0	0	0	0	0	0	0	0	0	0	0	0	0	0	0	0	0	0	0	0	0	0	0	0	0	0	0	0	0	0	0	0	0	0	0	0	0	0	0	0	0	0	0	0	0	0	0	0	0	0	0	0	0	0	0	0	0	0	0	0	0	0	0	0	0	0	0	0	0	0	0	0	0	0	0	8.05528244092486	9.13955135495676	7.6147098514759	5.78135973975548	7.10852446723248	8.10852446200533	7.94836723742555	8.73470962361245	6.45943163503156	7.73470962699905	5.78135973975548	7.10852446723248	8.10852446200533	7.94836723742555	8.73470962361245	6.45943163503156	7.73470962699905	3.16992516174175	4.32192816702211	7.16992501146103	7.02236782412611	7.85174904766149	6.35755202221193	7.53138146831466	8.13955135751473	7.98299358039666	7.56985561592408	8.26209485006951	8.18982456382075	7.82017896879879	7.28540222811029	7.7210991955446	7.47573343907143	6.30378076643907	6.35755202221193	7.04439413028796	8.27146303257329	9.52552081105259	8.48381578129413	9.16741814834077	9.98013957906757	9.15734693788945	7.97154355969856	9.19967234728993	8.93957921725297	9.12412131441466
CIART	9.84235034498537	1.00000144269432	3.45943174979139	1.00000072134734	3.32192823915686	1.44269431942324e-06	2.80735512815688	1.44269431942324e-06	4.80735497358243	2.00000036067372	1.00000072134734	7.72792046136836	7.53915881886446	7.75488750884261	7.26678655006305	7.40939094462414	7.18982456876149	7.21916853014468	7.22881870011385	7.55458885935155	7.48381578532401	7.78135972008237	7.53915881886446	7.03342301255039	7.01122726660694	7.4998458950539	7.45943162683443	7.34872816308197	7.15987134686717	7.10852446723248	6.70043973201316	7.09803209349115	7.46760555823382	7.51569984616762	7.29462075808077	6.97727993494988	6.98868469813197	7.90086681401713	7.68650053418659	7.83920379439692	7.95419631620419	7.37503944003786	7.32192810390421	7.39231743136623	7.55458885935155	7.21916853014468	6.2667865594312	7.53915881886446	7.87651695270413	7.68650053418659	7.28540222811029	6.96578429620365	7.89481776936969	7.31288296435791	1.00000144269432	1.00000144269432	1.00000144269432	1.00000144269432	1.00000144269432	1.00000144269432	1.00000144269432	1.00000144269432	1.00000144269432	1.00000072134734	1.00000144269432	1.44269431942324e-06	1.44269431942324e-06	1.44269431942324e-06	1.00000144269432	1.00000144269432	1.00000144269432	1.44269431942324e-06	1.44269431942324e-06	1.00000144269432	1.00000144269432	1.00000144269432	1.00000144269432	1.44269431942324e-06	1.00000144269432	1.44269431942324e-06	1.00000144269432	1.00000144269432	1.44269431942324e-06	1.00000144269432	1.00000144269432	1.00000144269432	1.00000072134734	1.00000144269432	1.00000072134734	1.44269431942324e-06	1.00000144269432	1.44269431942324e-06	1.00000144269432	1.00000144269432	1.44269431942324e-06	1.44269431942324e-06	1.44269431942324e-06	1.58496298161942	2.00000036067372	1.44269431942324e-06	1.58496298161942	1.44269431942324e-06	1.00000144269432	1.44269431942324e-06	1.44269431942324e-06	1.00000072134734	1.00000144269432	1.00000144269432	1.00000144269432	1.00000144269432	1.00000144269432	1.44269431942324e-06	1.00000144269432	1.44269431942324e-06	1.00000072134734	1.58496298161942	1.44269431942324e-06	1.00000144269432	1.00000144269432	1.00000144269432	1.00000144269432	1.44269431942324e-06	1.00000144269432	1.44269431942324e-06	1.44269431942324e-06	1.44269431942324e-06	1.44269431942324e-06	1.00000144269432	1.00000072134734	1.44269431942324e-06	1.00000072134734	1.44269431942324e-06	1.00000072134734	1.58496298161942	1.44269431942324e-06	1.58496298161942	1.00000072134734	1.00000144269432	1.00000144269432	1.44269431942324e-06	1.00000144269432	1.00000072134734	1.00000072134734	1.44269431942324e-06	1.44269431942324e-06	2.00000036067372	1.00000144269432	1.44269431942324e-06	1.00000144269432	2.58496274117031	3.58496262094574	1.00000144269432	1.00000144269432	4.08746292611475	3.80735502510725	3.80735502510725	3.45943174979139	3.45943174979139	1.00000144269432	1.00000144269432	4.08746292611475	3.80735502510725	3.80735502510725	3.45943174979139	3.45943174979139	4.00000009016844	3.45943174979139	6.61470985883659	5.93073736121362	6.61470985883659	7.33091688707546	6.40939095311058	6.79441587934736	7.03342301255039	7.65821148989385	4.90689064369835	6.61470985883659	6.52356197173848	5.32192813095474	6.28540223735834	3.45943174979139	3.16992516174175	4.52356201878288	6.50779465605249	8.17990909498974	8.17990909498974	8.25738784740734	8.36632221861762	8.5961897598723	8.47978026807026	7.52356196389775	8.03342300704392	7.93663794489112	8.58871463932952
DBP	5.12928305816482	6.71424553140608	7.33091688707546	7.12928302724993	7.29462075808077	6.84549006348955	7.36632222298942	6.91886324919769	6.1292830375549	6.93073734938826	6.95419632202151	7.5999128496237	7.60733032114805	7.42626476308986	7.34872816308197	7.00000001127106	7.00000001127106	7.36632222298942	6.87036473191413	7.53138146831466	7.58496250823519	8.03891899477783	7.78135972008237	7.39231743136623	7.18982456876149	7.90086681401713	7.26678655006305	7.55458885935155	7.11894108310261	6.91886324919769	6.78135972664007	7.04439413028796	7.16992501146103	7.53915881886446	7.16992501146103	7.16992501146103	7.16992501146103	7.45943162683443	7.01122726660694	7.26678655006305	7.56224243185438	6.70043973201316	6.24792753242642	6.8201789751824	7.13955136263067	6.98868469813197	5.55458888237328	7.21916853014468	7.04439413028796	6.97727993494988	7.53915881886446	7.03342301255039	6.97727993494988	6.32192811292105	5.32192813095474	4.75488755559662	4.85798104487568	5.24792755140924	5.00000004508422	4.75488755559662	4.70043977362936	4.85798104487568	5.24792755140924	5.12928305816482	4.90689064369835	5.49185312838956	5.49185312838956	5.16992504151717	5.08746288368255	5.16992504151717	4.80735497358243	5.16992504151717	5.08746288368255	5.08746288368255	5.24792755140924	5.42626478825315	5.16992504151717	5.08746288368255	5.12928305816482	4.75488755559662	5.16992504151717	4.64385624748253	4.70043977362936	5.04439416307648	5.16992504151717	5.00000004508422	6.49185311235962	6.00000002254211	6.24792753242642	6.28540223735834	6.40939095311058	6.42626477147762	6.42626477147762	6.22881870973181	5.78135973975548	5.5849625307773	5.61470987355796	5.70043974588523	5.67242537025963	5.90689061965344	5.42626478825315	5.45943165142582	5.35755203980577	5.70043974588523	5.75488752888004	5.49185312838956	6.06608921199053	5.78135973975548	6.06608921199053	5.78135973975548	5.45943165142582	4.58496256083345	5.61470987355796	4.95419635692542	5.35755203980577	5.45943165142582	5.16992504151717	5.83289003947518	5.5849625307773	4.85798104487568	5.39231745712864	5.49185312838956	5.16992504151717	5.39231745712864	4.90689064369835	4.64385624748253	4.90689064369835	4.95419635692542	4.95419635692542	4.64385624748253	4.52356201878288	4.95419635692542	4.75488755559662	4.85798104487568	4.90689064369835	5.00000004508422	5.08746288368255	4.70043977362936	4.85798104487568	5.04439416307648	4.64385624748253	4.58496256083345	4.85798104487568	4.70043977362936	4.90689064369835	4.85798104487568	5.08746288368255	4.45943168421434	9.20701432261864	9.99010396527608	9.16741814834077	7.80089990638979	7.33091688707546	8.35314682990999	6.47573344717645	7.06608920122415	8.09275714620445	9.12670447542404	7.80089990638979	7.33091688707546	8.35314682990999	6.47573344717645	7.06608920122415	8.09275714620445	9.12670447542404	0	0	0	0	0	0	0	0	0	0	0	0	0	0	0	0	0	0	0	8.89178370625556	9.07414146542912	9.29001884923724	8.93073734051923	9.19721669556779	8.97727992636241	9.03891899203507	8.76155123576866	8.90689059861413	9.03617361530148
ARNTL	8.63299520077695	8.03342300704392	7.66533592429205	7.76155123909284	8.1749256874927	7.357552013415	8.01680829325681	8.35755200901654	8.96866679607484	7.81378119762902	8.38801728965169	8.80735492527791	8.61470984779555	8.6934869609841	8.61102480099711	8.70043972160911	8.70390357690437	9.12928301952121	9.04439412209083	9.16490692918909	9.07681559972249	9.36632221643172	9.25738784505	9.15987133930058	9.07146236523821	9.35314682770404	9.30149619726891	8.96289600822843	8.9971794837609	8.91288933922311	8.75154406243642	8.98868468961212	9.29920802067727	9.49385545124179	9.4777582684673	9.20701432261864	9.07146236523821	9.14720492748666	9.09803208559318	8.9971794837609	9.39016895835025	8.69696752971066	9.00842862487193	9.10066234163306	9.73301532338126	9.55842071518205	9.03342300429068	9.84235034498537	9.33091688035483	9.14720492748666	8.87036472266609	8.63299520077695	9.67065625088862	8.82654849046866	4.16992508159203	3.45943174979139	4.00000009016844	4.80735497358243	4.45943168421434	3.90689069178818	4.2479275893749	3.90689069178818	4.85798104487568	5.00000004508422	4.58496256083345	4.90689064369835	4.85798104487568	4.80735497358243	4.80735497358243	5.08746288368255	4.75488755559662	4.58496256083345	4.32192816702211	4.95419635692542	5.08746288368255	4.70043977362936	4.2479275893749	4.80735497358243	5.04439416307648	5.08746288368255	4.80735497358243	4.85798104487568	5.52356198741995	4.90689064369835	4.95419635692542	4.64385624748253	5.12928305816482	5.20945340462071	5.45943165142582	5.64385621862863	4.95419635692542	5.42626478825315	5.39231745712864	5.24792755140924	4.75488755559662	4.80735497358243	4.58496256083345	4.58496256083345	4.75488755559662	4.70043977362936	5.08746288368255	4.75488755559662	4.95419635692542	3.45943174979139	4.16992508159203	4.75488755559662	4.70043977362936	4.75488755559662	4.70043977362936	4.95419635692542	4.08746292611475	4.95419635692542	4.64385624748253	4.52356201878288	4.80735497358243	4.16992508159203	4.39231749147852	4.39231749147852	4.64385624748253	4.85798104487568	4.2479275893749	4.90689064369835	4.45943168421434	4.64385624748253	4.52356201878288	4.45943168421434	4.2479275893749	4.08746292611475	4.32192816702211	4.80735497358243	4.52356201878288	4.39231749147852	4.64385624748253	4.64385624748253	4.39231749147852	4.75488755559662	5.04439416307648	4.80735497358243	4.45943168421434	4.70043977362936	4.39231749147852	4.75488755559662	4.58496256083345	4.2479275893749	4.2479275893749	4.08746292611475	4.32192816702211	4.00000009016844	5.80735494782002	7.4512111200763	5.20945340462071	1.00000144269432	6.16992502147974	9.07146236523821	7.56224243185438	8.38801728965169	6.96578429620365	8.12928302209745	1.00000144269432	6.16992502147974	9.07146236523821	7.56224243185438	8.38801728965169	6.96578429620365	8.12928302209745	6.44294351243143	6.35755202221193	7.5999128496237	7.21916853014468	9.48582931071403	9.43879185465707	9.17741954048094	9.85486838481822	9.58120058380837	9.53332973425279	10.2227949040754	10.233619677958	10.1947568556532	10.2203783289045	10.7870863253681	10.3564519713222	8.15481811411419	8.74819285294456	9.58120058380837	10.7936033100922	10.5077946411896	10.6064052136232	10.6510516920761	10.5186531566568	10.2784494593821	10.7573900102001	10.5545888526369	10.5727002274346	10.4665863387388
ARNTL2	6.32192811292105	1.00000072134734	1.00000144269432	1.00000072134734	1.00000072134734	1.00000072134734	1.44269431942324e-06	1.00000072134734	1.44269431942324e-06	1.00000144269432	1.00000144269432	3.58496262094574	3.70043982911763	3.32192823915686	3.32192823915686	6.02236783522376	6.42626477147762	6.72792046817353	6.53915882662088	7.00000001127106	7.05528244634852	7.10852446723248	7.05528244634852	5.28540225585443	5.12928305816482	5.39231745712864	5.28540225585443	6.2667865594312	5.97727994639984	7.31288296435791	7.10852446723248	7.06608920122415	7.42626476308986	6.20945338512483	5.85798102000162	5.42626478825315	5.75488752888004	6.75488751552176	6.44294351243143	6.37503944872879	6.83289002681996	5.90689061965344	6.14974713982433	6.6582114970359	5.39231745712864	4.80735497358243	4.2479275893749	5.04439416307648	6.10852447768679	6.24792753242642	6.20945338512483	5.70043974588523	6.28540223735834	5.28540225585443	1.00000144269432	1.00000144269432	1.00000144269432	1.00000144269432	1.00000144269432	1.00000144269432	1.00000144269432	1.00000144269432	1.00000144269432	1.00000144269432	1.00000144269432	1.00000144269432	1.00000144269432	1.00000144269432	1.00000144269432	1.00000144269432	1.00000144269432	1.00000144269432	1.00000144269432	1.00000144269432	1.00000144269432	1.00000144269432	1.00000144269432	1.00000144269432	1.00000144269432	1.00000144269432	1.00000144269432	1.00000144269432	1.00000144269432	1.00000144269432	1.00000144269432	1.00000144269432	1.00000144269432	1.00000144269432	1.00000144269432	1.00000144269432	1.00000144269432	1.00000144269432	1.00000144269432	1.00000144269432	1.00000144269432	1.00000144269432	1.00000144269432	1.00000144269432	1.00000144269432	1.00000144269432	1.00000144269432	1.00000144269432	1.00000144269432	1.00000144269432	1.00000144269432	1.00000144269432	1.00000144269432	1.00000144269432	1.00000144269432	1.00000144269432	1.00000144269432	1.00000144269432	1.00000144269432	1.00000144269432	1.00000144269432	1.00000144269432	1.00000144269432	1.00000144269432	1.00000144269432	1.00000144269432	1.00000144269432	1.00000144269432	1.00000144269432	1.00000144269432	1.00000144269432	1.00000144269432	1.00000144269432	1.00000144269432	1.00000144269432	1.00000144269432	1.00000144269432	1.00000144269432	1.00000144269432	1.00000144269432	1.00000144269432	1.00000144269432	1.00000144269432	1.00000144269432	1.00000144269432	1.00000144269432	1.00000144269432	1.00000144269432	1.00000144269432	1.00000144269432	1.00000144269432	1.00000144269432	1.00000144269432	1.00000144269432	1.00000144269432	1.00000144269432	1.00000144269432	1.00000144269432	2.00000036067372	1.00000144269432	1.00000144269432	1.00000144269432	1.00000144269432	1.00000144269432	1.00000144269432	2.00000036067372	1.00000144269432	1.00000144269432	1.00000144269432	1.00000144269432	1.00000144269432	0	0	0	0	0	0	0	0	0	0	0	0	0	0	0	0	0	0	0	1.58496298161942	2.80735512815688	3.45943174979139	1.00000144269432	2.58496274117031	2.32192838342634	3.16992516174175	3.00000018033687	2.00000036067372	3.00000018033687
CSNK1D	12.4655664050645	12.1296050114745	11.6895612547223	12.2920339857872	12.3772105306597	12.0042204666694	11.8955752827593	11.4241662893431	12.0481462545602	12.1134166118115	11.5835529309366	1.00000144269432	1.00000144269432	1.44269431942324e-06	1.00000144269432	1.00000144269432	1.00000144269432	1.00000144269432	1.00000144269432	1.00000144269432	1.00000144269432	1.00000144269432	1.00000144269432	1.00000144269432	1.00000144269432	1.00000144269432	1.00000144269432	1.00000144269432	1.00000144269432	1.00000144269432	1.00000144269432	1.00000144269432	1.00000144269432	1.00000144269432	1.00000144269432	1.00000144269432	1.00000144269432	1.00000144269432	1.00000144269432	1.00000144269432	1.00000144269432	1.00000144269432	1.00000144269432	1.00000144269432	1.00000144269432	1.00000144269432	1.00000144269432	1.00000144269432	1.00000144269432	1.00000144269432	1.00000144269432	1.00000144269432	1.00000144269432	1.00000144269432	7.72792046136836	7.70735913898373	7.54689446760258	7.86418615084611	7.90086681401713	8.03342300704392	7.66533592429205	7.68650053418659	8.14465824792974	8.09803208822584	8.03891899477783	8.19967234974349	8.08214904667747	7.94836723742555	8.0498485548947	8.12928302209745	7.97154355969856	8.03891899477783	7.94836723742555	7.91886324323614	8.0112272610151	7.9772799292249	7.90689060161975	7.8265484936464	8.21916852530342	8.14465824792974	8.184875347866	8.24317398823432	8.13955135751473	8.2526654371804	8.04439412482321	8.10852446200533	8.80089990315505	8.87036472266609	8.84235034655693	8.87958325267583	8.95128471788151	8.88874325194192	8.88569637638949	8.81698362645426	8.24317398823432	8.19967234974349	8.30378075274259	8.22400167902317	8.22400167902317	8.28077077476949	8.1649069317025	8.32642949161668	8.2946207534862	8.2045711491397	8.37937837140368	8.39660478546285	8.23361968155271	8.27146303257329	8.38801728965169	8.45121111595432	8.10852446200533	7.96578429043287	8.09275714620445	8.09275714620445	7.99435344251649	8.05528244092486	8.04439412482321	8.04439412482321	8.21431912565832	8.19475685934612	7.98868469245207	8.03342300704392	8.07681560239415	7.97154355969856	8.33091688259504	8.19475685934612	8.23840474410222	7.9772799292249	8.21916852530342	8.17990909498974	8.21431912565832	8.19967234974349	8.33539035916047	8.06069593709091	8.33985000733739	8.10852446200533	8.23361968155271	8.09803208822584	8.23361968155271	8.1749256874927	7.65821148989385	7.83920379439692	8.0714623679198	7.86418615084611	7.85798100134609	8.00562455480748	7.86418615084611	7.8265484936464	11.7004397185746	12.2799007160929	11.4273128446588	11.2934716494129	10.0993478117183	11.7287708499677	10.4008794373493	11.34983409201	10.7690113219238	11.5043224487885	11.2934716494129	10.0993478117183	11.7287708499677	10.4008794373493	11.34983409201	10.7690113219238	11.5043224487885	7.88874325498558	7.53915881886446	8.90689059861413	8.2946207534862	12.4883422777836	12.6595499971029	12.39794197224	12.1867332894383	11.8229690908515	12.0831468711492	12.6673333418269	12.4125698470698	12.4154777079621	12.810571634942	12.7700444005034	12.7897374012709	10.6064052136232	10.6688849851524	12.2615073094959	12.9985904299216	12.6546360287517	12.701523066791	12.6257088432927	12.6928334152187	12.576484347033	12.9312915454659	12.6635581044396	12.7103759714197	12.7298331390607
CSNK1E	9.78299821055798	8.70043972160911	10.5087851630547	9.43045255375639	9.07948478649353	8.87958325267583	9.23122118311168	8.51569984222583	8.56985561212751	8.97441459267371	9.76321236847458	11.2479275140368	11.4681148868873	11.1718022893083	11.3635872470721	10.9403135978802	10.9908130798626	10.8033239198488	10.8415643485168	11.2626821429493	11.2603315191457	10.871905238429	11.3066313622821	11.0834793279967	11.1541852098983	11.2992080189598	11.2974895017342	11.475226778249	11.2106713443944	10.6724253428555	10.6411485983146	10.8344710507743	10.9023751152398	10.2796105822131	10.406205006482	10.6384359148956	10.5274770070378	11.0694497680991	11.1163439618873	10.7159619911129	10.6348110510791	10.8177831225738	10.8241632105399	10.8169836240551	10.2691266803185	10.6275338853847	9.0251395650476	10.6284455410486	10.7731392075441	10.494855585491	11.9019981860455	11.6608872707481	10.7099453810938	10.8447057651964	4.45943168421434	4.08746292611475	4.00000009016844	4.00000009016844	4.58496256083345	4.52356201878288	4.00000009016844	4.75488755559662	5.04439416307648	5.28540225585443	5.20945340462071	5.52356198741995	5.39231745712864	4.85798104487568	5.28540225585443	5.12928305816482	4.39231749147852	4.80735497358243	4.45943168421434	5.00000004508422	4.2479275893749	4.39231749147852	4.85798104487568	4.70043977362936	4.52356201878288	4.08746292611475	4.52356201878288	4.70043977362936	4.75488755559662	4.70043977362936	4.45943168421434	4.52356201878288	5.39231745712864	5.49185312838956	6.02236783522376	6.02236783522376	6.1292830375549	5.8826430738143	5.49185312838956	5.83289003947518	5.24792755140924	5.24792755140924	5.64385621862863	5.24792755140924	4.90689064369835	5.04439416307648	5.12928305816482	5.28540225585443	5.20945340462071	5.45943165142582	5.67242537025963	5.52356198741995	5.32192813095474	5.64385621862863	5.08746288368255	5.08746288368255	4.52356201878288	4.75488755559662	4.16992508159203	4.75488755559662	4.95419635692542	4.75488755559662	4.45943168421434	4.64385624748253	4.32192816702211	4.32192816702211	4.58496256083345	4.90689064369835	4.58496256083345	3.45943174979139	5.12928305816482	5.20945340462071	4.90689064369835	4.95419635692542	5.24792755140924	4.95419635692542	4.90689064369835	5.20945340462071	4.58496256083345	4.85798104487568	4.90689064369835	4.32192816702211	5.20945340462071	5.20945340462071	4.70043977362936	4.90689064369835	4.70043977362936	4.70043977362936	4.39231749147852	4.85798104487568	4.80735497358243	4.52356201878288	4.85798104487568	4.75488755559662	8.81057163795428	9.97297978750181	9.35314682770404	8.97154355682467	8.44708323034345	9.91288933772653	8.44708323034345	9.34651373538176	9.45738088112473	9.88722061699182	8.97154355682467	8.44708323034345	9.91288933772653	8.44708323034345	9.34651373538176	9.45738088112473	9.88722061699182	7.70043972507713	7.05528244634852	8.31741261828742	7.9248125095428	10.9829935754071	11.3772105309309	10.7210991895619	11.3196721215114	10.6393407095567	11.2603315191457	11.8630247106242	11.4040771367736	11.6452080832251	11.645658432859	11.7266439219097	11.2737955997969	9.41996017995401	9.85642553018184	11.0627207678395	11.3353903552522	10.9636186181664	10.9829935754071	10.9277779628229	10.8313072445939	10.8849336487127	11.2246046821414	10.7338627205257	10.8572034722859	10.8137811920185
GSK3B	11.4625022731085	7.9772799292249	8.11374217125747	8.42206477037892	7.90689060161975	7.58496250823519	8.11374217125747	8.17990909498974	8.68299458719189	8.16992500645167	7.84549005721696	9.72451385482526	9.75655632419194	9.51963625480874	9.65105169297333	9.42206476827587	9.29232163510299	9.40514146526421	9.54109661728603	9.71080643542095	9.66355810599618	9.50977500630594	9.59245703913686	9.46147944933253	9.50183718689222	9.52747700801527	9.62753388629668	9.53527537856514	9.4777582684673	9.31514956452113	9.34429591013535	9.50977500630594	9.60917873998922	9.33762190422233	9.64745842825379	9.64565843420983	9.35314682770404	9.73809226130983	9.6183855040941	9.6724253437395	9.42206476827587	9.75655632419194	9.60733031559922	9.59805250202314	9.78299821055798	9.57742882992409	9.01959073113764	9.79116289018334	9.51766939010202	9.21188829697888	9.71938882265346	9.73131903272235	9.56414949189154	9.40514146526421	7.14974712966451	7.37503944003786	7.10852446723248	7.08746285185839	7.02236782412611	7.28540222811029	7.28540222811029	7.36632222298942	7.6220518267797	7.5999128496237	7.40087944481884	7.56985561592408	7.6147098514759	7.47573343907143	7.66533592429205	7.53915881886446	7.76818433139479	7.85174904766149	7.70043972507713	7.62935662736595	7.70043972507713	7.82017896879879	7.73470962699905	7.93663794489112	7.23840474887935	7.38370430111295	7.357552013415	7.57742883558913	7.4998458950539	7.14974712966451	7.4512111200763	7.33985001179015	8.34429591235488	8.4429434999944	8.30378075274259	8.35755200901654	8.43045255584726	8.45943162273586	8.26678654537898	8.29001885154187	7.96578429043287	7.95419631620419	8.03891899477783	7.9248125095428	8.0498485548947	8.00000000563553	8.13442632535507	8.00000000563553	7.88874325498558	7.97154355969856	8.06069593709091	8.10852446200533	8.10852446200533	8.1749256874927	8.02236781857728	8.07681560239415	7.87036472574877	7.78790256591946	7.89481776936969	7.91886324323614	7.85798100134609	7.90689060161975	7.98868469245207	7.97154355969856	7.66533592429205	7.63662462779337	7.68650053418659	7.62935662736595	7.54689446760258	7.76155123909284	7.75488750884261	8.13442632535507	8.00000000563553	8.06608919584096	7.96000193786204	7.97154355969856	7.91288934221625	8.07681560239415	7.81378119762902	7.90086681401713	7.80089990638979	7.7210991955446	7.74819285629967	7.91288934221625	7.79441587284873	7.78135972008237	7.73470962699905	7.67948010654298	7.72792046136836	7.70043972507713	7.67948010654298	7.88874325498558	7.81378119762902	7.56985561592408	7.28540222811029	8.56985561212751	6.50779465605249	7.86418615084611	7.41785252332271	8.78463484882894	8.03342300704392	8.774787062895	8.11374217125747	8.33985000733739	7.86418615084611	7.41785252332271	8.78463484882894	8.03342300704392	8.774787062895	8.11374217125747	8.33985000733739	6.35755202221193	6.24792753242642	7.25738785212203	7.58496250823519	11.0993478110608	11.93737382056	11.2842457504081	10.9992953877282	11.031356596945	11.3009244915481	11.2934716494129	11.1774195386122	11.0579917234359	11.2520740433877	11.1228279954546	11.234817431716	9.7797193567847	10.0887882400417	11.5112584959965	10.3608470852768	10.2057932506187	10.2372099619503	10.3014961961257	10.1984450426802	9.95274124864229	10.5362472166596	10.253847486169	10.4553272213321	10.2737956003796
NR1D1	4.70043977362936	4.75488755559662	5.00000004508422	4.75488755559662	4.64385624748253	4.95419635692542	5.70043974588523	4.70043977362936	3.70043982911763	4.85798104487568	4.64385624748253	9.07681559972249	9.14210705985599	9.06339508398514	8.53527538050947	8.98584193984889	8.55074678923043	9.13955135495676	8.62570884671686	9.14974712204464	9.11113567284356	9.40939093825931	9.35755200681731	9.17741954048094	8.78463484882894	8.72451385653058	8.774787062895	8.65821148632282	8.70390357690437	8.47978026807026	7.97154355969856	8.67948010302422	8.77148947280196	8.82972273825682	8.92184094004912	8.66888498781095	8.47167521845597	9.25502857217993	8.90689059861413	8.90989308676941	9.20701432261864	7.14974712966451	7.83920379439692	7.56224243185438	8.1749256874927	7.94836723742555	6.70043973201316	7.96000193786204	8.0498485548947	8.26209485006951	8.67948010302422	7.67242534904353	8.21431912565832	7.76818433139479	3.58496262094574	3.16992516174175	3.32192823915686	2.32192838342634	3.32192823915686	3.80735502510725	2.32192838342634	3.16992516174175	3.58496262094574	4.32192816702211	4.00000009016844	3.70043982911763	3.70043982911763	3.58496262094574	2.80735512815688	4.16992508159203	3.58496262094574	3.32192823915686	3.58496262094574	4.08746292611475	3.80735502510725	3.58496262094574	3.32192823915686	3.70043982911763	3.80735502510725	3.90689069178818	3.58496262094574	4.16992508159203	3.45943174979139	2.80735512815688	4.08746292611475	3.32192823915686	4.16992508159203	4.80735497358243	4.80735497358243	4.45943168421434	4.39231749147852	4.64385624748253	5.04439416307648	4.00000009016844	4.80735497358243	4.90689064369835	5.04439416307648	4.52356201878288	4.75488755559662	5.00000004508422	5.00000004508422	4.45943168421434	5.08746288368255	4.75488755559662	4.39231749147852	4.52356201878288	4.75488755559662	4.64385624748253	4.58496256083345	5.08746288368255	3.16992516174175	3.45943174979139	3.70043982911763	3.58496262094574	4.16992508159203	4.16992508159203	4.08746292611475	4.16992508159203	4.08746292611475	3.70043982911763	3.90689069178818	4.08746292611475	3.80735502510725	3.80735502510725	4.32192816702211	4.70043977362936	4.70043977362936	5.00000004508422	4.64385624748253	4.90689064369835	4.39231749147852	4.32192816702211	4.00000009016844	4.2479275893749	4.16992508159203	3.90689069178818	4.00000009016844	4.58496256083345	3.32192823915686	4.58496256083345	3.80735502510725	4.39231749147852	3.90689069178818	4.2479275893749	4.39231749147852	3.58496262094574	4.08746292611475	4.45943168421434	6.79441587934736	8.67948010302422	7.01122726660694	7.47573343907143	4.52356201878288	6.79441587934736	4.75488755559662	6.20945338512483	6.16992502147974	7.03342301255039	7.47573343907143	4.52356201878288	6.79441587934736	4.75488755559662	6.20945338512483	6.16992502147974	7.03342301255039	6.64385620420168	6.61470985883659	8.46352437735814	7.96578429043287	9.32418054886944	8.70390357690437	9.47167521642401	9.84392105285889	9.81217730711922	9.55458885359612	9.81217730711922	9.94544383784109	9.79441586797476	9.7159619919706	9.27844946054366	8.73470962361245	8.30378075274259	7.80735492849821	9.76818432643139	9.23840474171365	9.36194377592779	9.38154295334755	9.4178525169951	9.18487534538714	9.45327063606868	9.22158712368138	9.0251395650476	9.09011242231144	9.04439412209083
RORA	8.80089990315505	5.52356198741995	5.00000004508422	4.39231749147852	3.90689069178818	4.08746292611475	4.85798104487568	6.20945338512483	6.67242535611556	4.08746292611475	6.42626477147762	11.9794251956888	11.7644569640346	11.5840229407275	11.4481163059258	11.7013064623919	11.3717766448823	11.9307373379324	11.7116669739945	11.8069523286134	11.4584066137492	11.8637991041159	11.3325960583486	11.5328429114482	11.5284541112532	11.4527560295472	11.5593770910047	10.7862696284654	10.7673568549534	11.6357181207844	11.5142209098514	12.0220209699932	12.1767964784592	12.2538474852828	12.3423525103656	12.0751448444007	11.7731392071319	12.1885888460164	11.7825887599045	12.0791514057553	12.1789760116857	11.4522412409457	11.5574637020765	11.3586512014423	12.3592004854082	12.0474647736592	11.778487861633	12.2871351863754	11.695663297223	11.2673719318505	10.6537407796021	10.2431739846633	11.857203471897	11.1636496766447	5.35755203980577	5.5849625307773	5.20945340462071	5.35755203980577	5.28540225585443	5.45943165142582	5.20945340462071	5.28540225585443	6.10852447768679	5.8826430738143	5.52356198741995	5.45943165142582	6.14974713982433	5.67242537025963	5.80735494782002	5.90689061965344	5.93073736121362	5.55458888237328	6.14974713982433	5.32192813095474	5.90689061965344	6.02236783522376	5.52356198741995	5.8826430738143	5.61470987355796	5.64385621862863	5.83289003947518	5.85798102000162	5.28540225585443	5.55458888237328	6.00000002254211	5.42626478825315	6.76818433801266	7.02236782412611	7.17990909996456	7.00000001127106	6.91886324919769	6.91886324919769	6.80735493493881	6.80735493493881	6.18982457864296	6.37503944872879	6.47573344717645	6.40939095311058	6.50779465605249	6.37503944872879	6.06608921199053	6.18982457864296	6.02236783522376	5.85798102000162	6.22881870973181	6.02236783522376	6.24792753242642	5.97727994639984	5.97727994639984	6.24792753242642	5.97727994639984	6.08746286246644	6.2667865594312	6.33985002069568	5.78135973975548	6.06608921199053	6.30378076643907	5.93073736121362	5.80735494782002	5.55458888237328	5.28540225585443	5.39231745712864	5.61470987355796	5.61470987355796	6.10852447768679	6.00000002254211	5.95419633365615	5.72792048178386	5.70043974588523	5.95419633365615	5.93073736121362	6.02236783522376	6.3923174399537	5.97727994639984	6.3923174399537	6.20945338512483	6.28540223735834	6.30378076643907	6.02236783522376	6.35755202221193	5.72792048178386	5.64385621862863	5.85798102000162	5.90689061965344	5.67242537025963	6.08746286246644	6.1292830375549	6.08746286246644	6.37503944872879	8.04439412482321	5.04439416307648	6.18982457864296	6.30378076643907	8.86418614775019	8.58871463932952	9.29462075118891	7.83920379439692	7.33985001179015	6.18982457864296	6.30378076643907	8.86418614775019	8.58871463932952	9.29462075118891	7.83920379439692	7.33985001179015	1.58496298161942	2.32192838342634	2.32192838342634	1.00000144269432	5.04439416307648	5.32192813095474	5.8826430738143	6.10852447768679	5.64385621862863	6.45943163503156	7.40087944481884	6.76818433801266	6.62935663465229	6.94251451706847	6.68650054118997	7.08746285185839	5.8826430738143	5.12928305816482	7.75488750884261	8.85486838637621	9.07414146542912	9.23361967915621	9.35093918375576	9.44086916968669	9.26912668148766	9.04712391484124	8.99435343968767	8.79766152909577	8.84862294355883
BTRC	9.07681559972249	5.75488752888004	6.08746286246644	6.52356197173848	6.10852447768679	5.39231745712864	6.3923174399537	6.18982457864296	7.20945337537689	6.10852447768679	6.08746286246644	7.13955136263067	6.93073734938826	6.79441587934736	6.83289002681996	6.91886324919769	6.75488751552176	7.45943162683443	7.30378075730808	7.34872816308197	7.14974712966451	7.31288296435791	7.434628235976	7.01122726660694	6.8201789751824	7.247927522935	7.23840474887935	7.06608920122415	7.05528244634852	6.94251451706847	6.95419632202151	7.30378075730808	7.27612441458195	7.70043972507713	7.58496250823519	7.40087944481884	7.15987134686717	7.4998458950539	7.22881870011385	6.93073734938826	7.33091688707546	6.45943163503156	6.84549006348955	6.96578429620365	7.82017896879879	7.65821148989385	6.88264306158807	7.55458885935155	6.96578429620365	6.84549006348955	6.98868469813197	6.83289002681996	7.02236782412611	6.61470985883659	4.08746292611475	3.32192823915686	3.45943174979139	4.00000009016844	4.32192816702211	3.90689069178818	3.90689069178818	3.32192823915686	4.75488755559662	4.08746292611475	4.2479275893749	4.16992508159203	4.45943168421434	3.70043982911763	4.80735497358243	3.90689069178818	4.39231749147852	4.58496256083345	4.64385624748253	4.08746292611475	4.39231749147852	4.45943168421434	4.45943168421434	4.45943168421434	4.08746292611475	4.58496256083345	4.52356201878288	4.2479275893749	4.39231749147852	3.70043982911763	3.80735502510725	4.32192816702211	4.80735497358243	4.90689064369835	4.75488755559662	4.64385624748253	5.04439416307648	5.12928305816482	4.85798104487568	4.32192816702211	4.52356201878288	4.39231749147852	4.2479275893749	4.75488755559662	4.52356201878288	4.16992508159203	4.52356201878288	4.95419635692542	4.00000009016844	4.52356201878288	4.39231749147852	3.80735502510725	4.80735497358243	4.52356201878288	4.70043977362936	4.64385624748253	4.52356201878288	4.16992508159203	4.00000009016844	4.80735497358243	4.16992508159203	3.90689069178818	4.00000009016844	4.52356201878288	4.16992508159203	4.90689064369835	4.90689064369835	4.45943168421434	4.2479275893749	4.2479275893749	4.00000009016844	3.16992516174175	4.70043977362936	3.00000018033687	4.08746292611475	4.45943168421434	3.90689069178818	3.70043982911763	4.75488755559662	4.08746292611475	4.39231749147852	4.32192816702211	4.45943168421434	3.58496262094574	4.08746292611475	4.08746292611475	2.80735512815688	4.16992508159203	4.45943168421434	3.32192823915686	3.45943174979139	4.00000009016844	3.58496262094574	4.08746292611475	6.98868469813197	6.70043973201316	4.90689064369835	6.30378076643907	4.85798104487568	7.01122726660694	5.5849625307773	7.17990909996456	4.85798104487568	5.70043974588523	6.30378076643907	4.85798104487568	7.01122726660694	5.5849625307773	7.17990909996456	4.85798104487568	5.70043974588523	4.52356201878288	5.20945340462071	6.3923174399537	5.49185312838956	9.61654884561682	9.54496443472055	9.63662462235608	9.9829935761199	9.65642486506551	9.72451385482526	10.3320365494809	10.0874628425763	9.881113962205	10.2118882957624	10.3162815328777	10.1686721193857	8.2946207534862	8.54689446374511	9.90388184724213	7.85174904766149	7.91288934221625	8.00562455480748	7.97154355969856	8.17990909498974	8.20945337050292	7.84549005721696	8.00562455480748	7.88874325498558	7.90086681401713
CDK1	7.19967235465062	6.8201789751824	5.55458888237328	6.90689060763098	6.28540223735834	4.90689064369835	6.1292830375549	7.46760555823382	8.08746284655437	6.04439414121747	6.44294351243143	7.88264305547496	7.4512111200763	7.37503944003786	7.56224243185438	7.83289002049235	7.90689060161975	8.28540222348627	8.06069593709091	8.19475685934612	7.90086681401713	8.34429591235488	8.09803208822584	7.69348696446887	7.88874325498558	7.69348696446887	7.91886324323614	7.86418615084611	7.94251451120385	8.75154406243642	8.26209485006951	8.30378075274259	8.774787062895	8.71080643714254	8.8826430524184	8.3837042967935	8.06069593709091	8.64024493983812	8.53527538050947	8.5961897598723	8.88569637638949	9.27146303023883	9.94690627591809	9.05528243821302	9.01402047310545	8.76487159405263	9.41996017995401	9.50183718689222	9.4676055521207	9.4676055521207	7.81378119762902	7.69348696446887	9.81378119282003	8.89178370625556	3.00000018033687	3.90689069178818	2.58496274117031	2.80735512815688	2.58496274117031	3.00000018033687	2.32192838342634	3.00000018033687	3.00000018033687	3.80735502510725	3.80735502510725	3.70043982911763	3.58496262094574	3.58496262094574	2.80735512815688	2.32192838342634	3.16992516174175	3.00000018033687	2.58496274117031	2.80735512815688	3.16992516174175	3.32192823915686	3.32192823915686	2.80735512815688	3.90689069178818	3.45943174979139	3.58496262094574	3.16992516174175	3.45943174979139	3.32192823915686	2.58496274117031	3.90689069178818	3.80735502510725	3.32192823915686	3.00000018033687	2.00000036067372	3.00000018033687	2.00000036067372	3.45943174979139	2.58496274117031	3.16992516174175	2.00000036067372	3.00000018033687	2.00000036067372	2.32192838342634	2.32192838342634	3.45943174979139	2.80735512815688	1.58496298161942	2.80735512815688	2.32192838342634	3.00000018033687	2.58496274117031	2.00000036067372	1.58496298161942	3.90689069178818	3.16992516174175	3.70043982911763	2.80735512815688	2.80735512815688	3.32192823915686	3.16992516174175	3.32192823915686	2.32192838342634	3.58496262094574	3.58496262094574	3.16992516174175	3.70043982911763	2.58496274117031	3.58496262094574	3.80735502510725	2.80735512815688	3.00000018033687	3.16992516174175	3.16992516174175	3.00000018033687	3.90689069178818	3.00000018033687	4.39231749147852	4.00000009016844	3.45943174979139	3.70043982911763	3.32192823915686	3.45943174979139	4.08746292611475	3.32192823915686	3.45943174979139	2.32192838342634	3.16992516174175	2.80735512815688	3.16992516174175	2.58496274117031	1.58496298161942	3.16992516174175	4.64385624748253	5.72792048178386	3.90689069178818	1.00000144269432	1.00000144269432	5.35755203980577	5.55458888237328	6.32192811292105	1.00000144269432	4.00000009016844	1.00000144269432	1.00000144269432	5.35755203980577	5.55458888237328	6.32192811292105	1.00000144269432	4.00000009016844	2.58496274117031	1.00000144269432	1.00000072134734	1.58496298161942	6.96578429620365	8.31288295982113	6.08746286246644	6.67242535611556	7.17990909996456	6.32192811292105	7.26678655006305	5.52356198741995	5.24792755140924	7.39231743136623	7.53138146831466	6.22881870973181	6.55458886702546	6.93073734938826	7.09803209349115	4.45943168421434	5.70043974588523	5.55458888237328	5.28540225585443	6.35755202221193	6.83289002681996	4.45943168421434	5.8826430738143	5.83289003947518	5.61470987355796
DYRK1A	12.3974072446428	8.21916852530342	7.85174904766149	8.79766152909577	8.17990909498974	7.39231743136623	8.15481811411419	8.4429434999944	8.38801728965169	7.94251451120385	8.34872815865652	0	0	0	0	0	0	0	0	0	0	0	0	0	0	0	0	0	0	0	0	0	0	0	0	0	0	0	0	0	0	0	0	0	0	0	0	0	0	0	0	0	0	0	8.70390357690437	8.53527538050947	8.56985561212751	8.59245704100563	8.51175265771997	8.49185310033716	8.67948010302422	8.65821148632282	8.9971794837609	8.97441459267371	8.94836723450511	9.04165915437478	8.9971794837609	8.92184094004912	9.10066234163306	9.03066713900544	8.96578428754748	9.10590851118948	9.03342300429068	9.00000000281776	9.12153351993015	9.00281501841933	8.90689059861413	8.94251450827155	9.12412131441466	9.00842862487193	8.97441459267371	9.04712391484124	9.14720492748666	9.01959073113764	9.07146236523821	9.03066713900544	9.63662462235608	9.62753388629668	9.66355810599618	9.60733031559922	9.66177809955309	9.65821148453731	9.62205182128721	9.67948010126483	8.81378119442303	8.73809226299917	8.74146698977193	8.64385619338146	8.72451385653058	8.84549005408067	8.71424552110111	8.80413102441082	9.15228484484207	9.02236781580287	9.04439412209083	8.8826430524184	9.15987133930058	8.94544383930427	8.98584193984889	9.05799172546592	9.07681559972249	9.01959073113764	8.9971794837609	9.01680829047168	9.05799172546592	9.09539702543002	9.02236781580287	9.00562455200068	9.21188829697888	9.22158712368138	9.15987133930058	9.34651373538176	9.28540222117426	9.27844946054366	9.10852445939175	9.17990909250234	9.02790599933367	8.9971794837609	9.01402047310545	9.03617361530148	9.08746284390235	9.13185696318044	9.01680829047168	9.134426322788	8.91288933922311	9.05528243821302	9.09275714356215	9.07146236523821	8.91587938182272	9.01959073113764	8.68999797491265	8.76155123576866	8.73131903441964	8.69696752971066	8.774787062895	8.74146698977193	8.70390357690437	8.73131903441964	8.62570884671686	10.1573469366261	7.85798100134609	6.8579810075646	6.62935663465229	10.0874628425763	9.23122118311168	10.0126245402617	7.52356196389775	7.53915881886446	6.8579810075646	6.62935663465229	10.0874628425763	9.23122118311168	10.0126245402617	7.52356196389775	7.53915881886446	7.11894108310261	6.87036473191413	8.04439412482321	7.87036472574877	11.706927640049	11.7477734009463	11.3297963387812	11.729195859557	11.4973528939761	11.4998458875814	11.8665062126126	11.635264656993	11.6045532295423	11.9121408566701	11.8388099861024	12.0108777233566	10.0251395636631	9.57742882992409	11.5473765639801	11.1904420194002	11.2390017583625	11.1078709149333	11.1150436508122	11.2562086891172	11.1823943540253	11.1898245594976	11.2437690325568	11.1260591167162	11.3111806606211
FBXL3	11.1516508306076	7.75488750884261	7.15987134686717	8.67595703646912	7.90689060161975	6.88264306158807	7.85798100134609	7.86418615084611	8.21431912565832	7.42626476308986	7.97154355969856	10.1947568556532	9.94690627591809	10.092757142241	10.0251395636631	10.1111356715391	10.1124395080848	10.6420516938308	10.5555477726057	10.4676055511018	10.3072008102795	10.570804438673	10.4387918536177	10.0237543546853	9.97727992493116	10.108524458085	10.2384047405194	10.5410966163178	10.3728650612006	10.4377520733638	10.5147140551246	10.7228075320232	10.8265484880854	10.5802585684421	10.5952574823816	10.589651147451	10.3933904585166	10.6635581051067	10.6202198264241	10.4614794483093	10.5545888526369	10.1535520329747	10.6679985365592	10.6384359148956	10.5999128431167	10.512740463791	10.2045711454718	10.7739633692575	10.7936033100922	10.4787696204868	10.7813597143444	10.4460494077507	10.6917435200435	10.5097750053164	0	0	0	0	0	0	0	0	0	0	0	0	0	0	0	0	0	0	0	0	0	0	0	0	0	0	0	0	0	0	0	0	0	0	0	0	0	0	0	0	0	0	0	0	0	0	0	0	0	0	0	0	0	0	0	0	0	0	0	0	0	0	0	0	0	0	0	0	0	0	0	0	0	0	0	0	0	0	0	0	0	0	0	0	0	0	0	0	0	0	0	0	0	0	6.75488751552176	7.85798100134609	5.64385621862863	4.08746292611475	5.12928305816482	8.90989308676941	8.51963625677426	9.04439412209083	7.12928302724993	7.22881870011385	4.08746292611475	5.12928305816482	8.90989308676941	8.51963625677426	9.04439412209083	7.12928302724993	7.22881870011385	6.53915882662088	6.67242535611556	8.45121111595432	7.79441587284873	11.0354864519795	10.4665863387388	11.2407913327581	11.3896313397982	11.4403501197197	11.6799198789581	12.0268692056091	11.7151040096653	11.650603022664	11.7557221540595	12.1257363297178	11.7952279664346	10.1150436514626	11.118292233676	11.9214690609033	9.68999797316605	9.22881869290037	9.6420516947336	9.30378075045985	9.56605404007438	9.39874369407552	9.84235034498537	9.52943055609838	9.72792045626449	9.32642948936949
FBXW7	11.6375305519781	7.62935662736595	8.08746284655437	8.62570884671686	8.4429434999944	7.4512111200763	8.03891899477783	8.27146303257329	8.34429591235488	7.98868469245207	8.1497471245846	11.3810021100919	10.7895336457854	11.1592406510425	11.1286388134969	11.0914353869848	11.3258675811374	11.4973528939761	11.4408691681298	11.3292357422945	11.0244471247333	11.4341069291313	10.9113919885925	11.0828143383374	10.958552716156	11.0035179128113	11.1873520738191	11.1433832146276	10.7515440599259	11.1929092197283	11.0940776863319	11.3470676577197	11.5574637020765	11.3437409190273	11.5541091530538	11.5631962726935	11.2306209337302	11.8699793332854	11.7834075425828	11.6031626799981	11.6320864132897	11.1478408943082	11.4686240434271	11.3820835906825	11.7968507956726	11.4609677630822	11.223398415315	11.5415806604751	11.4726908397504	11.1972166937245	11.3804610656301	11.1363503420951	11.2888660747424	11.1617617439344	5.45943165142582	5.67242537025963	5.72792048178386	5.55458888237328	5.55458888237328	6.08746286246644	5.75488752888004	5.72792048178386	6.02236783522376	6.20945338512483	6.22881870973181	6.24792753242642	5.97727994639984	6.1292830375549	6.24792753242642	6.00000002254211	5.72792048178386	6.14974713982433	6.20945338512483	5.8826430738143	5.85798102000162	5.83289003947518	5.93073736121362	5.61470987355796	5.85798102000162	5.80735494782002	5.90689061965344	5.95419633365615	6.02236783522376	5.80735494782002	5.72792048178386	5.52356198741995	6.68650054118997	6.62935663465229	6.40939095311058	6.6582114970359	6.49185311235962	6.70043973201316	6.45943163503156	6.32192811292105	5.97727994639984	5.90689061965344	6.06608921199053	5.93073736121362	6.00000002254211	6.00000002254211	6.06608921199053	6.1292830375549	5.67242537025963	5.8826430738143	5.75488752888004	6.1292830375549	6.08746286246644	6.24792753242642	5.75488752888004	6.2667865594312	5.97727994639984	5.93073736121362	5.85798102000162	6.04439414121747	5.83289003947518	5.67242537025963	6.04439414121747	5.78135973975548	5.70043974588523	6.06608921199053	6.1292830375549	5.85798102000162	5.97727994639984	6.52356197173848	6.3923174399537	6.35755202221193	6.30378076643907	6.49185311235962	6.16992502147974	6.1292830375549	6.52356197173848	6.2667865594312	6.58496251574923	6.2667865594312	6.06608921199053	6.02236783522376	6.28540223735834	6.49185311235962	6.33985002069568	6.49185311235962	5.61470987355796	5.85798102000162	5.67242537025963	5.8826430738143	5.32192813095474	6.06608921199053	5.70043974588523	5.80735494782002	6.16992502147974	7.67948010654298	4.95419635692542	1.00000144269432	4.58496256083345	8.2526654371804	7.30378075730808	8.16992500645167	4.95419635692542	6.58496251574923	1.00000144269432	4.58496256083345	8.2526654371804	7.30378075730808	8.16992500645167	4.95419635692542	6.58496251574923	5.78135973975548	6.08746286246644	7.04439413028796	6.62935663465229	9.98726401349391	10.0389189906637	9.80735492366775	10.2419831508857	9.77148947115128	9.92481250509003	10.6026988659457	10.542064543251	10.2946207500403	10.6917435200435	10.9758479687231	10.7498694282346	9.27844946054366	9.69348695924171	10.895575283138	9.61286849913356	9.36413465719727	9.47370575164852	9.54882191038491	9.65284497479415	9.34651373538176	9.56414949189154	9.64745842825379	9.69174352091577	9.57742882992409
OGT	13.3074854487318	11.8289298280481	11.1699250020685	11.8454900513364	12.2294196885309	11.3241805471814	11.7172480062561	11.5033288571236	12.5729370252541	11.8921633102415	10.9815672826165	13.7368246992045	13.2373593623482	13.4635243733989	13.3043513218059	13.1825495404626	13.3727290531742	13.7990792091302	13.7617589789726	13.9288884394901	13.8048368654559	14.4535278677461	14.0308395322276	13.9123280127807	13.7891260465271	13.8121773056147	14.0383188844708	13.7758160127759	13.571989597723	14.1870427144172	14.2079294455879	14.2134839862422	14.5389770085043	14.6659465348242	14.7097300365975	14.5864293401205	14.4202892222853	14.3119611281124	14.0273876941392	14.115531404248	14.088457003569	13.5421854876231	13.5202503486808	13.6804694139417	14.5127404628652	14.3067737447141	13.6157445699682	14.4344979206033	13.7163907896049	13.5604522577863	13.9140113286347	13.44099890067	13.8137811913172	13.4433321007054	6.37503944872879	6.3923174399537	6.37503944872879	6.42626477147762	6.8201789751824	6.52356197173848	6.32192811292105	6.06608921199053	7.95419631620419	8.03342300704392	8.16992500645167	7.95419631620419	7.94836723742555	7.85174904766149	7.93663794489112	7.91288934221625	6.49185311235962	6.37503944872879	6.2667865594312	6.50779465605249	6.58496251574923	6.37503944872879	6.24792753242642	6.52356197173848	7.72792046136836	7.4512111200763	7.57742883558913	7.51569984616762	7.51569984616762	7.75488750884261	7.65105169835652	7.70043972507713	7.37503944003786	7.27612441458195	7.23840474887935	7.05528244634852	7.31288296435791	7.38370430111295	6.98868469813197	7.12928302724993	6.14974713982433	6.47573344717645	6.67242535611556	6.40939095311058	6.30378076643907	6.49185311235962	6.61470985883659	6.35755202221193	6.71424553140608	6.71424553140608	6.79441587934736	6.8201789751824	6.59991285706027	6.61470985883659	6.55458886702546	6.55458886702546	6.14974713982433	6.24792753242642	6.28540223735834	6.37503944872879	6.45943163503156	6.37503944872879	6.24792753242642	6.06608921199053	6.74146699988428	6.76818433801266	6.68650054118997	6.58496251574923	6.45943163503156	6.89481777543143	6.24792753242642	6.35755202221193	6.42626477147762	6.30378076643907	6.35755202221193	6.50779465605249	6.20945338512483	6.32192811292105	7.22881870011385	7.04439413028796	7.18982456876149	6.93073734938826	7.14974712966451	7.21916853014468	7.09803209349115	7.05528244634852	5.95419633365615	6.02236783522376	5.61470987355796	6.00000002254211	5.95419633365615	5.93073736121362	5.93073736121362	6.16992502147974	8.87036472266609	9.97584796943945	7.98868469245207	7.30378075730808	7.74819285629967	12.3063465539733	10.4491486464074	11.7376698635999	10.2407913333543	9.9541963118412	7.30378075730808	7.74819285629967	12.3063465539733	10.4491486464074	11.7376698635999	10.2407913333543	9.9541963118412	8.73131903441964	8.13442632535507	10.1484765834494	8.96289600822843	11.7673568545395	12.9598208597618	11.3744961462349	12.5870742774355	12.0073777336717	12.3066313619973	13.7610317355708	12.9962969368639	12.5826124515022	13.1647498304053	12.8356556910372	13.1969094426948	11.16302064021	10.4019461250428	12.8340759536325	14.7160692020682	14.5684311932268	14.610217437126	14.6106211737223	14.5853146782601	14.6774994333402	14.5737063519824	14.5822596135038	14.4887188456683	14.361875255125
PARP1	11.8301190258408	10.0781508090692	9.90388184724213	10.889503964172	10.4178525159405	9.55458885359612	10.2167458594077	10.5156998392695	10.408329741829	9.94690627591809	10.2737956003796	11.1459321464572	10.9722618494514	10.7968507960781	10.7073591329437	10.777255316014	11.0021117771833	11.2033480035916	11.0701209451478	11.5769566651783	11.5430318207387	11.6829945841205	11.731743291132	11.1959872986435	11.3652288497984	11.3799198181879	11.4802853214413	11.7573900097834	11.5555477721264	11.2888660747424	11.2106713443944	11.2282174428948	11.6206780425936	11.7308946469661	11.8197799322376	11.5646258632717	11.4973528939761	11.635264656993	11.3014961955541	11.5107641684123	11.5517082621013	10.7797193559641	11.0402897217108	10.9950604677396	11.49785183745	11.386940245863	10.6768386073555	11.4501802476804	11.2240016748012	11.2057932500079	11.811776055728	11.4817994321702	11.2100624838492	10.8033239198488	9.26444260257245	9.26678654303694	9.36413465719727	9.3353903569272	9.19721669556779	9.32418054886944	9.19229281693691	9.37068740898652	9.6420516947336	9.64925617931395	9.69696752797247	9.63299519895995	9.60917873998922	9.54303182218915	9.57553924872535	9.52747700801527	9.58871463745589	9.38154295334755	9.59058705178623	9.5526690994353	9.55458885359612	9.55650605658786	9.61286849913356	9.54882191038491	9.58496250259967	9.58496250259967	9.6847486221746	9.60362634684056	9.60547951991365	9.68123841353505	9.65105169297333	9.66533591896189	10.3761253903617	10.406205006482	10.3509391826511	10.3987436930069	10.3476213696753	10.3804610661713	10.368506462599	10.2384047405194	9.49785183894655	9.47978026604968	9.53915881304714	9.52747700801527	9.43671154421902	9.46556640684999	9.49785183894655	9.44086916968669	9.74819285126701	9.80413102279707	9.69522829323603	9.74315139579593	9.69870466850644	9.70217268709747	9.71424551938362	9.72109919041654	9.59805250202314	9.65821148453731	9.7004397198751	9.68123841353505	9.65105169297333	9.57175264539933	9.66355810599618	9.71080643542095	9.84705734765778	9.9053870065225	9.83447105156439	9.84392105285889	9.81698362485482	9.90989308526973	9.7960396104526	9.81698362485482	9.81378119282003	9.90086680948984	9.83447105156439	9.77478706124809	9.80089990153768	9.78299821055798	9.70563238908919	9.75488750383325	9.6688849860386	9.76155123410657	9.67771964340254	9.69696752797247	9.62205182128721	9.68999797316605	9.4178525169951	9.40087943841635	9.35974956251821	9.32192809714157	9.35093918375576	9.33315535254735	9.44294349792157	9.40939093825931	11.9512847153313	13.1189410728857	11.1592406510425	11.6987046672044	10.3498340925628	12.6928334152187	11.3398500034412	12.2603315188517	10.7829982097392	12.054265139965	11.6987046672044	10.3498340925628	12.6928334152187	11.3398500034412	12.2603315188517	10.7829982097392	12.054265139965	5.32192813095474	5.75488752888004	6.84549006348955	6.42626477147762	11.0927571415804	10.7976615266643	11.167418146459	11.0265234432114	11.1730524583989	11.4681148868873	11.1592406510425	11.4283601732278	11.1767964787708	11.0774833575271	11.7056323877934	11.0182001795088	9.5526690994353	10.2784494593821	11.0834793279967	10.473705750634	10.8556471668058	10.6599958933216	10.6101020639227	10.9801395783534	11.1312139057295	10.1761731503544	10.630267125937	10.2300204369069	10.6384359148956
RORB	1.00000072134734	1.00000144269432	1.44269431942324e-06	1.00000144269432	1.00000144269432	1.00000144269432	1.00000144269432	1.00000144269432	1.00000144269432	1.00000144269432	1.00000072134734	1.00000144269432	1.44269431942324e-06	1.00000144269432	1.00000072134734	1.00000144269432	1.00000072134734	1.00000144269432	1.44269431942324e-06	1.00000072134734	1.00000144269432	1.44269431942324e-06	1.00000072134734	1.00000072134734	1.00000144269432	1.00000072134734	2.00000036067372	1.00000072134734	1.44269431942324e-06	1.00000144269432	1.00000144269432	1.00000144269432	1.58496298161942	2.00000036067372	1.44269431942324e-06	1.44269431942324e-06	1.00000072134734	1.44269431942324e-06	1.44269431942324e-06	1.58496298161942	1.58496298161942	2.80735512815688	1.58496298161942	1.00000144269432	1.44269431942324e-06	1.44269431942324e-06	1.00000144269432	1.00000072134734	1.44269431942324e-06	2.00000036067372	1.00000144269432	1.44269431942324e-06	1.44269431942324e-06	1.00000144269432	1.00000144269432	1.00000144269432	1.00000144269432	1.00000144269432	1.00000144269432	1.00000144269432	1.00000144269432	1.00000144269432	1.00000144269432	1.00000144269432	1.00000144269432	1.00000144269432	1.00000144269432	1.00000144269432	1.00000144269432	1.00000144269432	1.00000144269432	1.00000144269432	1.00000144269432	1.00000144269432	1.00000144269432	1.00000144269432	1.00000144269432	1.00000144269432	1.00000144269432	1.00000144269432	1.00000144269432	1.00000144269432	1.00000144269432	1.00000144269432	1.00000144269432	1.00000144269432	1.00000144269432	1.00000144269432	1.00000144269432	1.00000144269432	1.00000144269432	1.00000144269432	1.00000144269432	1.00000144269432	1.00000144269432	1.00000144269432	1.00000144269432	1.00000144269432	1.00000144269432	1.00000144269432	1.00000144269432	1.00000144269432	1.00000144269432	1.00000144269432	1.00000144269432	1.00000144269432	1.00000144269432	1.00000144269432	1.00000144269432	1.00000144269432	1.00000144269432	1.00000144269432	1.00000144269432	1.00000144269432	1.00000144269432	1.00000144269432	1.00000144269432	1.00000144269432	1.00000144269432	1.00000144269432	1.00000144269432	1.00000144269432	1.00000144269432	1.00000144269432	1.00000144269432	1.00000144269432	1.00000144269432	1.00000144269432	1.00000144269432	1.00000144269432	1.00000144269432	1.00000144269432	1.00000144269432	1.00000144269432	1.00000144269432	1.00000144269432	1.00000144269432	1.00000144269432	1.00000144269432	1.00000144269432	1.00000144269432	1.00000144269432	1.00000144269432	1.00000144269432	1.00000144269432	1.00000144269432	1.00000144269432	1.00000144269432	1.00000144269432	1.00000144269432	1.00000144269432	1.00000144269432	4.16992508159203	1.58496298161942	1.00000144269432	1.00000144269432	1.00000144269432	1.00000144269432	1.00000144269432	4.16992508159203	1.58496298161942	1.00000144269432	1.00000144269432	1.00000144269432	1.00000144269432	1.00000072134734	1.00000144269432	1.00000144269432	1.00000144269432	1.00000072134734	2.00000036067372	1.44269431942324e-06	2.00000036067372	1.00000144269432	1.58496298161942	1.00000144269432	2.80735512815688	1.00000144269432	1.00000144269432	1.00000144269432	1.00000144269432	1.00000144269432	1.00000144269432	1.00000144269432	1.00000144269432	1.00000144269432	1.58496298161942	1.00000144269432	1.44269431942324e-06	1.00000144269432	1.00000144269432	1.44269431942324e-06	1.44269431942324e-06	2.32192838342634
RORC	6.2667865594312	5.08746288368255	3.90689069178818	6.10852447768679	5.55458888237328	4.70043977362936	5.32192813095474	4.58496256083345	5.04439416307648	4.75488755559662	4.2479275893749	8.73470962361245	8.87036472266609	8.64385619338146	8.11894107791306	8.36194377812033	7.9248125095428	9.34207467022209	8.85486838637621	8.78135971680351	8.68999797491265	9.25266543481532	9.03891899203507	8.77148947280196	8.57742883181244	9.00562455200068	8.56224242803773	8.71424552110111	8.58120058569179	8.77148947280196	7.94836723742555	8.74146698977193	9.01122725821917	9.3728650622886	9.58308276938389	9.23601419429261	8.50779464416215	9.43879185465707	9.05256805352109	9.11894107531828	9.35755200681731	7.68650053418659	8.60733031744883	7.90689060161975	9.33985000511101	9.32867492957164	8.61102480099711	9.38154295334755	8.99435343968767	8.98013958049598	8.31741261828742	7.7142455245361	9.80574387376357	8.63662462416851	3.00000018033687	1.58496298161942	1.44269431942324e-06	1.00000072134734	2.00000036067372	2.00000036067372	2.00000036067372	2.00000036067372	3.16992516174175	2.58496274117031	3.32192823915686	2.58496274117031	2.32192838342634	2.32192838342634	2.80735512815688	3.58496262094574	1.58496298161942	1.58496298161942	2.32192838342634	2.32192838342634	2.00000036067372	2.00000036067372	1.58496298161942	2.00000036067372	3.00000018033687	3.16992516174175	1.58496298161942	1.58496298161942	3.16992516174175	2.32192838342634	2.00000036067372	2.80735512815688	4.00000009016844	4.39231749147852	3.58496262094574	4.32192816702211	4.39231749147852	3.32192823915686	3.80735502510725	4.00000009016844	3.45943174979139	2.58496274117031	2.58496274117031	2.58496274117031	3.00000018033687	1.58496298161942	1.58496298161942	2.80735512815688	3.70043982911763	3.16992516174175	3.32192823915686	3.16992516174175	2.00000036067372	3.45943174979139	4.00000009016844	3.80735502510725	2.32192838342634	2.80735512815688	2.00000036067372	1.58496298161942	2.80735512815688	1.44269431942324e-06	2.00000036067372	2.00000036067372	2.00000036067372	3.00000018033687	2.00000036067372	2.80735512815688	1.58496298161942	2.00000036067372	2.58496274117031	1.58496298161942	1.00000144269432	1.00000072134734	2.80735512815688	2.80735512815688	2.32192838342634	1.58496298161942	2.32192838342634	2.58496274117031	2.00000036067372	1.00000072134734	2.58496274117031	1.44269431942324e-06	2.00000036067372	1.58496298161942	1.58496298161942	1.58496298161942	1.00000144269432	1.00000144269432	1.00000072134734	2.58496274117031	1.00000072134734	1.00000072134734	7.41785252332271	6.30378076643907	7.74146699314271	7.247927522935	7.6220518267797	8.23840474410222	5.70043974588523	6.68650054118997	6.95419632202151	7.87651695270413	7.247927522935	7.6220518267797	8.23840474410222	5.70043974588523	6.68650054118997	6.95419632202151	7.87651695270413	2.00000036067372	1.00000072134734	3.80735502510725	1.00000072134734	5.78135973975548	3.90689069178818	3.70043982911763	6.50779465605249	6.44294351243143	4.80735497358243	8.88569637638949	8.08214904667747	6.2667865594312	9.00000000281776	9.15481811158315	7.85798100134609	7.53138146831466	7.01122726660694	8.0498485548947	6.83289002681996	6.78135972664007	7.12928302724993	7.38370430111295	7.08746285185839	7.23840474887935	6.10852447768679	6.55458886702546	6.56985562351721	7.434628235976
SIAH2	8.87958325267583	7.7210991955446	7.70735913898373	8.83289001732855	8.99435343968767	7.08746285185839	8.1497471245846	8.1649069317025	9.37068740898652	7.66533592429205	8.15987134182278	9.75321675085068	9.86108690754668	9.50977500630594	9.71424551938362	9.50382573998293	9.42416629091809	9.33091688035483	9.38370429463377	9.75988818488584	9.57553924872535	9.44914864743938	9.72280753287688	9.38801728749841	9.46352437531466	9.56414949189154	9.63662462235608	9.5526690994353	9.42836017479819	9.3553510986274	9.17492568499669	9.3553510986274	9.54109661728603	9.0251395650476	9.39016895835025	9.44086916968669	9.23361967915621	9.75154406076276	9.6420516947336	9.31741261602615	9.29691620917292	9.59618975800836	9.75988818488584	9.72109919041654	9.27844946054366	9.36632221643172	8.53527538050947	9.61102479915223	9.68123841353505	9.27146303023883	9.9439799158084	9.87498134919019	9.51963625480874	9.55458885359612	6.55458886702546	6.50779465605249	6.56985562351721	6.72792046817353	6.58496251574923	6.61470985883659	6.49185311235962	6.40939095311058	6.88264306158807	6.78135972664007	6.83289002681996	6.90689060763098	7.20945337537689	6.93073734938826	7.12928302724993	7.11894108310261	6.75488751552176	6.79441587934736	6.8201789751824	6.84549006348955	6.78135972664007	6.68650054118997	7.04439413028796	6.90689060763098	6.71424553140608	6.40939095311058	6.91886324919769	6.87036473191413	6.76818433801266	6.79441587934736	6.90689060763098	6.55458886702546	7.37503944003786	7.56224243185438	7.434628235976	7.59245704474318	7.88874325498558	7.56985561592408	7.6438561969882	7.42626476308986	7.08746285185839	7.08746285185839	7.04439413028796	7.07681560773746	6.96578429620365	7.12928302724993	6.94251451706847	7.02236782412611	6.89481777543143	7.13955136263067	7.16992501146103	7.03342301255039	6.89481777543143	6.98868469813197	7.13955136263067	7.15987134686717	6.8579810075646	6.53915882662088	6.84549006348955	6.84549006348955	6.96578429620365	6.78135972664007	7.11894108310261	6.78135972664007	7.15987134686717	7.08746285185839	7.16992501146103	7.33091688707546	7.18982456876149	6.94251451706847	7.27612441458195	7.38370430111295	7.55458885935155	7.31288296435791	7.29462075808077	7.32192810390421	7.27612441458195	7.28540222811029	6.84549006348955	6.80735493493881	7.05528244634852	6.75488751552176	7.04439413028796	6.88264306158807	6.84549006348955	6.93073734938826	6.8579810075646	6.90689060763098	6.84549006348955	6.8579810075646	6.8579810075646	6.79441587934736	6.8579810075646	6.68650054118997	9.49385545124179	9.33762190422233	9.31288295755274	6.2667865594312	6.72792046817353	8.27146303257329	7.27612441458195	8.15481811411419	6.93073734938826	8.19475685934612	6.2667865594312	6.72792046817353	8.27146303257329	7.27612441458195	8.15481811411419	6.93073734938826	8.19475685934612	7.03342301255039	6.78135972664007	7.6147098514759	7.81378119762902	10.0402897223958	10.512740463791	9.12928301952121	9.94251450680539	9.33315535254735	9.11374216865333	9.68650052893406	9.63117705752327	9.67595703470544	9.28771238185776	10.1586096894767	9.4676055521207	8.02790600209745	8.30378075274259	10.0334230029141	8.92777796504475	9.04712391484124	8.97727992636241	8.80089990315505	8.77148947280196	8.94836723450511	9.30833903241495	8.96578428754748	9.00842862487193	9.28077077245005
SPSB4	1.44269431942324e-06	1.00000144269432	1.00000144269432	1.00000144269432	1.00000144269432	1.00000144269432	1.00000144269432	1.00000144269432	1.00000144269432	1.00000144269432	1.00000144269432	1.00000144269432	1.44269431942324e-06	1.00000072134734	1.00000144269432	1.00000144269432	1.00000072134734	1.44269431942324e-06	1.58496298161942	1.00000144269432	1.44269431942324e-06	1.00000144269432	1.44269431942324e-06	1.44269431942324e-06	1.00000072134734	1.44269431942324e-06	2.00000036067372	1.00000072134734	1.44269431942324e-06	1.00000144269432	1.00000144269432	1.00000144269432	1.00000144269432	1.44269431942324e-06	1.58496298161942	1.58496298161942	2.00000036067372	1.00000144269432	1.00000072134734	1.00000072134734	1.00000144269432	1.00000144269432	1.00000072134734	1.00000144269432	1.58496298161942	1.44269431942324e-06	1.00000144269432	1.00000144269432	1.00000144269432	1.44269431942324e-06	1.00000072134734	2.00000036067372	1.00000072134734	1.44269431942324e-06	1.00000144269432	1.00000144269432	1.00000144269432	1.00000144269432	1.00000144269432	1.00000144269432	1.00000144269432	1.00000144269432	1.00000144269432	1.00000144269432	1.00000144269432	1.00000144269432	1.00000144269432	1.00000144269432	1.00000144269432	1.00000144269432	1.00000144269432	1.00000144269432	1.00000144269432	1.00000144269432	1.00000144269432	1.00000144269432	1.00000144269432	1.00000144269432	1.00000144269432	1.00000144269432	1.00000144269432	1.00000144269432	1.00000144269432	1.00000144269432	1.00000144269432	1.00000144269432	1.00000144269432	1.00000144269432	1.00000144269432	1.00000144269432	1.00000144269432	1.00000144269432	1.00000144269432	1.00000144269432	1.00000144269432	1.00000144269432	1.00000144269432	1.00000144269432	1.00000144269432	1.00000144269432	1.00000144269432	1.00000144269432	1.00000144269432	1.00000144269432	1.00000144269432	1.00000144269432	1.00000144269432	1.00000144269432	1.00000144269432	1.00000144269432	1.00000144269432	1.00000144269432	1.00000144269432	1.00000144269432	1.00000144269432	1.00000144269432	1.00000144269432	1.00000144269432	1.00000144269432	1.00000144269432	1.00000144269432	1.00000144269432	1.00000144269432	1.00000144269432	1.00000144269432	1.00000144269432	1.00000144269432	1.00000144269432	1.00000144269432	1.00000144269432	1.00000144269432	1.00000144269432	1.00000144269432	1.00000144269432	1.00000144269432	1.00000144269432	1.00000144269432	1.00000144269432	1.00000144269432	1.00000144269432	1.00000144269432	1.00000144269432	1.00000144269432	1.00000144269432	1.00000144269432	1.00000144269432	1.00000144269432	1.00000144269432	3.32192823915686	1.00000144269432	1.00000144269432	1.00000144269432	1.00000144269432	1.00000144269432	1.00000144269432	1.00000144269432	1.00000144269432	2.58496274117031	1.00000144269432	1.00000144269432	1.00000144269432	1.00000144269432	1.00000144269432	1.00000144269432	2.58496274117031	0	0	0	0	0	0	0	0	0	0	0	0	0	0	0	0	0	0	0	3.58496262094574	2.80735512815688	3.16992516174175	4.39231749147852	4.70043977362936	3.90689069178818	4.2479275893749	4.16992508159203	4.80735497358243	4.45943168421434
UBE3A	12.7673568543326	8.71080643714254	8.81378119442303	9.31967212320473	8.96866679607484	8.22400167902317	8.72109919212589	9.4178525169951	10.4072677653071	8.74483384086247	8.72109919212589	11.5854320520624	11.686938172108	11.3668685867134	11.425215903824	11.3679607101874	11.4024791727479	11.5574637020765	11.5840229407275	11.766528909013	11.4701504357829	11.8281364845909	11.4589192074801	11.4450148463859	11.5947911185557	11.4460494072336	11.6821167653891	11.4868350220657	11.1867332897478	11.6470086388915	11.4584066137492	11.5943246043914	11.8544788345612	11.8205778830546	12.0831468711492	11.7677706491904	11.6170082281113	11.9480021313428	11.9299980629788	11.8121773059156	11.8505775475963	11.8017083593206	11.9469062748218	11.9236988836664	12.2051823265342	12.0216740432053	11.8967108161045	12.2790301367399	11.9844184591572	11.7245138535463	11.5018371853998	11.3793783676128	12.0433691142995	11.6847486208599	7.07681560773746	6.88264306158807	6.8579810075646	6.98868469813197	7.22881870011385	7.20945337537689	7.11894108310261	6.8201789751824	7.51569984616762	7.32192810390421	7.27612441458195	7.46760555823382	7.46760555823382	7.44294350414008	7.49185310434465	7.42626476308986	7.247927522935	7.12928302724993	7.39231743136623	7.34872816308197	7.33091688707546	7.47573343907143	7.32192810390421	7.56985561592408	7.42626476308986	7.50779464812559	7.65105169835652	7.68650053418659	7.49185310434465	7.4512111200763	7.60733032114805	7.44294350414008	7.96000193786204	7.94251451120385	8.00562455480748	8.0112272610151	7.83289002049235	7.99435344251649	7.87651695270413	7.93073734347557	6.75488751552176	6.6582114970359	6.64385620420168	6.72792046817353	6.79441587934736	6.8201789751824	6.64385620420168	6.84549006348955	7.14974712966451	7.32192810390421	7.40087944481884	7.34872816308197	7.06608920122415	7.33091688707546	7.23840474887935	7.08746285185839	7.247927522935	7.06608920122415	7.12928302724993	7.05528244634852	7.15987134686717	7.25738785212203	7.13955136263067	6.93073734938826	7.69348696446887	7.70043972507713	7.73470962699905	7.56224243185438	7.58496250823519	7.6438561969882	7.14974712966451	7.29462075808077	6.95419632202151	7.20945337537689	7.38370430111295	7.23840474887935	7.08746285185839	7.21916853014468	7.32192810390421	7.25738785212203	7.33091688707546	7.17990909996456	7.44294350414008	7.17990909996456	7.36632222298942	7.32192810390421	6.74146699988428	6.67242535611556	6.58496251574923	6.64385620420168	6.8201789751824	6.72792046817353	6.56985562351721	6.70043973201316	7.4998458950539	8.62935662372278	6.75488751552176	5.61470987355796	6.32192811292105	9.72962074525233	9.05528243821302	9.7797193567847	6.53915882662088	7.51569984616762	5.61470987355796	6.32192811292105	9.72962074525233	9.05528243821302	9.7797193567847	6.53915882662088	7.51569984616762	6.30378076643907	6.78135972664007	8.00562455480748	7.65821148989385	11.5142209098514	11.6908710097287	11.4450148463859	11.7168194617586	11.3314768224195	11.4178525154132	11.8872206158492	11.8887432492787	11.6008421148518	11.8041310215868	12.1212097167331	11.7834075425828	10.0940776869918	11.1215335179876	11.7448338379199	10.0512089422745	9.85018683920882	9.96578428610478	9.96289600678285	10.1786648522512	9.91288933772653	10.0402897223958	9.89178370473694	10.0741414640908	10.0443941207246
USP2	1.44269431942324e-06	2.00000036067372	1.00000144269432	3.32192823915686	2.00000036067372	2.32192838342634	1.00000144269432	1.00000072134734	1.44269431942324e-06	2.58496274117031	1.00000144269432	2.32192838342634	3.16992516174175	2.80735512815688	2.32192838342634	1.58496298161942	2.00000036067372	3.00000018033687	2.00000036067372	4.00000009016844	3.70043982911763	4.16992508159203	4.16992508159203	3.45943174979139	3.45943174979139	3.58496262094574	3.32192823915686	4.2479275893749	4.16992508159203	3.45943174979139	3.00000018033687	3.00000018033687	3.16992516174175	1.58496298161942	2.80735512815688	2.32192838342634	3.16992516174175	3.90689069178818	3.90689069178818	3.80735502510725	4.39231749147852	3.80735502510725	3.70043982911763	2.58496274117031	3.00000018033687	3.32192823915686	1.58496298161942	3.45943174979139	3.58496262094574	3.58496262094574	4.80735497358243	4.75488755559662	3.90689069178818	4.16992508159203	1.00000144269432	1.00000144269432	1.00000144269432	1.00000144269432	1.00000144269432	1.00000144269432	1.00000144269432	1.00000072134734	1.00000144269432	1.00000144269432	1.00000144269432	1.00000144269432	1.00000144269432	1.00000144269432	1.44269431942324e-06	1.00000144269432	1.00000144269432	1.00000144269432	1.00000144269432	1.00000144269432	1.00000144269432	1.00000144269432	1.00000072134734	1.44269431942324e-06	1.00000144269432	1.00000144269432	1.00000144269432	1.00000144269432	1.44269431942324e-06	1.44269431942324e-06	1.00000144269432	1.00000144269432	1.00000144269432	1.44269431942324e-06	1.00000144269432	1.00000072134734	1.00000144269432	1.00000144269432	1.44269431942324e-06	1.00000144269432	1.00000072134734	1.00000144269432	1.44269431942324e-06	1.44269431942324e-06	1.00000144269432	1.00000144269432	1.00000144269432	1.44269431942324e-06	1.00000144269432	1.00000144269432	1.44269431942324e-06	1.00000144269432	1.00000144269432	1.00000144269432	1.44269431942324e-06	1.00000144269432	1.44269431942324e-06	1.00000144269432	1.00000144269432	1.00000144269432	1.00000144269432	1.44269431942324e-06	1.44269431942324e-06	1.44269431942324e-06	1.44269431942324e-06	1.00000144269432	1.00000144269432	1.58496298161942	1.00000144269432	1.44269431942324e-06	1.00000144269432	1.00000072134734	1.44269431942324e-06	1.44269431942324e-06	1.44269431942324e-06	1.00000144269432	1.44269431942324e-06	1.00000144269432	1.00000144269432	1.00000144269432	1.00000072134734	1.00000072134734	1.44269431942324e-06	1.44269431942324e-06	1.44269431942324e-06	1.44269431942324e-06	1.00000144269432	1.00000072134734	1.00000144269432	1.00000144269432	1.00000144269432	1.00000072134734	1.00000144269432	1.44269431942324e-06	1.00000144269432	4.58496256083345	3.90689069178818	1.00000144269432	5.67242537025963	4.45943168421434	1.00000144269432	2.32192838342634	1.00000144269432	1.00000144269432	1.00000144269432	5.67242537025963	4.45943168421434	1.00000144269432	2.32192838342634	1.00000144269432	1.00000144269432	4.16992508159203	4.2479275893749	4.45943168421434	4.39231749147852	6.53915882662088	7.52356196389775	6.22881870973181	7.26678655006305	7.29462075808077	7.65105169835652	7.53915881886446	7.68650053418659	8.03342300704392	7.6147098514759	7.98299358039666	7.90086681401713	6.42626477147762	5.00000004508422	8.05528244092486	4.45943168421434	4.52356201878288	4.39231749147852	5.45943165142582	5.83289003947518	3.70043982911763	4.32192816702211	4.90689064369835	4.80735497358243	5.20945340462071
USP7	13.7802321676215	10.6465587110545	10.3815429522661	11.1176431020384	10.7714894703259	9.84235034498537	10.6156296378876	11.0188956218169	11.1541852098983	10.5999128431167	10.6156296378876	12.0861362253591	12.0508689636308	11.8879821334391	11.8653466452035	11.8910241905294	11.8948177636868	12.1260591163934	12.0420013066212	12.2830883533135	12.099347810732	12.2983490159446	12.2455527065528	12.0539258818704	12.0437108636889	12.1199137857764	12.2064039142791	12.2030420558684	11.953832682509	11.9918760993576	11.8711351846282	12.0115767035256	12.2882893424694	12.3049216698668	12.4701504355286	12.2179576981669	12.0569763365168	12.367687756543	12.2559137496328	12.2076244685318	12.2781590317277	12.0734721543112	12.2720465246816	12.2629757015215	12.5793159378157	12.3885555042516	11.9876193122796	12.5919897678488	12.4051414634023	12.2112799477862	12.3227731767362	12.0126245392142	12.461479447542	12.0808175279414	8.64024493983812	8.68999797491265	8.66888498781095	8.58871463932952	8.61838550592959	8.52356195997738	8.57742883181244	8.67948010302422	9.134426322788	9.24079133454658	9.14465824538081	9.22400167661064	9.15734693788945	9.14465824538081	9.12153351993015	9.27379560154495	8.93663794194685	9.04712391484124	9.05528243821302	8.96866679607484	9.0251395650476	8.96289600822843	8.98299357754549	8.93663794194685	9.00842862487193	9.02236781580287	9.04165915437478	9.08480839046126	8.97441459267371	9.16741814834077	8.90388184874807	9.06069593438923	9.52552081105259	9.51372759792603	9.58496250259967	9.61470984595538	9.50183718689222	9.63843591580063	9.52552081105259	9.48179943368351	9.18982456135038	9.17492568499669	9.1873520756751	9.16490692918909	9.14974712204464	9.03066713900544	9.20212382627986	9.29462075118891	9.24317398585364	9.11113567284356	9.07146236523821	9.11894107531828	9.11634396383692	9.12153351993015	9.11634396383692	9.13185696318044	9.17492568499669	9.18487534538714	9.11113567284356	9.11374216865333	9.12928301952121	9.08480839046126	9.1873520756751	9.19967234728993	9.10852445939175	9.11634396383692	9.09803208559318	9.11634396383692	9.02790599933367	9.06608919314937	9.40087943841635	9.32867492957164	9.40301202570601	9.33985000511101	9.39874369407552	9.3728650622886	9.30149619726891	9.39660478332236	9.22158712368138	9.30606169170748	9.25974326604428	9.42836017479819	9.31061278393149	9.24317398585364	9.28308835533972	9.30378075045985	8.90689059861413	8.98868468961212	8.98013958049598	8.86108690909796	8.96866679607484	8.98868468961212	9.01122725821917	8.90388184874807	10.8572034722859	12.1500645793989	10.485829309708	10.1786648522512	10.0375469553349	12.2375087484714	10.8169836240551	11.6054795185247	10.7895336457854	11.5279656416225	10.1786648522512	10.0375469553349	12.2375087484714	10.8169836240551	11.6054795185247	10.7895336457854	11.5279656416225	7.89481776936969	8.01680829325681	9.38154295334755	8.98584193984889	12.5667675962707	12.4729446340334	12.5565060549114	12.4865836593187	12.3387363828524	12.4622466345	12.8289298278498	12.7609278138277	12.6655579900685	12.9666856875838	13.0105281060613	12.8933015310502	11.287135186664	11.7034710465045	12.5471355320719	12.172427508958	12.2179576981669	12.1808415658774	12.1904420190915	12.1283166032258	12.2573878429873	12.1938333328545	12.2112799477862	12.2974895014476	11.9425145057058
USP9X	14.970510378296	9.85953478793561	9.84077792516833	10.5774288289799	9.94251450680539	9.25266543481532	10.1098306555844	10.4408691686488	10.9329528929327	9.96722626027725	9.97584796943945	13.297919322562	13.2489652637559	13.1619191655847	13.2563561356616	12.5889488205488	12.6084858567263	12.8614746753196	12.9592775059017	13.4560976850926	13.1932173228531	13.4456615334625	13.2452555804551	13.0734721541438	13.1001695312942	13.0019359132995	13.2068617429897	12.9044464646939	12.6704349601237	13.5357613781081	13.4347585230971	13.5639112447008	13.7867801174912	13.6374173413712	13.8842659323874	13.7127419271832	13.462118798207	13.2977760630374	13.2068617429897	13.1634924427752	13.0944076332462	13.2585660340371	13.506059588952	13.4004792251113	13.7287708496489	13.6188443018813	13.2471858061874	13.8079586023571	13.0228879219766	12.7355560241231	13.0539258817008	12.8717127630277	12.9594586465938	12.7972562177125	8.46760555415841	8.37937837140368	8.37068741116581	8.48381578129413	8.51175265771997	8.61838550592959	8.59991284590541	8.51175265771997	8.74483384086247	8.72109919212589	8.83289001732855	8.68650053068491	8.67595703646912	8.82654849046866	8.70735913553231	8.63662462416851	8.82017896560699	8.62205182311804	8.66888498781095	8.78135971680351	8.91886324025537	8.84235034655693	8.71767642649323	8.83920379124693	8.73470962361245	8.82654849046866	8.88569637638949	8.77807713282168	8.78463484882894	8.75488750550304	8.96866679607484	8.96578428754748	9.40726776636947	9.43045255375639	9.46147944933253	9.37068740898652	9.45943162068658	9.54303182218915	9.57742882992409	9.4676055521207	8.72451385653058	8.72792045796578	8.62570884671686	8.55458885551459	8.69696752971066	8.56985561212751	8.60733031744883	8.75154406243642	8.87651694963456	8.81378119442303	8.96866679607484	9.0251395650476	8.81698362645426	8.83289001732855	8.98013958049598	8.87651694963456	8.66533592073861	8.75822321805858	8.56605404197767	8.72792045796578	8.59991284590541	8.72109919212589	8.59245704100563	8.76818432808586	8.87651694963456	8.92777796504475	8.84862294355883	8.9971794837609	8.90989308676941	8.89784545903003	8.82654849046866	8.87036472266609	8.56985561212751	8.774787062895	8.86108690909796	8.80089990315505	8.80089990315505	8.70735913553231	9.0251395650476	8.85486838637621	8.84549005408067	8.86727874279895	9.068778280672	8.72109919212589	8.82017896560699	8.93369065790253	8.27146303257329	8.33539035916047	8.27146303257329	8.37503943569239	8.51175265771997	8.38801728965169	8.41362793325495	8.1649069317025	9.28077077245005	11.4537850560105	8.73809226299917	8.26678654537898	7.30378075730808	10.7780771303569	10.3619437748315	10.7548875029984	8.55458885551459	9.07146236523821	8.26678654537898	7.30378075730808	10.7780771303569	10.3619437748315	10.7548875029984	8.55458885551459	9.07146236523821	8.61102480099711	8.56605404197767	9.56414949189154	9.37937836923747	13.6995724533957	14.0170693696698	13.7075748300348	13.6307221622176	13.4229845591571	13.6234242899842	13.9704654408699	13.7092992528199	13.6060581469265	13.7996863614324	13.6737507395485	14.0517187572631	12.0495082513954	12.0310119077824	13.4413880294764	11.9982378222407	11.9610878903592	11.8814963851925	11.8872206158492	12.3267103586278	12.3534225438904	11.9776376907636	11.8742129352152	11.8955752827593	11.4933551219953
